Thời gian,ID Gói,Điện Áp (V),Loại Khung,Tỷ lệ mất gói RX (%),Băng thông (Bps),Trễ RX (us)
21/06/2026 20:43:25,5243,1.595,HUF,0,22.78057,798
21/06/2026 20:43:29,5248,1.595,HUF,0,19.13457,798
21/06/2026 20:43:35,5253,1.594,HUF,0,18.27255,798
21/06/2026 20:43:42,5261,1.593806,HUF,9.090909,16.15355,798
21/06/2026 20:43:48,5266,1.594744,HUF,7.407407,16.28602,798
21/06/2026 20:43:52,5271,1.593588,HUF,6.25,16.40504,798
21/06/2026 20:43:59,5278,1.593,GOC,7.692308,16.04741,798
21/06/2026 20:44:03,5282,1.593,HUF,9.302325,15.73066,798
21/06/2026 20:44:07,5285,1.595,HUF,10.86957,15.43094,798
21/06/2026 20:44:12,5291,1.592244,HUF,11.53846,15.27791,798
21/06/2026 20:44:15,5294,1.596,HUF,12.72727,15.05424,798
21/06/2026 20:44:20,5298,1.606,HUF,13.55932,14.89307,798
21/06/2026 20:44:24,5302,1.616,HUF,15.87302,14.48064,798
21/06/2026 20:44:28,5306,1.591431,HUF,16.41791,14.36699,798
21/06/2026 20:44:33,5309,1.589,HUF,17.14286,14.23169,798
21/06/2026 20:44:38,5316,1.59015,HUF,20.77922,13.59269,798
21/06/2026 20:44:42,5321,1.591213,HUF,20.73171,13.59063,798
21/06/2026 20:44:46,5325,1.593,HUF,20.93023,13.54947,798
21/06/2026 20:44:50,5325,1.593,HUF,20.93023,13.54947,798
21/06/2026 20:44:57,5335,1.588,HUF,26.04167,12.65902,798
21/06/2026 20:45:02,5340,1.585,HUF,25.74257,12.70287,798
21/06/2026 20:45:06,5340,1.585,HUF,25.74257,12.70287,798
21/06/2026 20:45:10,5348,1.587,GOC,28.44037,12.23304,798
21/06/2026 20:45:16,5353,1.592,GOC,28.94737,12.14125,798
21/06/2026 20:45:21,5359,1.594,GOC,30,11.95399,798
21/06/2026 20:45:25,5362,1.589,GOC,30.0813,11.93674,798
21/06/2026 20:45:29,5367,1.584,HUF,31.25,11.73333,798
21/06/2026 20:45:34,5372,1.587,HUF,30.07519,11.93027,798
21/06/2026 20:45:38,5376,1.587556,HUF,29.92701,11.95456,798
21/06/2026 20:45:42,5381,1.584806,HUF,29.57746,12.01057,6355
21/06/2026 20:45:46,5384,1.588,HUF,29.65517,11.99593,6355
21/06/2026 20:45:52,5389,1.593,GOC,29.33333,12.04779,6355
21/06/2026 20:45:56,5395,1.597,HUF,28.84615,12.12694,6355
21/06/2026 20:46:01,5399,1.587,GOC,28.125,12.24654,6355
21/06/2026 20:46:05,5404,1.58,GOC,27.87879,12.28906,6355
21/06/2026 20:46:09,5408,1.582,HUF,27.21894,12.39816,6355
21/06/2026 20:46:14,5412,1.583,HUF,26.5896,12.50507,6355
21/06/2026 20:46:18,5416,1.582119,HUF,26.55367,12.50863,6355
21/06/2026 20:46:22,5420,1.58,HUF,26.51934,12.5137,6355
21/06/2026 20:46:26,5424,1.578,GOC,26.48649,12.51638,6355
21/06/2026 20:46:30,5428,1.582,GOC,25.92593,12.61041,6355
21/06/2026 20:46:34,5432,1.58,HUF,25.3886,12.70177,6355
21/06/2026 20:46:38,5436,1.580306,HUF,25.38071,12.70101,6355
21/06/2026 20:46:43,5440,1.584,HUF,25.37313,12.7011,6355
21/06/2026 20:46:47,5445,1.578,HUF,24.75728,12.80481,16752
21/06/2026 20:46:50,5449,1.57,HUF,24.76191,12.80236,16752
21/06/2026 20:46:56,5454,1.578,HUF,25.11628,12.73805,16752
21/06/2026 20:47:00,5457,1.577,HUF,24.77064,12.79833,16752
21/06/2026 20:47:04,5462,1.577,HUF,24.21525,12.89173,16752
21/06/2026 20:47:09,5467,1.579,HUF,23.68421,12.98052,16752
21/06/2026 20:47:13,5471,1.576962,HUF,23.27586,13.04884,16752
21/06/2026 20:47:18,5475,1.58,HUF,23.72881,12.97055,16752
21/06/2026 20:47:22,5480,1.588,HUF,23.65145,12.98178,16752
21/06/2026 20:47:27,5485,1.577,HUF,23.17073,13.06283,16752
21/06/2026 20:47:32,5489,1.576,GOC,23.2,13.05621,16752
21/06/2026 20:47:36,5493,1.575,GOC,23.62205,12.98476,16752
21/06/2026 20:47:40,5498,1.576,GOC,23.93822,12.9301,16752
21/06/2026 20:47:45,5502,1.576,HUF,24.3346,12.86263,16752
21/06/2026 20:47:49,5507,1.583,HUF,24.62687,12.81162,16752
21/06/2026 20:47:54,5511,1.574431,HUF,24.26471,12.87197,16752
21/06/2026 20:47:58,5516,1.575556,HUF,24.18773,12.88292,16752
21/06/2026 20:48:02,5516,1.575556,GOC,24.18773,12.88292,16752
21/06/2026 20:48:11,5529,1.574,GOC,26.2069,12.53869,16752
21/06/2026 20:48:16,5534,1.573,GOC,25.76271,12.61444,16752
21/06/2026 20:48:20,5538,1.577,HUF,25.75251,12.61503,16752
21/06/2026 20:48:25,5543,1.573,HUF,25.32895,12.6869,16752
21/06/2026 20:48:29,5547,1.572,HUF,25.32467,12.68706,16752
21/06/2026 20:48:34,5552,1.574,HUF,25.23962,12.70082,16752
21/06/2026 20:48:38,5555,1.576,HUF,25.31646,12.68673,16752
21/06/2026 20:48:43,5560,1.584,HUF,25.23364,12.70047,16752
21/06/2026 20:48:47,5565,1.578,HUF,25.15337,12.71347,16752
21/06/2026 20:48:52,5570,1.585,HUF,25.37764,12.67508,16752
21/06/2026 20:48:56,5573,1.57,GOC,25.1497,12.71321,16752
21/06/2026 20:49:01,5575,1.57,HUF,25.29762,12.6874,16752
21/06/2026 20:52:49,5806,1.5529,HUF,55.37919,7.568386,16752
21/06/2026 20:52:54,5806,1.5529,GOC,55.37919,7.568386,16752
21/06/2026 20:54:30,5903,1.554,HUF,61.59639,6.512441,16752
21/06/2026 20:54:34,5908,1.551,HUF,61.73393,6.48942,16752
21/06/2026 20:55:01,5935,1.542,HUF,62.93104,6.28573,16752
21/06/2026 20:55:05,5935,1.542,HUF,62.93104,6.28573,16752
21/06/2026 20:55:23,5959,1.539,GOC,63.88889,6.123317,16752
21/06/2026 20:55:28,5963,1.54,HUF,63.95028,6.112639,16752
21/06/2026 20:55:33,5968,1.543,HUF,63.78601,6.140619,16752
21/06/2026 20:55:37,5973,1.548,HUF,63.89646,6.121731,16752
21/06/2026 20:55:41,5973,1.548,HUF,63.89646,6.121731,16752
21/06/2026 20:55:56,5989,1.557,HUF,64.4,6.035985,16752
21/06/2026 20:56:01,5996,1.540337,HUF,64.33289,6.047184,16752
21/06/2026 20:56:05,5996,1.540337,GOC,64.33289,6.047184,16752
21/06/2026 20:57:19,6074,3.82,GOC,67.18563,5.562987,16752
21/06/2026 20:57:23,6079,3.822,GOC,66.78572,5.630943,16752
21/06/2026 20:57:28,6084,3.819,HUF,66.50888,5.677802,16752
21/06/2026 20:57:33,6088,3.816,GOC,66.19553,5.730898,16752
21/06/2026 20:57:37,6093,3.814,HUF,65.92506,5.776439,16752
21/06/2026 20:57:41,6097,3.814,HUF,65.85081,5.789114,16752
21/06/2026 20:57:46,6101,3.811437,HUF,65.66125,5.821298,16752
21/06/2026 20:57:49,6105,3.812,GOC,65.35796,5.872748,16752
21/06/2026 20:57:53,6108,3.811,GOC,65.13234,5.911001,16752
21/06/2026 20:57:57,6112,3.81,HUF,64.94845,5.942134,16752
21/06/2026 20:58:01,6116,3.809719,HUF,64.65222,5.9923,16752
21/06/2026 20:58:06,6121,3.808312,HUF,64.39909,6.035192,16752
21/06/2026 20:58:10,6124,3.805,GOC,64.29379,6.052964,16752
21/06/2026 20:58:14,6130,3.807,HUF,64.0853,6.088246,16752
21/06/2026 20:58:23,6138,3.806,GOC,63.51502,6.184828,16752
21/06/2026 20:58:27,6142,3.806,HUF,63.23367,6.232587,16752
21/06/2026 20:58:32,6147,3.808,HUF,63.10573,6.254084,16752
21/06/2026 20:58:36,6148,3.809,HUF,63.0363,6.266016,16752
21/06/2026 20:58:41,6155,3.814,HUF,63.10044,6.254912,16752
21/06/2026 20:58:45,6155,3.814,HUF,63.10044,6.254912,16752
21/06/2026 20:58:54,6169,4.243,GOC,63.44086,6.197268,16752
21/06/2026 20:58:59,6172,4.218,HUF,63.45123,6.195422,16752
21/06/2026 20:59:04,6172,4.218,HUF,63.45123,6.195422,16752
21/06/2026 20:59:16,6191,4.788281,GOC,63.97059,6.107192,16752
21/06/2026 20:59:21,6192,4.784,HUF,63.90346,6.118633,16752
21/06/2026 20:59:50,6221,4.955781,GOC,64.86761,5.954986,16752
21/06/2026 20:59:58,6230,4.945,HUF,65.08578,5.917886,16752
21/06/2026 21:00:07,6241,4.938469,HUF,65.16966,5.903706,16752
21/06/2026 21:00:12,6241,4.938469,GOC,65.16966,5.903706,16752
21/06/2026 21:00:21,6255,4.898,HUF,65.45275,5.855655,16752
21/06/2026 21:00:25,6255,4.898,HUF,65.45275,5.855655,16752
21/06/2026 21:00:41,6273,4.87,HUF,65.95744,5.769752,16752
21/06/2026 21:00:53,6284,4.893,HUF,66.22009,5.725019,16752
21/06/2026 21:04:26,6495,0.001,HUF,0,0,16752
21/06/2026 21:04:37,6507,0.006,HUF,84.61539,2.819237,16752
21/06/2026 21:04:51,6522,0.002,HUF,89.28571,1.87963,16752
21/06/2026 21:04:57,6528,0.123,HUF,88.2353,2.052273,16752
21/06/2026 21:05:24,6554,0.345,HUF,90,1.72149,16752
21/06/2026 21:05:30,6562,0.446,HUF,89.70589,1.768044,16752
21/06/2026 21:05:34,6568,0.524,HUF,89.18919,1.854933,16752
21/06/2026 21:05:38,6568,0.524,HUF,89.18919,1.854933,16752
21/06/2026 21:13:43,3,4.955,GOC,0,25.41106,1404
21/06/2026 21:13:50,8,4.949,HUF,0,12.8508,3323
21/06/2026 21:13:54,12,4.961,HUF,0,13.97069,792
21/06/2026 21:14:00,18,4.961,HUF,0,14.8378,791
21/06/2026 21:14:04,22,4.965,HUF,0,15.1798,813
21/06/2026 21:14:09,27,4.971,HUF,0,15.47382,782
21/06/2026 21:14:14,32,4.958,HUF,0,15.68582,790
21/06/2026 21:14:18,37,4.962,HUF,0,15.84503,780
21/06/2026 21:14:22,41,4.967469,HUF,0,15.94491,817
21/06/2026 21:14:27,45,4.953,HUF,0,16.02665,1533
21/06/2026 21:14:31,49,4.956,GOC,0,16.09786,791
21/06/2026 21:14:35,53,4.954,HUF,0,16.15825,775
21/06/2026 21:14:39,57,4.963,HUF,0,16.21025,778
21/06/2026 21:14:43,61,4.977375,HUF,0,16.25596,790
21/06/2026 21:14:50,68,4.949,HUF,0,16.32307,790
21/06/2026 21:14:55,73,4.961,HUF,0,16.3634,2109
21/06/2026 21:14:59,77,4.961,HUF,0,16.3918,783
21/06/2026 21:15:03,81,4.975563,HUF,0,16.41788,794
21/06/2026 21:15:08,86,4.963844,HUF,0,16.44674,780
21/06/2026 21:15:12,90,4.952,HUF,0,16.46791,788
21/06/2026 21:15:16,93,4.948,GOC,0,16.48248,777
21/06/2026 21:15:20,98,4.96,HUF,0,16.50273,782
21/06/2026 21:15:25,103,4.964,HUF,0,16.5251,2141
21/06/2026 21:15:28,106,4.967156,HUF,0,16.53636,777
21/06/2026 21:15:33,111,4.995844,HUF,0,16.55379,2246
21/06/2026 21:15:38,115,4.962,HUF,0,16.56667,792
21/06/2026 21:15:42,120,4.975,HUF,0,16.58159,930
21/06/2026 21:15:46,124,4.955,GOC,0,16.59268,1005
21/06/2026 21:15:51,129,4.984,GOC,0,16.60559,797
21/06/2026 21:15:55,133,4.958,HUF,0,16.61523,841
21/06/2026 21:15:59,136,4.954594,HUF,0,16.62209,793
21/06/2026 21:16:03,140,4.937,HUF,0,16.63091,787
21/06/2026 21:16:07,145,4.969,HUF,0,16.64112,796
21/06/2026 21:16:11,148,4.971,GOC,0,16.64693,781
21/06/2026 21:16:14,152,4.981,HUF,0,16.65431,789
21/06/2026 21:16:18,156,4.989219,HUF,0,16.66133,808
21/06/2026 21:16:23,160,4.941,HUF,0,16.668,788
21/06/2026 21:16:27,164,4.96,HUF,0,16.67434,1268
21/06/2026 21:16:30,168,4.967,HUF,0,16.6801,2269
21/06/2026 21:16:35,172,4.973,HUF,0,16.68597,2520
21/06/2026 21:16:39,176,4.97,HUF,0,16.69168,1238
21/06/2026 21:16:43,180,4.972,HUF,0,16.69695,2156
21/06/2026 21:16:47,185,4.969,HUF,0,16.70322,786
21/06/2026 21:16:52,189,4.959,GOC,0,16.70801,849
21/06/2026 21:16:57,195,4.978,GOC,0,16.71482,798
21/06/2026 21:17:03,200,4.965,HUF,0,16.72019,782
21/06/2026 21:17:07,205,4.957,HUF,0,16.7253,2391
21/06/2026 21:17:12,3,4.981,GOC,0,16.75469,1491
21/06/2026 21:17:20,3,4.981,HUF,0,16.75469,1491
21/06/2026 21:17:38,3,4.943,GOC,0,15.15005,782
21/06/2026 21:17:42,5,4.949,HUF,0,14.94395,787
21/06/2026 21:17:51,12,4.963,HUF,0,14.99974,1638
21/06/2026 21:17:59,21,4.942781,HUF,0,15.06697,789
21/06/2026 21:18:03,25,4.94,HUF,0,15.09546,790
21/06/2026 21:18:07,30,1.368494,GOC,0,15.12979,2338
21/06/2026 21:18:12,34,0.871,GOC,0,15.15635,785
21/06/2026 21:18:16,38,1.187494,GOC,0,15.18214,779
21/06/2026 21:18:20,42,4.963,GOC,0,15.20713,10095
21/06/2026 21:18:27,49,4.894,GOC,0,15.24934,796
21/06/2026 21:18:32,54,4.925,GOC,0,15.27821,782
21/06/2026 21:18:37,59,4.976,GOC,0,15.30616,4853
21/06/2026 21:18:41,63,4.96,HUF,0,15.3278,1102
21/06/2026 21:18:46,68,4.966,HUF,0,15.35407,950
21/06/2026 21:18:51,73,4.944,HUF,0,15.37943,782
21/06/2026 21:18:57,79,4.963,HUF,0,15.40892,793
21/06/2026 21:19:03,85,4.956,GOC,0,15.43727,796
21/06/2026 21:19:08,90,4.953,HUF,0,15.46009,1092
21/06/2026 21:19:13,95,4.956,HUF,0,15.48219,788
21/06/2026 21:19:17,99,4.963,HUF,0,15.49929,3822
21/06/2026 21:19:23,105,4.953,HUF,0,15.52457,1007
21/06/2026 21:19:28,3,4.945,HUF,0,15.52664,2262
21/06/2026 21:19:38,3,4.945,HUF,0,15.52664,2262
21/06/2026 21:19:53,3,2.479,GOC,0,14.58723,784
21/06/2026 21:19:59,6,2.474422,HUF,0,14.46858,1239
21/06/2026 21:20:04,11,2.474016,HUF,0,14.50074,790
21/06/2026 21:20:10,17,2.472,HUF,0,14.53825,1463
21/06/2026 21:20:21,28,2.468,HUF,0,14.60412,834
21/06/2026 21:20:27,34,2.475,HUF,0,14.63853,800
21/06/2026 21:20:34,41,2.473375,HUF,0,14.6774,1944
21/06/2026 21:20:39,46,2.48725,HUF,0,14.70438,802
21/06/2026 21:20:44,51,2.478656,HUF,0,14.73071,804
21/06/2026 21:20:49,56,2.471641,HUF,0,14.75643,793
21/06/2026 21:20:54,61,2.474031,HUF,0,14.78156,783
21/06/2026 21:21:02,3,2.476,HUF,0,14.80662,791
21/06/2026 21:21:07,3,2.476,HUF,0,14.80662,791
21/06/2026 21:21:30,3,2.466,GOC,0,14.09775,793
21/06/2026 21:21:36,8,2.466,HUF,0,14.02243,806
21/06/2026 21:21:41,13,2.45,HUF,0,14.05277,799
21/06/2026 21:21:48,21,2.477625,HUF,0,14.10002,793
21/06/2026 21:21:54,26,2.466078,HUF,0,14.12877,1202
21/06/2026 21:21:59,32,2.468,HUF,0,14.16251,793
21/06/2026 21:22:05,37,2.484,HUF,0,14.19001,787
21/06/2026 21:22:09,42,2.468,HUF,0,14.21697,784
21/06/2026 21:22:15,47,2.465,HUF,0,14.24341,793
21/06/2026 21:22:20,51,2.476406,HUF,0,14.26419,787
21/06/2026 21:22:24,57,2.488,HUF,0,14.29468,1321
21/06/2026 21:22:29,61,2.472828,HUF,0,14.31479,794
21/06/2026 21:22:33,65,2.471,HUF,0,14.33449,1116
21/06/2026 21:22:37,69,2.47,GOC,0,14.35389,943
21/06/2026 21:22:47,78,2.521,GOC,0,14.3965,800
21/06/2026 21:22:52,84,2.471,HUF,0,14.42414,1582
21/06/2026 21:22:57,90,2.465,GOC,0,14.45118,1541
21/06/2026 21:23:02,94,2.482,GOC,0,14.46888,846
21/06/2026 21:23:07,99,2.469,GOC,0,14.49058,1208
21/06/2026 21:23:11,103,2.472,GOC,0,14.50778,1790
21/06/2026 21:23:16,108,2.497,HUF,0,14.52888,800
21/06/2026 21:23:21,113,2.469,HUF,0,14.54964,796
21/06/2026 21:23:26,118,2.473,HUF,0,14.57002,785
21/06/2026 21:23:30,122,2.465,HUF,0,14.58608,1572
21/06/2026 21:23:35,127,2.487,HUF,0,14.60587,785
21/06/2026 21:23:40,132,2.444,HUF,0,14.62527,790
21/06/2026 21:23:45,136,2.449687,HUF,0,14.64061,1642
21/06/2026 21:23:49,141,2.476281,GOC,0,14.65945,1638
21/06/2026 21:23:53,145,2.482,HUF,0,14.67434,4330
21/06/2026 21:23:57,149,2.476,GOC,0,14.68887,791
21/06/2026 21:24:02,154,2.475,GOC,0,14.70702,1097
21/06/2026 21:24:07,159,2.473,GOC,0,14.72471,786
21/06/2026 21:24:11,163,2.473,HUF,0,14.7389,1546
21/06/2026 21:24:15,167,2.471,HUF,0,14.75274,2319
21/06/2026 21:24:21,173,2.468,HUF,0,14.77319,801
21/06/2026 21:24:26,178,2.465,HUF,0,14.78994,920
21/06/2026 21:24:30,182,2.473,HUF,0,14.80315,805
21/06/2026 21:24:34,186,2.469031,HUF,0,14.81621,3577
21/06/2026 21:24:38,190,2.474,HUF,0,14.8291,803
21/06/2026 21:24:43,194,2.465,GOC,0,14.84183,1152
21/06/2026 21:24:47,199,2.469,HUF,0,14.85754,1547
21/06/2026 21:24:52,204,2.477,GOC,0,14.87301,877
21/06/2026 21:24:56,208,2.493,GOC,0,14.88522,784
21/06/2026 21:25:02,213,2.473,HUF,0,14.9003,792
21/06/2026 21:25:06,218,2.473,HUF,0,14.9151,786
21/06/2026 21:25:11,223,2.47,HUF,0,14.92977,1095
21/06/2026 21:25:16,228,2.475,HUF,0,14.94419,792
21/06/2026 21:25:20,232,2.476,HUF,0,14.95557,1030
21/06/2026 21:25:25,237,2.471,HUF,0,14.96962,796
21/06/2026 21:25:29,240,2.467,HUF,0,14.97795,801
21/06/2026 21:25:38,248,2.47,HUF,0,14.99983,1806
21/06/2026 21:25:46,258,2.476,HUF,0,15.0265,832
21/06/2026 21:25:52,263,2.472,HUF,0,15.03954,795
21/06/2026 21:25:57,269,2.479,HUF,0,15.055,1011
21/06/2026 21:26:03,274,2.482,GOC,0,15.06768,789
21/06/2026 21:26:08,279,2.476,HUF,0,15.08018,1359
21/06/2026 21:26:12,283,2.481,GOC,0,15.09009,5182
21/06/2026 21:26:16,288,2.468,HUF,0,15.10225,5437
21/06/2026 21:26:21,292,2.466,HUF,0,15.11193,803
21/06/2026 21:26:25,296,2.469344,HUF,0,15.12149,2708
21/06/2026 21:26:29,301,2.495016,HUF,0,15.13329,915
21/06/2026 21:26:34,305,2.485,HUF,0,15.14262,796
21/06/2026 21:26:39,310,2.476,GOC,0,15.15414,804
21/06/2026 21:26:44,316,2.471781,HUF,0,15.16777,2254
21/06/2026 21:26:50,321,2.480453,HUF,0,15.17894,797
21/06/2026 21:26:55,326,2.471672,HUF,0,15.18996,1161
21/06/2026 21:26:59,330,2.483,HUF,0,15.19878,831
21/06/2026 21:27:04,335,2.476,HUF,0,15.2096,2763
21/06/2026 21:27:08,339,2.479,HUF,0,15.21811,786
21/06/2026 21:27:12,344,2.47,GOC,0,15.22873,804
21/06/2026 21:27:16,347,2.472,HUF,0,15.23501,783
21/06/2026 21:27:21,352,2.471,HUF,0,15.24536,824
21/06/2026 21:27:29,360,2.473,HUF,0,15.26168,901
21/06/2026 21:27:33,364,2.477,GOC,0,15.26975,795
21/06/2026 21:27:38,369,0.072,GOC,0,15.27968,871
21/06/2026 21:27:41,372,2.247,GOC,0,15.28555,3525
21/06/2026 21:27:46,377,2.414,HUF,0,15.29539,803
21/06/2026 21:27:50,381,2.493141,HUF,0,15.30311,1497
21/06/2026 21:27:55,386,2.489875,HUF,0,15.31267,803
21/06/2026 21:28:00,390,2.486,HUF,0,15.32023,784
21/06/2026 21:28:04,395,2.488,HUF,0,15.32953,1859
21/06/2026 21:28:10,400,2.473,HUF,0,15.33883,796
21/06/2026 21:28:14,405,2.475,HUF,0,15.34797,784
21/06/2026 21:28:19,410,2.471,HUF,0,15.35701,1309
21/06/2026 21:28:24,414,2.482,GOC,0,15.36412,790
21/06/2026 21:28:28,419,2.477,GOC,0,15.37302,1379
21/06/2026 21:28:32,423,2.473,GOC,0,15.38003,2670
21/06/2026 21:28:37,428,2.473,HUF,0,15.38871,803
21/06/2026 21:28:41,432,2.476,HUF,0,15.3956,1376
21/06/2026 21:28:45,436,2.469125,HUF,0,15.40241,1238
21/06/2026 21:28:52,442,2.471,HUF,0,15.41251,802
21/06/2026 21:28:56,447,2.473,HUF,0,15.4208,815
21/06/2026 21:29:00,451,2.476469,HUF,0,15.42742,1236
21/06/2026 21:29:04,455,2.479,HUF,0,15.43395,1678
21/06/2026 21:29:08,459,2.486,GOC,0,15.44042,1017
21/06/2026 21:29:12,463,2.473,HUF,0,15.44683,3593
21/06/2026 21:29:16,467,2.486,HUF,0,15.45318,4312
21/06/2026 21:29:21,471,2.483953,HUF,0,15.45952,1639
21/06/2026 21:29:25,475,2.474,HUF,0,15.46578,1122
21/06/2026 21:29:29,479,2.473,HUF,0,15.47196,1029
21/06/2026 21:29:34,484,2.482,GOC,0,15.4796,791
21/06/2026 21:29:42,492,2.472,HUF,0,15.49179,2180
21/06/2026 21:29:50,500,2.474,HUF,0,15.50372,804
21/06/2026 21:29:55,505,2.48,HUF,0,15.51103,923
21/06/2026 21:29:59,509,2.477,HUF,0,15.51682,3040
21/06/2026 21:30:03,514,2.478,GOC,0,15.52412,1468
21/06/2026 21:30:08,518,2.472,GOC,0,15.52984,3272
21/06/2026 21:30:12,522,2.468,HUF,0,15.53552,806
21/06/2026 21:30:16,527,2.483,HUF,0,15.54253,795
21/06/2026 21:30:21,531,2.478688,HUF,0,15.54812,787
21/06/2026 21:30:31,541,0.018262,HUF,0,15.56186,791
21/06/2026 21:30:35,545,0.018,HUF,0,15.56723,853
21/06/2026 21:30:39,550,0.018,HUF,0,15.57393,835
21/06/2026 21:30:44,554,0.018,GOC,0,15.57931,2476
21/06/2026 21:30:49,559,0.035,GOC,0,15.58588,917
21/06/2026 21:30:53,3,0.018,HUF,0,15.58826,792
21/06/2026 21:30:57,3,0.018,HUF,0,15.58826,792
21/06/2026 21:31:21,3,0.034,GOC,0,15.23743,1120
21/06/2026 21:31:25,4,0.034,HUF,0,15.19543,1244
21/06/2026 21:31:30,8,0.034,GOC,0,15.18302,2821
21/06/2026 21:31:34,3,0.034,GOC,0,15.17313,1037
21/06/2026 21:31:38,6,0.0344,HUF,0,15.16406,1329
21/06/2026 21:31:42,4,0.034,GOC,0,15.15558,822
21/06/2026 21:31:48,8,0.034,HUF,0,15.14589,796
21/06/2026 21:31:53,11,0.0344,HUF,0,15.13856,1107
21/06/2026 21:31:58,15,0.034,HUF,0,15.12874,968
21/06/2026 21:32:02,19,0.034,HUF,0,15.11902,7956
21/06/2026 21:32:08,24,0.034,HUF,0,15.11103,1925
21/06/2026 21:32:13,28,0.034,HUF,0,15.10551,801
21/06/2026 21:32:17,31,0.0344,HUF,0,15.09839,1150
21/06/2026 21:32:22,34,0.034,HUF,0,15.09133,830
21/06/2026 21:32:26,2,0.034,GOC,0,15.07991,925
21/06/2026 21:32:30,3,0.034,HUF,0,15.07714,791
21/06/2026 21:32:55,3,4.942,GOC,0,14.79177,787
21/06/2026 21:32:59,5,4.942,HUF,0,14.74998,796
21/06/2026 21:33:04,10,4.943,HUF,0,14.75939,803
21/06/2026 21:33:09,15,4.943,HUF,0,14.76872,775
21/06/2026 21:33:13,19,4.943,HUF,0,14.77612,1153
21/06/2026 21:33:18,24,4.942,GOC,0,14.78531,1362
21/06/2026 21:33:22,28,4.943,GOC,0,14.7926,1575
21/06/2026 21:33:26,32,4.943,HUF,0,14.79984,1808
21/06/2026 21:33:30,37,4.943,HUF,0,14.80882,815
21/06/2026 21:33:35,41,4.941832,HUF,0,14.81595,786
21/06/2026 21:33:39,45,4.942,HUF,0,14.82305,835
21/06/2026 21:33:44,50,4.943,HUF,0,14.83183,796
21/06/2026 21:33:49,55,4.944,HUF,0,14.84055,1432
21/06/2026 21:33:53,59,4.944,HUF,0,14.84742,1824
21/06/2026 21:33:57,63,4.944,GOC,0,14.85436,1167
21/06/2026 21:34:02,68,4.943,HUF,0,14.86287,9636
21/06/2026 21:34:08,74,4.944,HUF,0,14.87303,2022
21/06/2026 21:34:13,78,4.943,HUF,0,14.87974,2569
21/06/2026 21:34:18,84,4.943,GOC,0,14.88972,800
21/06/2026 21:34:22,88,4.943,HUF,0,14.8963,800
21/06/2026 21:34:28,3,4.94,HUF,0,14.91131,792
21/06/2026 21:34:32,3,4.94,HUF,0,14.91131,792
21/06/2026 21:34:53,3,4.95,GOC,0,14.64706,827
21/06/2026 21:34:59,7,4.949,HUF,0,14.61327,1343
21/06/2026 21:35:04,12,4.947,HUF,0,14.62233,798
21/06/2026 21:35:08,16,4.946869,HUF,0,14.62954,925
21/06/2026 21:35:13,21,4.947467,HUF,0,14.63848,791
21/06/2026 21:35:18,26,4.947381,HUF,0,14.64734,4416
21/06/2026 21:35:24,31,4.947878,HUF,0,14.65614,1753
21/06/2026 21:35:29,37,4.948,HUF,0,14.66661,1954
21/06/2026 21:35:33,41,4.948404,HUF,0,14.67353,1120
21/06/2026 21:35:37,45,4.948,HUF,0,14.68042,917
21/06/2026 21:35:42,50,4.948,HUF,0,14.68893,792
21/06/2026 21:35:47,55,4.947,HUF,0,14.69744,1100
21/06/2026 21:35:51,59,4.947,GOC,0,14.70418,1342
21/06/2026 21:35:56,63,4.948,HUF,0,14.71085,915
21/06/2026 21:36:00,68,4.946,HUF,0,14.7192,798
21/06/2026 21:36:06,73,4.946,HUF,0,14.72745,1023
21/06/2026 21:36:11,79,4.947,HUF,0,14.73727,1704
21/06/2026 21:36:19,87,4.946,HUF,0,14.75024,1235
21/06/2026 21:36:24,91,4.946199,HUF,0,14.75667,902
21/06/2026 21:36:28,96,4.946909,HUF,0,14.76465,787
21/06/2026 21:36:34,102,4.947,HUF,0,14.77415,1083
21/06/2026 21:36:38,106,4.947062,HUF,0,14.78041,1284
21/06/2026 21:36:42,110,4.947,HUF,0,14.78668,788
21/06/2026 21:36:47,115,4.947,HUF,0,14.79444,783
21/06/2026 21:36:51,119,4.948,GOC,0,14.80054,780
21/06/2026 21:36:56,123,4.948,GOC,0,14.80674,1076
21/06/2026 21:37:00,128,4.947,HUF,0,14.81435,799
21/06/2026 21:37:06,133,4.947,HUF,0,14.82192,1040
21/06/2026 21:37:12,139,4.947,GOC,0,14.83088,1262
21/06/2026 21:37:16,144,4.947,GOC,0,14.83836,869
21/06/2026 21:37:21,148,4.947,GOC,0,14.84428,787
21/06/2026 21:37:26,153,4.947,HUF,0,14.85163,795
21/06/2026 21:37:30,158,4.947,HUF,0,14.85892,792
21/06/2026 21:37:35,163,4.947,HUF,0,14.86615,786
21/06/2026 21:37:41,168,4.947,HUF,0,14.87338,1237
21/06/2026 21:37:46,173,4.947,HUF,0,14.88052,6273
21/06/2026 21:37:51,179,4.948,GOC,0,14.88902,830
21/06/2026 21:37:57,185,4.947,HUF,0,14.89747,775
21/06/2026 21:38:02,189,4.947,GOC,0,14.90305,785
21/06/2026 21:38:06,194,4.946,GOC,0,14.91,974
21/06/2026 21:38:11,198,4.946,HUF,0,14.91549,2366
21/06/2026 21:38:15,202,4.946,HUF,0,14.92101,787
21/06/2026 21:38:20,207,4.267,GOC,0,14.92783,1033
21/06/2026 21:38:24,211,3.938629,HUF,0,14.93326,2852
21/06/2026 21:38:28,216,3.664585,HUF,0,14.93999,777
21/06/2026 21:38:33,220,3.516,HUF,0,14.94535,4674
21/06/2026 21:38:38,225,3.421,GOC,0,14.95201,774
21/06/2026 21:38:43,230,3.35,HUF,0,14.95863,787
21/06/2026 21:38:48,235,3.315,HUF,0,14.9652,858
21/06/2026 21:38:53,240,3.308,HUF,0,14.97168,792
21/06/2026 21:38:57,244,3.317,GOC,0,14.9769,790
21/06/2026 21:39:01,248,3.336,GOC,0,14.98207,1207
21/06/2026 21:39:07,254,3.378,HUF,0,14.98976,2888
21/06/2026 21:39:11,258,3.413,GOC,0,14.99483,2449
21/06/2026 21:39:16,263,3.463,HUF,0,15.00118,2198
21/06/2026 21:39:21,268,3.069,HUF,0,15.00745,1264
21/06/2026 21:39:25,272,2.819,HUF,0,15.01246,795
21/06/2026 21:39:29,276,2.615113,HUF,0,15.01745,779
21/06/2026 21:39:33,280,2.449,HUF,0,15.0224,776
21/06/2026 21:39:37,284,2.315,GOC,0,15.02732,783
21/06/2026 21:39:41,288,2.543,HUF,0,15.03222,943
21/06/2026 21:39:45,292,2.755,HUF,0,15.03709,776
21/06/2026 21:39:49,296,2.94219,HUF,0,15.04194,977
21/06/2026 21:39:53,300,3.107,HUF,0,15.04676,2092
21/06/2026 21:39:57,304,3.251,HUF,0,15.05157,798
21/06/2026 21:40:01,308,3.377,GOC,0,15.05634,783
21/06/2026 21:40:05,312,3.489,HUF,0,15.0611,1395
21/06/2026 21:40:10,317,3.583,HUF,0,15.06699,3358
21/06/2026 21:40:14,321,3.670772,HUF,0,15.0717,1048
21/06/2026 21:40:19,326,3.45222,HUF,0,15.07751,1996
21/06/2026 21:40:23,330,3.131,HUF,0,15.08214,2659
21/06/2026 21:40:27,334,2.87,HUF,0,15.0868,2012
21/06/2026 21:40:32,339,2.615,GOC,0,15.09252,1066
21/06/2026 21:40:36,343,2.45,GOC,0,15.09711,1909
21/06/2026 21:40:46,351,2.204138,HUF,0,15.10618,788
21/06/2026 21:40:50,357,2.076,HUF,0,15.11293,5615
21/06/2026 21:40:54,361,2.009518,HUF,0,15.11735,793
21/06/2026 21:40:58,364,1.968,HUF,0,15.12073,783
21/06/2026 21:41:02,368,1.922,GOC,0,15.12516,900
21/06/2026 21:41:07,373,1.876,HUF,0,15.13067,833
21/06/2026 21:41:11,378,1.84,HUF,0,15.13615,1774
21/06/2026 21:41:15,382,1.817,HUF,0,15.14048,1212
21/06/2026 21:41:19,386,1.798557,HUF,0,15.14483,1674
21/06/2026 21:41:27,393,1.774,GOC,0,15.15238,783
21/06/2026 21:41:31,398,1.761,HUF,0,15.15772,800
21/06/2026 21:41:35,401,1.755082,HUF,0,15.16091,1675
21/06/2026 21:41:39,405,1.748,HUF,0,15.16514,809
21/06/2026 21:41:43,410,1.741,HUF,0,15.17042,788
21/06/2026 21:41:47,413,1.737,GOC,0,15.17356,3017
21/06/2026 21:41:51,417,1.733,HUF,0,15.17774,1714
21/06/2026 21:41:54,421,1.729988,HUF,0,15.18189,1145
21/06/2026 21:41:59,426,1.726319,HUF,0,15.18706,779
21/06/2026 21:42:03,430,1.723,HUF,0,15.19117,800
21/06/2026 21:42:08,435,1.72,HUF,0,15.19629,1344
21/06/2026 21:42:13,440,1.718,HUF,0,15.20137,779
21/06/2026 21:42:17,444,1.717,GOC,0,15.20541,782
21/06/2026 21:42:21,448,1.716,HUF,0,15.20944,2258
21/06/2026 21:42:25,452,1.715,HUF,0,15.21345,796
21/06/2026 21:42:29,456,1.71462,HUF,0,15.21745,2367
21/06/2026 21:42:33,460,1.714,HUF,0,15.22142,789
21/06/2026 21:42:37,464,1.714,GOC,0,15.22537,2667
21/06/2026 21:42:41,468,1.713,HUF,0,15.22929,906
21/06/2026 21:42:45,471,1.712337,HUF,0,15.23223,796
21/06/2026 21:42:51,477,1.712,HUF,0,15.23809,2177
21/06/2026 21:42:55,481,1.711425,HUF,0,15.24196,1088
21/06/2026 21:43:00,486,1.711529,HUF,0,15.24678,792
21/06/2026 21:43:04,490,1.711,HUF,0,15.25062,1244
21/06/2026 21:43:08,494,1.712,HUF,0,15.25439,779
21/06/2026 21:43:12,498,1.712,GOC,0,15.25824,788
21/06/2026 21:43:16,502,1.71,HUF,0,15.26197,784
21/06/2026 21:43:20,507,1.708,HUF,0,15.26673,786
21/06/2026 21:43:24,510,1.708,HUF,0,15.26954,785
21/06/2026 21:43:28,514,1.706,HUF,0,15.27326,782
21/06/2026 21:43:31,517,1.73,HUF,0,15.27606,3096
21/06/2026 21:43:35,522,1.833,HUF,0,15.28069,1961
21/06/2026 21:43:39,525,1.863,HUF,0,15.28345,784
21/06/2026 21:43:43,529,1.855,GOC,0,15.28713,791
21/06/2026 21:43:47,533,1.826,GOC,0,15.29077,791
21/06/2026 21:43:51,1,1.7184,HUF,0,15.29401,0
21/06/2026 21:43:55,3,1.717,HUF,0,15.29585,802
21/06/2026 21:44:03,7,1.809,HUF,0,15.252,2386
21/06/2026 21:44:08,12,1.902,HUF,0,15.25661,792
21/06/2026 21:44:12,17,1.973,HUF,0,15.26121,872
21/06/2026 21:44:17,22,2.028,HUF,0,15.26578,799
21/06/2026 21:44:22,26,2.061433,HUF,0,15.26939,790
21/06/2026 21:44:26,30,1.995,HUF,0,15.27303,800
21/06/2026 21:44:30,35,1.979,HUF,0,15.27751,789
21/06/2026 21:44:35,39,2.021,GOC,0,15.28111,4093
21/06/2026 21:44:44,48,2.032,GOC,0,15.28911,1745
21/06/2026 21:44:48,52,2.014,GOC,0,15.29264,1679
21/06/2026 21:44:52,56,2.306607,HUF,0,15.29615,785
21/06/2026 21:44:58,61,2.434749,HUF,0,15.30053,935
21/06/2026 21:45:03,67,2.016,HUF,0,15.30572,840
21/06/2026 21:45:07,71,1.857402,HUF,0,15.30921,795
21/06/2026 21:45:12,76,1.67262,HUF,0,15.31351,842
21/06/2026 21:45:17,81,1.518938,HUF,0,15.31777,788
21/06/2026 21:45:21,85,1.375,HUF,0,15.3212,2678
21/06/2026 21:45:25,89,1.288,HUF,0,15.32457,789
21/06/2026 21:45:29,93,1.24,GOC,0,15.32798,2270
21/06/2026 21:45:33,97,1.261,HUF,0,15.33134,784
21/06/2026 21:45:38,102,1.203,HUF,0,15.33554,3075
21/06/2026 21:45:42,106,1.281092,HUF,0,15.33887,791
21/06/2026 21:45:47,111,1.247143,HUF,0,15.34302,785
21/06/2026 21:45:50,114,1.221,HUF,0,15.3455,786
21/06/2026 21:45:54,118,1.171,GOC,0,15.34878,798
21/06/2026 21:45:58,122,1.24,HUF,0,15.35208,6584
21/06/2026 21:46:03,126,1.358676,HUF,0,15.35534,774
21/06/2026 21:46:07,131,1.305381,HUF,0,15.35938,7094
21/06/2026 21:46:11,134,1.283,HUF,0,15.36179,3353
21/06/2026 21:46:14,138,1.349,GOC,0,15.36498,784
21/06/2026 21:46:19,143,1.284,HUF,0,15.36906,797
21/06/2026 21:46:23,147,1.249,HUF,0,15.37226,2205
21/06/2026 21:46:27,151,1.306708,HUF,0,15.37545,785
21/06/2026 21:46:32,156,1.417937,HUF,0,15.37941,793
21/06/2026 21:46:37,160,1.406,HUF,0,15.38257,784
21/06/2026 21:46:41,164,1.428,HUF,0,15.38562,787
21/06/2026 21:46:44,168,1.494,GOC,0,15.38882,912
21/06/2026 21:46:48,172,1.401,HUF,0,15.39196,793
21/06/2026 21:46:53,177,1.317,HUF,0,15.39583,2078
21/06/2026 21:46:58,181,1.523696,HUF,0,15.39892,777
21/06/2026 21:47:10,193,1.809,HUF,0,15.4081,1883
21/06/2026 21:47:15,198,1.773,HUF,0,15.41191,824
21/06/2026 21:47:19,185,1.624,HUF,0,15.402,798
21/06/2026 21:47:19,203,1.823,HUF,0,15.41569,780
21/06/2026 21:47:23,206,1.66862,HUF,0,15.41794,5190
21/06/2026 21:47:28,212,1.53,HUF,0,15.42224,786
21/06/2026 21:47:32,216,1.606262,HUF,0,15.42543,787
21/06/2026 21:47:36,219,1.662,HUF,0,15.42766,787
21/06/2026 21:47:41,224,1.671,GOC,0,15.43136,1460
21/06/2026 21:47:45,229,1.679,GOC,0,15.43504,800
21/06/2026 21:47:49,233,1.527,HUF,0,15.43797,2836
21/06/2026 21:47:53,237,1.358,HUF,0,15.44085,2147
21/06/2026 21:47:58,241,1.25007,HUF,0,15.4438,1017
21/06/2026 21:48:02,245,1.239,HUF,0,15.4467,797
21/06/2026 21:48:06,249,1.142,GOC,0,15.44958,778
21/06/2026 21:48:10,254,1.048,GOC,0,15.45318,792
21/06/2026 21:48:14,258,0.949,HUF,0,15.45605,1088
21/06/2026 21:48:19,262,0.867,HUF,0,15.4589,786
21/06/2026 21:48:25,268,1.199,GOC,0,15.46314,783
21/06/2026 21:48:29,272,1.457,HUF,0,15.46598,3024
21/06/2026 21:48:33,276,1.696515,HUF,0,15.46878,1024
21/06/2026 21:48:37,280,1.918,HUF,0,15.47156,825
21/06/2026 21:48:42,285,2.159,HUF,0,15.47508,1707
21/06/2026 21:48:46,289,2.326,GOC,0,15.47785,1266
21/06/2026 21:48:49,292,2.44,HUF,0,15.47994,1620
21/06/2026 21:48:54,297,2.609,HUF,0,15.48338,776
21/06/2026 21:48:58,301,2.729768,HUF,0,15.48613,775
21/06/2026 21:49:03,306,2.852846,HUF,0,15.48955,792
21/06/2026 21:49:08,311,2.848094,HUF,0,15.49295,808
21/06/2026 21:49:13,316,2.821348,HUF,0,15.49634,1043
21/06/2026 21:49:17,321,2.792013,HUF,0,15.49971,969
21/06/2026 21:49:22,325,2.77,HUF,0,15.50239,1918
21/06/2026 21:49:26,329,2.748,GOC,0,15.50503,774
21/06/2026 21:49:31,334,2.726,GOC,0,15.5084,1296
21/06/2026 21:49:35,338,2.711,GOC,0,15.51106,798
21/06/2026 21:49:39,342,2.699,HUF,0,15.5137,783
21/06/2026 21:49:43,346,2.687708,HUF,0,15.51633,775
21/06/2026 21:49:49,352,2.674,HUF,0,15.52026,786
21/06/2026 21:49:54,357,2.664,HUF,0,15.5235,774
21/06/2026 21:49:59,362,2.656,HUF,0,15.52677,1227
21/06/2026 21:50:03,366,2.651405,HUF,0,15.52935,2275
21/06/2026 21:50:08,371,2.646058,HUF,0,15.53257,3187
21/06/2026 21:50:17,378,2.64,HUF,0,15.53705,795
21/06/2026 21:50:21,384,2.636,GOC,0,15.54085,839
21/06/2026 21:50:26,389,2.633,GOC,0,15.54403,780
21/06/2026 21:50:31,393,2.632,GOC,0,15.54654,795
21/06/2026 21:50:35,398,2.63,HUF,0,15.54969,789
21/06/2026 21:50:43,406,2.627148,HUF,0,15.55468,3419
21/06/2026 21:50:48,411,2.625794,HUF,0,15.55779,2497
21/06/2026 21:50:52,415,2.625,HUF,0,15.56023,804
21/06/2026 21:50:56,418,2.624,GOC,0,15.56208,1828
21/06/2026 21:51:00,422,2.623,HUF,0,15.56457,2210
21/06/2026 21:51:03,426,2.622482,HUF,0,15.56701,784
21/06/2026 21:51:08,431,2.621559,HUF,0,15.57006,3786
21/06/2026 21:51:12,435,2.621,HUF,0,15.57248,784
21/06/2026 21:51:16,439,2.62,GOC,0,15.57491,780
21/06/2026 21:51:20,443,2.62,HUF,0,15.57731,790
21/06/2026 21:51:25,448,2.619,HUF,0,15.58032,787
21/06/2026 21:51:29,452,2.618,HUF,0,15.58271,791
21/06/2026 21:51:34,456,2.139019,HUF,0,15.5851,1829
21/06/2026 21:51:37,460,1.749,HUF,0,15.58747,791
21/06/2026 21:51:41,464,1.431,GOC,0,15.58982,780
21/06/2026 21:51:45,468,1.172,GOC,0,15.5922,1325
21/06/2026 21:51:50,473,0.914,HUF,0,15.59514,2242
21/06/2026 21:51:54,477,0.751,HUF,0,15.59748,1882
21/06/2026 21:52:00,483,0.689494,HUF,0,15.60096,958
21/06/2026 21:52:05,488,1.121,HUF,0,15.60385,789
21/06/2026 21:52:09,492,1.395,HUF,0,15.60618,791
21/06/2026 21:52:14,496,1.618016,HUF,0,15.60848,893
21/06/2026 21:52:19,501,1.839405,HUF,0,15.61131,799
21/06/2026 21:52:30,512,2.166,HUF,0,15.61761,790
21/06/2026 21:52:35,517,2.263,HUF,0,15.62043,788
21/06/2026 21:52:39,521,2.324818,HUF,0,15.62268,5847
21/06/2026 21:52:43,525,2.375,HUF,0,15.62493,2903
21/06/2026 21:52:47,529,2.416,HUF,0,15.62716,784
21/06/2026 21:52:51,533,2.199,GOC,0,15.62939,829
21/06/2026 21:52:55,537,1.797,HUF,0,15.63147,779
21/06/2026 21:52:59,541,1.470449,HUF,0,15.63383,795
21/06/2026 21:53:03,546,1.145587,HUF,0,15.63654,797
21/06/2026 21:53:08,550,0.939,HUF,0,15.63879,786
21/06/2026 21:53:12,554,0.772,HUF,0,15.64098,1572
21/06/2026 21:53:15,3,0.034,GOC,0,15.6433,3520
21/06/2026 21:53:19,3,0.034,HUF,0,15.6433,3520
21/06/2026 21:53:44,3,0.017,GOC,0,15.49498,2522
21/06/2026 21:53:48,5,0.017,HUF,0,15.47317,1501
21/06/2026 21:53:53,10,0.017,HUF,0,15.4762,782
21/06/2026 21:53:57,15,0.017,HUF,0,15.47923,2114
21/06/2026 21:54:02,19,0.017,GOC,0,15.48162,806
21/06/2026 21:54:06,23,0.017,GOC,0,15.48404,1094
21/06/2026 21:54:15,33,0.017,HUF,0,15.49,1032
21/06/2026 21:54:20,37,0.017,HUF,0,15.49236,796
21/06/2026 21:54:25,42,0.017,HUF,0,15.49533,785
21/06/2026 21:54:29,46,0.199548,HUF,0,15.49769,798
21/06/2026 21:54:34,51,0.447463,HUF,0,15.50061,797
21/06/2026 21:54:38,55,0.605,HUF,0,15.50296,788
21/06/2026 21:54:42,59,0.733,HUF,0,15.50529,788
21/06/2026 21:54:46,64,0.86,GOC,0,15.5082,781
21/06/2026 21:54:51,68,0.94,HUF,0,15.51051,1673
21/06/2026 21:54:55,72,1.006,HUF,0,15.51282,2184
21/06/2026 21:55:02,77,1.071,HUF,0,15.5157,782
21/06/2026 21:55:06,83,1.13,GOC,0,15.51911,796
21/06/2026 21:55:11,88,1.167,HUF,0,15.52197,814
21/06/2026 21:55:15,93,1.195,HUF,0,15.52481,796
21/06/2026 21:55:19,97,1.213,HUF,0,15.52707,1004
21/06/2026 21:55:24,101,1.228155,HUF,0,15.52932,804
21/06/2026 21:55:28,106,1.242663,HUF,0,15.53213,788
21/06/2026 21:55:33,110,1.252,HUF,0,15.53437,800
21/06/2026 21:55:38,115,1.261,HUF,0,15.53715,775
21/06/2026 21:55:42,119,1.266,HUF,0,15.53937,771
21/06/2026 21:55:47,124,1.272,GOC,0,15.54214,770
21/06/2026 21:55:51,128,1.275,HUF,0,15.54434,899
21/06/2026 21:55:56,133,1.278,HUF,0,15.54707,1065
21/06/2026 21:56:00,138,1.281,HUF,0,15.54983,798
21/06/2026 21:56:04,141,1.282449,HUF,0,15.55146,795
21/06/2026 21:56:09,146,1.284097,HUF,0,15.55418,787
21/06/2026 21:56:14,151,1.285043,HUF,0,15.5569,1113
21/06/2026 21:56:18,155,1.286,HUF,0,15.55904,800
21/06/2026 21:56:23,160,1.286,GOC,0,15.56174,793
21/06/2026 21:56:27,164,1.286,HUF,0,15.56389,786
21/06/2026 21:56:32,169,1.286,GOC,0,15.56656,787
21/06/2026 21:56:38,175,1.286,GOC,0,15.56975,782
21/06/2026 21:56:42,179,1.286,HUF,0,15.57186,788
21/06/2026 21:56:47,183,1.286,HUF,0,15.57396,886
21/06/2026 21:56:51,188,1.286,HUF,0,15.57661,783
21/06/2026 21:56:55,192,1.286,HUF,0,15.5787,1030
21/06/2026 21:57:00,197,1.286,HUF,0,15.58132,899
21/06/2026 21:57:05,202,1.286,HUF,0,15.58392,787
21/06/2026 21:57:10,206,1.28542,HUF,0,15.58599,3760
21/06/2026 21:57:14,211,1.285153,HUF,0,15.58858,775
21/06/2026 21:57:18,215,1.05,HUF,0,15.59064,785
21/06/2026 21:57:22,219,0.858,HUF,0,15.5927,792
21/06/2026 21:57:27,224,0.668,GOC,0,15.59521,1381
21/06/2026 21:57:32,229,0.521,GOC,0,15.59776,916
21/06/2026 21:57:38,235,0.387,GOC,0,15.60083,2269
21/06/2026 21:57:42,239,0.319,GOC,0,15.60287,778
21/06/2026 21:57:46,3,0.017,GOC,0,15.60812,1009
21/06/2026 21:57:51,3,0.017,HUF,0,15.60812,1009
21/06/2026 21:58:13,3,0.017,GOC,0,15.47556,820
21/06/2026 21:58:18,6,0.0172,HUF,0,15.45692,788
21/06/2026 21:58:24,11,0.0172,HUF,0,15.45966,797
21/06/2026 21:58:29,16,0.0172,HUF,0,15.46242,780
21/06/2026 21:58:34,22,0.017,HUF,0,15.46572,782
21/06/2026 21:58:39,26,0.0172,HUF,0,15.4679,790
21/06/2026 21:58:44,31,0.0172,HUF,0,15.47062,790
21/06/2026 21:58:50,37,0.017,HUF,0,15.47386,894
21/06/2026 21:58:54,42,0.017,HUF,0,15.47656,1444
21/06/2026 21:58:59,3,0.017,GOC,0,15.48029,2067
21/06/2026 21:59:04,8,0.017,HUF,0,15.48032,813
21/06/2026 21:59:09,13,0.017,HUF,0,15.483,788
21/06/2026 21:59:14,18,2.433,GOC,0,15.48566,784
21/06/2026 21:59:20,24,2.432,HUF,0,15.48884,788
21/06/2026 21:59:25,29,2.432,GOC,0,15.49147,1073
21/06/2026 21:59:31,35,2.43,GOC,0,15.49462,2506
21/06/2026 21:59:35,40,2.429,HUF,0,15.49725,921
21/06/2026 21:59:41,45,2.428,HUF,0,15.49984,780
21/06/2026 21:59:46,50,2.427,HUF,0,15.50245,1807
21/06/2026 21:59:58,61,2.425064,HUF,0,15.50815,825
21/06/2026 22:00:07,3,2.421,HUF,0,15.51162,780
21/06/2026 22:00:28,3,4.838,GOC,0,15.38646,797
21/06/2026 22:00:34,6,4.837446,HUF,0,15.36868,770
21/06/2026 22:00:39,12,4.837,HUF,0,15.37202,792
21/06/2026 22:00:45,17,4.836,HUF,0,15.3748,781
21/06/2026 22:00:51,24,4.835,HUF,0,15.37866,785
21/06/2026 22:00:55,28,4.835,HUF,0,15.38086,842
21/06/2026 22:01:02,35,4.833,HUF,0,15.3847,1232
21/06/2026 22:01:07,39,4.831,HUF,0,15.38688,804
21/06/2026 22:01:11,44,4.83,GOC,0,15.3896,1234
21/06/2026 22:01:16,49,4.828,GOC,0,15.39231,1624
21/06/2026 22:01:21,53,4.827,HUF,0,15.39447,797
21/06/2026 22:01:30,62,4.825,HUF,0,15.39931,778
21/06/2026 22:01:34,67,4.824,HUF,0,15.40199,781
21/06/2026 22:01:38,71,4.822329,HUF,0,15.40413,804
21/06/2026 22:01:43,75,4.821,HUF,0,15.40626,906
21/06/2026 22:01:48,80,4.819,HUF,0,15.40889,796
21/06/2026 22:01:52,85,4.818,HUF,0,15.41155,4081
21/06/2026 22:01:57,1,4.813938,HUF,0,15.41293,0
21/06/2026 22:02:03,3,4.814,HUF,0,15.41395,1113
21/06/2026 22:02:27,3,4.81,GOC,0,15.29481,800
21/06/2026 22:02:32,7,4.81,HUF,0,15.27851,786
21/06/2026 22:02:37,12,4.81,HUF,0,15.28134,842
21/06/2026 22:02:42,17,4.81,HUF,0,15.28415,912
21/06/2026 22:02:47,22,4.81,HUF,0,15.28696,12657
21/06/2026 22:02:52,27,4.809,HUF,0,15.28975,1289
21/06/2026 22:02:56,31,4.808731,HUF,0,15.29199,1662
21/06/2026 22:03:00,35,4.808,HUF,0,15.29421,803
21/06/2026 22:03:05,40,4.808,HUF,0,15.29699,794
21/06/2026 22:03:10,3,4.804,GOC,0,15.30145,2267
21/06/2026 22:03:16,3,4.804,HUF,0,15.30145,2267
21/06/2026 22:03:39,3,4.807,GOC,0,15.18632,786
21/06/2026 22:03:44,8,4.807,HUF,0,15.1715,2056
21/06/2026 22:03:49,13,4.807,HUF,0,15.17444,1752
21/06/2026 22:03:53,17,4.806,HUF,0,15.17678,796
21/06/2026 22:03:58,21,4.805006,HUF,0,15.17912,791
21/06/2026 22:04:03,26,4.803756,HUF,0,15.18203,791
21/06/2026 22:04:08,31,4.80274,HUF,0,15.18493,789
21/06/2026 22:04:12,36,4.801582,HUF,0,15.18781,783
21/06/2026 22:04:17,41,4.800315,HUF,0,15.1907,842
21/06/2026 22:04:22,46,4.798937,HUF,0,15.19357,1503
21/06/2026 22:04:28,51,4.797506,HUF,0,15.19643,797
21/06/2026 22:04:32,56,4.796306,HUF,0,15.1993,2741
21/06/2026 22:04:37,60,4.795,HUF,0,15.20157,782
21/06/2026 22:04:41,64,4.795,HUF,0,15.20384,963
21/06/2026 22:04:45,69,4.794,GOC,0,15.20667,802
21/06/2026 22:04:50,1,4.788,HUF,0,15.21276,0
21/06/2026 22:04:55,3,4.788,HUF,0,15.21388,803
21/06/2026 22:05:19,3,4.757,GOC,0,15.10321,1120
21/06/2026 22:05:23,5,4.758,HUF,0,15.08725,876
21/06/2026 22:05:29,10,4.757,HUF,0,15.09023,801
21/06/2026 22:05:33,15,4.758,HUF,0,15.0932,800
21/06/2026 22:05:38,20,4.757,GOC,0,15.09616,918
21/06/2026 22:05:49,25,4.756,HUF,0,15.09912,796
21/06/2026 22:05:51,33,4.754,HUF,0,15.10382,802
21/06/2026 22:05:55,37,4.753,HUF,0,15.10616,826
21/06/2026 22:06:02,44,4.751,HUF,0,15.11024,1495
21/06/2026 22:06:07,1,4.742375,GOC,0,15.11255,0
21/06/2026 22:06:11,3,4.743,HUF,0,15.11372,788
21/06/2026 22:06:36,3,4.757,GOC,0,15.00616,809
21/06/2026 22:06:41,5,4.757,HUF,0,14.99049,1404
21/06/2026 22:06:45,10,4.756,HUF,0,14.99354,1902
21/06/2026 22:06:50,15,4.756,HUF,0,14.99658,4620
21/06/2026 22:06:55,19,4.756,HUF,0,14.99903,802
21/06/2026 22:07:00,24,4.755,GOC,0,15.00205,781
21/06/2026 22:07:05,29,0.034,GOC,0,15.0051,1201
21/06/2026 22:07:09,34,0.034,GOC,0,15.00811,789
21/06/2026 22:07:14,38,0.034,HUF,0,15.01051,1863
21/06/2026 22:07:19,43,0.034,HUF,0,15.01351,803
21/06/2026 22:07:23,47,0.034,HUF,0,15.0159,998
21/06/2026 22:07:28,52,0.034,HUF,0,15.01888,986
21/06/2026 22:07:32,57,2.534,GOC,0,15.02185,791
21/06/2026 22:07:37,61,2.533382,HUF,0,15.02422,1195
21/06/2026 22:07:41,66,2.532378,HUF,0,15.02716,4214
21/06/2026 22:07:46,70,2.532,HUF,0,15.02953,795
21/06/2026 22:07:50,75,2.531,HUF,0,15.03247,797
21/06/2026 22:07:54,79,2.529,GOC,0,15.03481,2618
21/06/2026 22:07:59,83,2.528,HUF,0,15.03715,1364
21/06/2026 22:08:03,88,2.527,HUF,0,15.04007,1891
21/06/2026 22:08:07,92,2.526,HUF,0,15.04239,797
21/06/2026 22:08:12,1,2.52015,HUF,0,15.04689,0
21/06/2026 22:08:16,3,2.52,HUF,0,15.04805,792
21/06/2026 22:08:21,3,2.52,HUF,0,15.04805,792
21/06/2026 22:08:43,3,2.525,GOC,0,14.94528,788
21/06/2026 22:08:48,7,2.525,HUF,0,14.93163,790
21/06/2026 22:08:53,12,2.524,HUF,0,14.93467,792
21/06/2026 22:08:57,16,2.524237,HUF,0,14.93708,792
21/06/2026 22:09:02,21,2.523646,HUF,0,14.9401,797
21/06/2026 22:09:07,26,2.523002,HUF,0,14.9431,788
21/06/2026 22:09:11,30,2.522,HUF,0,14.9455,792
21/06/2026 22:09:15,34,2.522,HUF,0,14.94789,1248
21/06/2026 22:09:20,2,2.519,GOC,0,14.9545,1198
21/06/2026 22:09:25,3,2.519,HUF,0,14.9551,3969
21/06/2026 22:09:50,3,2.518,GOC,0,14.85502,803
21/06/2026 22:09:55,8,2.518,HUF,0,14.84254,803
21/06/2026 22:10:01,14,2.517,HUF,0,14.84627,791
21/06/2026 22:10:05,18,2.517,HUF,0,14.84874,2693
21/06/2026 22:10:10,22,2.517,HUF,0,14.85121,785
21/06/2026 22:10:15,27,2.516,HUF,0,14.85428,793
21/06/2026 22:10:20,32,2.516,HUF,0,14.85735,782
21/06/2026 22:10:26,38,2.515,HUF,0,14.86102,799
21/06/2026 22:10:31,43,2.515,HUF,0,14.86403,789
21/06/2026 22:10:37,49,2.514,GOC,0,14.86771,1341
21/06/2026 22:10:43,55,2.513,HUF,0,14.87135,793
21/06/2026 22:10:48,60,2.513,HUF,0,14.87436,925
21/06/2026 22:10:53,65,2.512,HUF,0,14.87736,794
21/06/2026 22:10:57,69,2.512,HUF,0,14.87977,1613
21/06/2026 22:11:03,75,2.511,GOC,0,14.88336,793
21/06/2026 22:11:08,81,2.510579,HUF,0,14.88692,950
21/06/2026 22:11:14,86,2.510142,HUF,0,14.88992,935
21/06/2026 22:11:19,91,2.509762,HUF,0,14.89286,888
21/06/2026 22:11:24,3,2.508,HUF,0,14.89855,792
21/06/2026 22:11:28,3,2.508,HUF,0,14.89855,792
21/06/2026 22:11:51,3,2.511,GOC,0,14.80262,802
21/06/2026 22:11:56,6,2.510582,HUF,0,14.78962,785
21/06/2026 22:12:04,14,2.511,HUF,0,14.79453,782
21/06/2026 22:12:12,22,3.379,HUF,0,14.79942,3505
21/06/2026 22:12:17,27,3.379,HUF,0,14.80246,1494
21/06/2026 22:12:22,32,3.378,HUF,0,14.8055,794
21/06/2026 22:12:26,3,3.374,HUF,0,14.80774,2145
21/06/2026 22:12:30,3,3.374,HUF,0,14.80774,2145
21/06/2026 22:12:54,3,3.367,GOC,0,14.71387,3324
21/06/2026 22:12:59,7,3.366,HUF,0,14.70159,800
21/06/2026 22:13:04,12,3.366,HUF,0,14.70473,1382
21/06/2026 22:13:09,17,3.366,HUF,0,14.70786,787
21/06/2026 22:13:13,21,3.36567,HUF,0,14.71036,784
21/06/2026 22:13:17,25,0.048,HUF,0,14.71286,798
21/06/2026 22:13:22,29,2.515,GOC,0,14.71534,786
21/06/2026 22:13:27,34,2.514,GOC,0,14.71844,786
21/06/2026 22:13:37,44,2.512,GOC,0,14.72462,927
21/06/2026 22:13:42,49,2.511,GOC,0,14.7277,794
21/06/2026 22:13:46,53,2.51,GOC,0,14.73016,851
21/06/2026 22:13:50,57,2.51,HUF,0,14.7326,2327
21/06/2026 22:13:55,62,2.509,HUF,0,14.73566,789
21/06/2026 22:13:59,66,2.508168,HUF,0,14.7381,787
21/06/2026 22:14:04,71,2.507354,HUF,0,14.74114,784
21/06/2026 22:14:09,76,2.506673,HUF,0,14.74417,789
21/06/2026 22:14:14,81,2.506035,HUF,0,14.74719,781
21/06/2026 22:14:18,85,2.506,HUF,0,14.7496,795
21/06/2026 22:14:23,91,0.048,HUF,0,14.75321,1470
21/06/2026 22:14:27,95,3.365,GOC,0,14.7556,4969
21/06/2026 22:14:31,99,3.365,GOC,0,14.758,1953
21/06/2026 22:14:36,103,3.364,HUF,0,14.76039,2003
21/06/2026 22:14:40,108,3.364,HUF,0,14.76336,805
21/06/2026 22:14:45,112,3.363,HUF,0,14.76573,951
21/06/2026 22:14:50,117,3.362,HUF,0,14.76871,802
21/06/2026 22:14:54,121,3.36191,HUF,0,14.77107,790
21/06/2026 22:14:59,126,3.361259,HUF,0,14.77402,788
21/06/2026 22:15:04,131,3.360628,HUF,0,14.77696,4604
21/06/2026 22:15:09,136,3.359975,HUF,0,14.77986,811
21/06/2026 22:15:14,141,3.359295,HUF,0,14.78282,784
21/06/2026 22:15:18,145,3.359,HUF,0,14.78515,2019
21/06/2026 22:15:24,151,3.357509,HUF,0,14.78864,791
21/06/2026 22:15:28,2,3.353,HUF,0,14.79267,1702
21/06/2026 22:15:33,3,3.353,HUF,0,14.79324,804
21/06/2026 22:15:56,3,3.336,GOC,0,14.70433,1326
21/06/2026 22:16:01,6,3.336366,HUF,0,14.69232,792
21/06/2026 22:16:05,10,3.336,HUF,0,14.69472,785
21/06/2026 22:16:11,15,3.336,HUF,0,14.69771,5075
21/06/2026 22:16:16,21,3.335953,HUF,0,14.7013,782
21/06/2026 22:16:22,27,3.335,HUF,0,14.70487,1684
21/06/2026 22:16:27,31,3.334937,HUF,0,14.70724,801
21/06/2026 22:16:31,35,3.334,HUF,0,14.70961,798
21/06/2026 22:16:35,39,3.333,HUF,0,14.71197,794
21/06/2026 22:16:39,44,3.331,GOC,0,14.71493,783
21/06/2026 22:16:44,48,3.33,GOC,0,14.71728,878
21/06/2026 22:16:48,53,3.329,HUF,0,14.72021,780
21/06/2026 22:16:52,57,3.328,HUF,0,14.72256,813
21/06/2026 22:16:57,62,3.327,HUF,0,14.72547,787
21/06/2026 22:17:02,67,0.048,HUF,0,14.72837,798
21/06/2026 22:17:07,71,0.048,HUF,0,14.73072,795
21/06/2026 22:17:12,76,0.048,HUF,0,14.73361,1549
21/06/2026 22:17:16,81,0.048,HUF,0,14.73649,1340
21/06/2026 22:17:20,85,4.741,GOC,0,14.73882,798
21/06/2026 22:17:26,91,4.739957,HUF,0,14.74227,789
21/06/2026 22:17:31,96,4.738719,HUF,0,14.74514,799
21/06/2026 22:17:36,100,4.738,HUF,0,14.74743,783
21/06/2026 22:17:41,105,4.737,HUF,0,14.75028,1593
21/06/2026 22:17:47,111,4.735717,HUF,0,14.7537,802
21/06/2026 22:17:51,116,4.734694,HUF,0,14.75654,1035
21/06/2026 22:17:57,121,4.733795,HUF,0,14.75937,798
21/06/2026 22:18:03,127,4.732,HUF,0,14.76276,794
21/06/2026 22:18:08,133,4.73,HUF,0,14.76614,796
21/06/2026 22:18:14,138,4.729,HUF,0,14.76894,789
21/06/2026 22:18:19,143,4.727,HUF,0,14.77173,786
21/06/2026 22:18:24,149,4.724,HUF,0,14.77509,1014
21/06/2026 22:18:31,154,4.722,GOC,0,14.77788,1233
21/06/2026 22:18:36,160,4.72,HUF,0,14.78121,783
21/06/2026 22:18:41,166,4.718004,HUF,0,14.78453,795
21/06/2026 22:18:49,173,4.715,HUF,0,14.78839,1431
21/06/2026 22:18:56,180,4.713,HUF,0,14.79224,2006
21/06/2026 22:19:03,187,4.711,HUF,0,14.79607,791
21/06/2026 22:19:08,192,4.709,HUF,0,14.7988,796
21/06/2026 22:19:12,196,4.708332,HUF,0,14.80098,1138
21/06/2026 22:19:17,202,4.707,HUF,0,14.80423,785
21/06/2026 22:19:22,206,4.706604,HUF,0,14.80641,793
21/06/2026 22:19:27,210,4.706,HUF,0,14.80857,794
21/06/2026 22:19:31,215,4.705,HUF,0,14.81127,806
21/06/2026 22:19:35,219,4.704,HUF,0,14.81342,939
21/06/2026 22:19:39,223,4.704,GOC,0,14.81557,786
21/06/2026 22:19:43,227,4.703,HUF,0,14.81771,789
21/06/2026 22:19:47,231,4.701918,HUF,0,14.81986,801
21/06/2026 22:19:52,236,4.700654,HUF,0,14.82253,1452
21/06/2026 22:19:56,240,4.7,HUF,0,14.82466,1096
21/06/2026 22:20:00,244,4.699,GOC,0,14.82678,6169
21/06/2026 22:20:04,248,4.698,HUF,0,14.8289,3105
21/06/2026 22:20:09,253,4.697,HUF,0,14.83155,806
21/06/2026 22:20:13,257,4.696,HUF,0,14.83366,786
21/06/2026 22:20:17,261,4.69431,HUF,0,14.83577,1010
21/06/2026 22:20:22,266,4.692845,HUF,0,14.8384,801
21/06/2026 22:20:26,270,4.692,HUF,0,14.84049,789
21/06/2026 22:20:30,274,4.691,GOC,0,14.84259,789
21/06/2026 22:20:34,278,4.69,HUF,0,14.84468,978
21/06/2026 22:20:39,283,4.689,HUF,0,14.84729,790
21/06/2026 22:20:47,288,4.688,HUF,0,14.84989,797
21/06/2026 22:20:51,295,4.687,HUF,0,14.85349,792
21/06/2026 22:20:56,299,4.686,GOC,0,14.85559,802
21/06/2026 22:21:00,304,4.685,GOC,0,14.85817,786
21/06/2026 22:21:04,308,4.683,HUF,0,14.86023,880
21/06/2026 22:21:11,314,4.682,GOC,0,14.86331,800
21/06/2026 22:21:15,318,4.681,GOC,0,14.86536,2434
21/06/2026 22:21:19,322,4.68,HUF,0,14.86741,794
21/06/2026 22:21:24,328,4.678,HUF,0,14.87047,1813
21/06/2026 22:21:28,331,4.677174,HUF,0,14.87199,862
21/06/2026 22:21:32,336,4.675981,HUF,0,14.87453,1320
21/06/2026 22:21:37,340,4.675,HUF,0,14.87656,1871
21/06/2026 22:21:46,348,4.674,HUF,0,14.8806,785
21/06/2026 22:21:51,354,4.672,HUF,0,14.88363,821
21/06/2026 22:21:55,359,4.671,GOC,0,14.88614,955
21/06/2026 22:21:59,363,4.67,HUF,0,14.88813,1371
21/06/2026 22:22:03,367,4.669,HUF,0,14.89014,791
21/06/2026 22:22:09,372,4.668,HUF,0,14.89263,792
21/06/2026 22:22:13,377,4.666,HUF,0,14.89512,789
21/06/2026 22:22:18,381,4.664975,HUF,0,14.89711,2495
21/06/2026 22:22:22,385,4.664,HUF,0,14.89909,803
21/06/2026 22:22:26,390,4.663,HUF,0,14.90157,785
21/06/2026 22:22:30,394,4.662,GOC,0,14.90354,1035
21/06/2026 22:22:35,399,4.661,GOC,0,14.906,785
21/06/2026 22:22:40,404,4.66,GOC,0,14.90846,803
21/06/2026 22:22:45,408,4.659,HUF,0,14.91042,798
21/06/2026 22:22:49,413,4.658,HUF,0,14.91287,799
21/06/2026 22:22:54,417,4.657,HUF,0,14.91482,800
21/06/2026 22:22:57,421,4.655771,HUF,0,14.91676,795
21/06/2026 22:23:02,425,4.655,HUF,0,14.9187,814
21/06/2026 22:23:06,429,4.654,HUF,0,14.92065,1381
21/06/2026 22:23:10,433,4.653,GOC,0,14.92257,804
21/06/2026 22:23:14,438,4.652,HUF,0,14.92498,791
21/06/2026 22:23:19,442,4.651,HUF,0,14.92693,792
21/06/2026 22:23:24,448,4.649,HUF,0,14.9298,804
21/06/2026 22:23:29,452,4.648,HUF,0,14.93174,796
21/06/2026 22:23:33,456,4.647457,HUF,0,14.93365,2749
21/06/2026 22:23:39,462,4.646,HUF,0,14.93652,857
21/06/2026 22:23:45,468,4.645,HUF,0,14.93938,805
21/06/2026 22:23:49,472,4.644,HUF,0,14.94126,1145
21/06/2026 22:23:53,476,4.643292,HUF,0,14.94318,788
21/06/2026 22:23:58,481,4.642364,HUF,0,14.94555,911
21/06/2026 22:24:02,485,4.641,HUF,0,14.94744,3715
21/06/2026 22:24:07,490,4.64,HUF,0,14.9498,796
21/06/2026 22:24:13,496,4.63808,HUF,0,14.95261,2223
21/06/2026 22:24:17,500,4.637,HUF,0,14.95449,800
21/06/2026 22:24:21,504,4.636,GOC,0,14.95636,789
21/06/2026 22:24:25,508,4.635,GOC,0,14.95823,2486
21/06/2026 22:24:30,513,4.634,HUF,0,14.96056,793
21/06/2026 22:24:34,517,4.633,HUF,0,14.96242,799
21/06/2026 22:24:38,521,4.63263,HUF,0,14.96426,1673
21/06/2026 22:24:43,526,4.631692,HUF,0,14.9666,1960
21/06/2026 22:24:47,530,4.631,HUF,0,14.96845,802
21/06/2026 22:24:52,535,4.63,HUF,0,14.97074,798
21/06/2026 22:24:56,539,4.629,GOC,0,14.9726,857
21/06/2026 22:25:00,543,4.628,HUF,0,14.97444,805
21/06/2026 22:25:04,547,4.628,HUF,0,14.97628,783
21/06/2026 22:25:08,551,4.626739,HUF,0,14.97811,795
21/06/2026 22:25:13,556,4.625669,HUF,0,14.98038,789
21/06/2026 22:25:18,560,4.625,HUF,0,14.9822,1781
21/06/2026 22:25:23,565,4.623,HUF,0,14.98449,806
21/06/2026 22:25:27,570,4.622,HUF,0,14.98675,1142
21/06/2026 22:25:32,574,4.622,GOC,0,14.98857,2099
21/06/2026 22:25:36,579,4.62,GOC,0,14.99083,1339
21/06/2026 22:25:41,583,4.619,HUF,0,14.99264,816
21/06/2026 22:25:44,587,4.617,HUF,0,14.99444,797
21/06/2026 22:25:49,591,4.615889,HUF,0,14.99623,796
21/06/2026 22:25:53,596,4.61425,HUF,0,14.99848,796
21/06/2026 22:25:58,601,4.613172,HUF,0,15.00071,916
21/06/2026 22:26:02,604,4.612,HUF,0,15.00205,791
21/06/2026 22:26:06,608,4.612,GOC,0,15.00384,785
21/06/2026 22:26:10,613,4.61,HUF,0,15.00606,796
21/06/2026 22:26:16,618,4.609,HUF,0,15.00828,3060
21/06/2026 22:26:20,622,4.609,HUF,0,15.01004,794
21/06/2026 22:26:24,627,4.608,HUF,0,15.01227,802
21/06/2026 22:26:30,632,4.607,HUF,0,15.01447,798
21/06/2026 22:26:35,637,4.605,HUF,0,15.01667,799
21/06/2026 22:26:39,642,4.604,HUF,0,15.01887,1131
21/06/2026 22:26:43,646,4.603288,HUF,0,15.02062,788
21/06/2026 22:27:15,677,4.597,HUF,0,22.57636,2100
21/06/2026 22:27:19,681,4.596516,HUF,0,19.35117,807
21/06/2026 22:27:23,686,4.595372,HUF,0,18.34329,4413
21/06/2026 22:27:28,690,4.595,HUF,0,17.98718,807
21/06/2026 22:27:32,694,4.594,GOC,0,17.77888,1134
21/06/2026 22:27:35,698,4.593,HUF,0,17.63778,1413
21/06/2026 22:27:41,703,4.591,HUF,0,17.51494,974
21/06/2026 22:27:45,707,4.59,HUF,0,17.44537,1018
21/06/2026 22:27:49,711,4.589341,HUF,0,17.39037,790
21/06/2026 22:27:53,715,4.588,HUF,0,17.34567,802
21/06/2026 22:27:57,719,4.587,HUF,0,17.30816,1388
21/06/2026 22:28:02,724,4.586,GOC,0,17.26988,815
21/06/2026 22:28:06,728,4.585,HUF,0,17.24551,871
21/06/2026 22:28:09,731,4.584246,HUF,0,17.22933,1930
21/06/2026 22:28:13,735,4.583,HUF,0,17.20957,799
21/06/2026 22:28:17,739,4.582,HUF,0,17.19277,2062
21/06/2026 22:28:22,743,4.581,GOC,0,17.17791,3315
21/06/2026 22:28:26,748,4.58,GOC,0,17.16085,801
21/06/2026 22:28:31,753,4.579,HUF,0,17.14682,788
21/06/2026 22:28:35,757,4.579,HUF,0,17.13648,797
21/06/2026 22:28:39,761,4.578285,HUF,0,17.12709,1070
21/06/2026 22:28:44,766,4.577729,HUF,0,17.1165,813
21/06/2026 22:28:48,770,4.577,HUF,0,17.10883,1405
21/06/2026 22:28:52,774,4.577,GOC,0,17.10176,2074
21/06/2026 22:28:56,778,4.576,HUF,0,17.09525,791
21/06/2026 22:29:01,783,4.576,HUF,0,17.08777,7852
21/06/2026 22:29:05,787,4.575,HUF,0,17.08227,1603
21/06/2026 22:29:09,791,4.574353,HUF,0,17.07714,803
21/06/2026 22:29:14,796,4.573513,HUF,0,17.0712,1377
21/06/2026 22:29:19,800,4.573,HUF,0,17.06692,785
21/06/2026 22:29:23,805,4.572,HUF,0,17.06178,786
21/06/2026 22:29:27,809,4.571,GOC,0,17.05795,804
21/06/2026 22:29:32,814,4.57,GOC,0,17.05334,796
21/06/2026 22:29:36,818,4.569,HUF,0,17.05009,784
21/06/2026 22:29:40,822,4.568,HUF,0,17.04668,1180
21/06/2026 22:29:44,826,4.566917,HUF,0,17.04389,2523
21/06/2026 22:29:49,831,4.565528,HUF,0,17.04033,2051
21/06/2026 22:29:53,834,4.565,HUF,0,17.03831,2478
21/06/2026 22:29:58,839,4.563,GOC,0,17.0351,973
21/06/2026 22:30:02,843,4.562,GOC,0,17.03266,788
21/06/2026 22:30:06,847,4.561,HUF,0,17.03034,799
21/06/2026 22:30:10,851,4.559484,HUF,0,17.02813,898
21/06/2026 22:30:14,855,4.558,HUF,0,17.02572,784
21/06/2026 22:30:17,859,4.557,HUF,0,17.02398,795
21/06/2026 22:30:21,863,4.556,HUF,0,17.02159,1558
21/06/2026 22:30:26,867,4.555,HUF,0,17.02018,798
21/06/2026 22:30:30,872,4.554,HUF,0,17.01804,791
21/06/2026 22:30:34,876,4.553881,HUF,0,17.01593,796
21/06/2026 22:30:40,881,4.553169,HUF,0,17.01423,782
21/06/2026 22:30:45,886,4.552343,HUF,0,17.0123,1982
21/06/2026 22:30:49,891,4.551245,HUF,0,17.01053,2823
21/06/2026 22:30:53,895,4.55,HUF,0,17.00896,798
21/06/2026 22:30:58,899,4.55,GOC,0,17.00775,787
21/06/2026 22:31:02,904,4.549,GOC,0,17.00589,793
21/06/2026 22:31:07,908,4.548,HUF,0,17.00485,1821
21/06/2026 22:31:12,914,4.547,HUF,0,17.00303,794
21/06/2026 22:31:16,918,4.546,HUF,0,17.00187,1821
21/06/2026 22:31:21,922,4.546,HUF,0,17.00075,801
21/06/2026 22:31:25,927,4.545,HUF,0,16.9994,782
21/06/2026 22:31:30,932,4.544,HUF,0,16.9981,1507
21/06/2026 22:31:35,936,4.542571,HUF,0,16.99709,783
21/06/2026 22:31:39,940,4.542,HUF,0,16.99612,798
21/06/2026 22:31:43,944,4.541,HUF,0,16.99479,2631
21/06/2026 22:31:47,948,4.54,GOC,0,16.99419,5330
21/06/2026 22:31:51,953,4.539,HUF,0,16.99314,2198
21/06/2026 22:31:56,957,4.538,HUF,0,16.99234,4193
21/06/2026 22:32:00,961,4.537186,HUF,0,16.99121,2835
21/06/2026 22:32:05,966,4.53607,HUF,0,16.99038,804
21/06/2026 22:32:10,970,4.535,HUF,0,16.9897,795
21/06/2026 22:32:25,986,4.530255,HUF,0,16.98654,1308
21/06/2026 22:32:32,992,4.529,HUF,0,16.98573,862
21/06/2026 22:32:37,998,4.527,HUF,0,16.98474,1944
21/06/2026 22:32:41,1002,4.527,HUF,0,16.9841,784
21/06/2026 22:32:46,1006,4.52591,HUF,0,16.98347,1460
21/06/2026 22:32:50,1011,4.525029,HUF,0,16.98272,806
21/06/2026 22:33:00,1019,4.523,HUF,0,16.98125,1368
21/06/2026 22:33:05,1026,4.522129,HUF,0,16.98061,797
21/06/2026 22:33:10,1031,4.521355,HUF,0,16.97994,807
21/06/2026 22:33:15,1035,4.521,HUF,0,16.97936,791
21/06/2026 22:33:20,1040,4.52,HUF,0,16.97876,811
21/06/2026 22:33:24,1045,4.519,HUF,0,16.97814,1984
21/06/2026 22:33:29,1050,4.518,HUF,0,16.97753,3181
21/06/2026 22:33:34,1055,4.516,HUF,0,16.97693,809
21/06/2026 22:33:41,1062,4.512,GOC,0,16.97613,800
21/06/2026 22:33:46,1067,4.509,HUF,0,16.97557,792
21/06/2026 22:33:50,1071,4.507248,HUF,0,16.97505,801
21/06/2026 22:33:55,1076,4.504799,HUF,0,16.9746,789
21/06/2026 22:34:05,1085,4.501,HUF,0,16.97363,791
21/06/2026 22:34:09,1090,4.499,HUF,0,16.97318,797
21/06/2026 22:34:17,1097,4.497,GOC,0,16.97246,1831
21/06/2026 22:34:24,1102,4.496,HUF,0,16.97195,1161
21/06/2026 22:34:44,1125,4.492,GOC,0,16.97004,799
21/06/2026 22:35:05,1141,4.489409,HUF,0,16.96856,3877
21/06/2026 22:35:11,1151,4.487262,HUF,0,16.96798,1677
21/06/2026 22:35:17,1157,4.486,HUF,0,16.96754,789
21/06/2026 22:35:22,1162,4.484,HUF,0,16.96687,801
21/06/2026 22:35:27,1167,4.482,HUF,0,16.96682,872
21/06/2026 22:35:31,1172,4.481,HUF,0,16.96647,956
21/06/2026 22:35:36,1177,4.48,HUF,0,16.96617,799
21/06/2026 22:35:41,1181,4.478537,HUF,0,16.9659,791
21/06/2026 22:35:45,1185,4.478,HUF,0,16.96564,889
21/06/2026 22:35:50,1191,4.476409,HUF,0,16.96525,1333
21/06/2026 22:35:55,1195,4.476,HUF,0,16.965,804
21/06/2026 22:36:01,1201,4.474386,HUF,0,16.96459,802
21/06/2026 22:36:06,1206,4.473266,HUF,0,16.96432,785
21/06/2026 22:36:11,1211,4.472083,HUF,0,16.96402,790
21/06/2026 22:36:15,1215,4.471,HUF,0,16.9637,793
21/06/2026 22:36:19,1219,4.47,HUF,0,16.96356,803
21/06/2026 22:36:24,1224,4.469,GOC,0,16.96327,1744
21/06/2026 22:36:30,1230,4.468,HUF,0,16.96285,802
21/06/2026 22:36:35,1236,4.467207,HUF,0,16.96255,783
21/06/2026 22:36:41,1241,4.466488,HUF,0,16.9621,1133
21/06/2026 22:36:47,1247,4.465,HUF,0,16.96203,1608
21/06/2026 22:36:50,1250,4.465,HUF,0,16.9619,802
21/06/2026 22:36:56,1256,4.463985,HUF,0,16.96157,795
21/06/2026 22:37:01,1261,4.463184,HUF,0,16.96109,894
21/06/2026 22:37:06,1266,4.462313,HUF,0,16.96099,797
21/06/2026 22:37:11,1271,4.4615,HUF,0,16.96083,791
21/06/2026 22:37:18,1278,4.46,HUF,0,16.96053,827
21/06/2026 22:37:23,1283,4.459,HUF,0,16.9603,1660
21/06/2026 22:37:29,1289,4.457,HUF,0,16.96002,1709
21/06/2026 22:37:34,1294,4.456,GOC,0,16.9598,1103
21/06/2026 22:37:39,1298,4.454,GOC,0,16.95962,804
21/06/2026 22:37:44,1304,4.453,HUF,0,16.95926,2453
21/06/2026 22:37:49,1309,4.451,GOC,0,16.95907,1233
21/06/2026 22:37:53,1313,4.45,GOC,0,16.95898,4793
21/06/2026 22:37:58,1317,4.449,HUF,0,16.95868,801
21/06/2026 22:38:02,1322,4.448,HUF,0,16.95848,2715
21/06/2026 22:38:07,1326,4.447596,HUF,0,16.95847,2845
21/06/2026 22:38:13,1333,4.446,HUF,0,16.95819,803
21/06/2026 22:38:18,1338,4.445,HUF,0,16.958,1638
21/06/2026 22:38:22,1342,4.444,HUF,0,16.95785,791
21/06/2026 22:38:28,1347,4.443,HUF,0,16.95766,998
21/06/2026 22:38:33,1352,4.442,HUF,0,16.95747,1899
21/06/2026 22:38:41,1360,4.441,HUF,0,16.95713,1642
21/06/2026 22:38:46,1366,4.439699,HUF,0,16.95691,8542
21/06/2026 22:38:51,1370,4.439,HUF,0,16.95679,807
21/06/2026 22:38:56,1375,4.438,HUF,0,16.95647,2021
21/06/2026 22:39:00,1379,4.437,HUF,0,16.9565,1240
21/06/2026 22:39:04,1384,4.436,GOC,0,16.95633,8148
21/06/2026 22:39:09,1388,4.435,HUF,0,16.95617,1214
21/06/2026 22:39:14,1393,4.434,HUF,0,16.95603,2902
21/06/2026 22:39:18,1398,4.434,HUF,0,16.95589,790
21/06/2026 22:39:24,1403,4.433,HUF,0,16.95573,1496
21/06/2026 22:39:30,1409,4.433,HUF,0,16.95538,8253
21/06/2026 22:39:35,1415,4.432,HUF,0,16.95535,2832
21/06/2026 22:39:44,1421,4.430581,GOC,0,16.95514,1190
21/06/2026 22:39:52,1431,4.42767,HUF,0,16.95486,791
21/06/2026 22:40:08,1447,4.423,HUF,0,22.57636,787
21/06/2026 22:40:12,1451,4.421467,HUF,0,19.35117,810
21/06/2026 22:40:17,1456,4.42003,HUF,0,18.34329,3410
21/06/2026 22:40:21,1460,4.419,HUF,0,17.99054,1002
21/06/2026 22:40:25,1464,4.418,HUF,0,17.77623,939
21/06/2026 22:40:29,1468,4.417,GOC,0,17.63632,2399
21/06/2026 22:40:34,1473,4.416,HUF,0,17.51434,1136
21/06/2026 22:40:39,1478,4.416,HUF,0,17.43028,844
21/06/2026 22:40:43,1482,4.415,HUF,0,17.37786,1013
21/06/2026 22:40:46,1486,4.414328,HUF,0,17.33542,788
21/06/2026 22:40:50,1489,4.414,HUF,0,17.30854,929
21/06/2026 22:40:54,1493,4.413,GOC,0,17.27783,3367
21/06/2026 22:40:58,1497,4.413,HUF,0,17.25142,1021
21/06/2026 22:41:02,1501,4.412192,HUF,0,17.22541,1928
21/06/2026 22:41:07,1506,4.411339,HUF,0,17.20427,790
21/06/2026 22:41:11,1510,4.411,HUF,0,17.18882,801
21/06/2026 22:41:15,1514,4.41,GOC,0,17.1744,962
21/06/2026 22:41:20,1519,4.409,GOC,0,17.15826,878
21/06/2026 22:41:24,1523,4.408,HUF,0,17.14639,795
21/06/2026 22:41:28,1526,4.407131,HUF,0,17.13897,788
21/06/2026 22:41:32,1531,4.405629,HUF,0,17.12709,793
21/06/2026 22:41:36,1535,4.404,HUF,0,17.11853,786
21/06/2026 22:41:40,1539,4.403,GOC,0,17.11051,796
21/06/2026 22:41:44,1543,4.402,GOC,0,17.10348,790
21/06/2026 22:41:48,1547,4.401,HUF,0,17.09583,1542
21/06/2026 22:41:52,1551,4.400312,HUF,0,17.09068,800
21/06/2026 22:41:56,1555,4.399,HUF,0,17.08497,939
21/06/2026 22:42:00,1558,4.398,GOC,0,17.08095,1622
21/06/2026 22:42:04,1562,4.398,HUF,0,17.07591,797
21/06/2026 22:42:07,1566,4.39619,HUF,0,17.07134,803
21/06/2026 22:42:12,1570,4.395,HUF,0,17.06679,791
21/06/2026 22:42:15,1574,4.394,HUF,0,17.06265,801
21/06/2026 22:42:20,1578,4.393,GOC,0,17.05863,798
21/06/2026 22:42:24,1583,4.391,HUF,0,17.05433,783
21/06/2026 22:42:28,1587,4.39,HUF,0,17.05056,2234
21/06/2026 22:42:32,1591,4.388903,HUF,0,17.04769,1268
21/06/2026 22:42:37,1595,4.388,HUF,0,17.04463,1038
21/06/2026 22:42:41,1599,4.387,HUF,0,17.04173,3014
21/06/2026 22:42:45,1603,4.387,GOC,0,17.03898,791
21/06/2026 22:42:49,1607,4.386,HUF,0,17.03636,3512
21/06/2026 22:42:53,1611,4.385197,HUF,0,17.03386,966
21/06/2026 22:42:56,1615,4.385,HUF,0,17.03149,806
21/06/2026 22:43:00,1619,4.384,GOC,0,17.02922,799
21/06/2026 22:43:04,1623,4.384,HUF,0,17.02715,799
21/06/2026 22:43:08,1626,4.383056,HUF,0,17.02559,792
21/06/2026 22:43:12,1630,4.382,HUF,0,17.02358,840
21/06/2026 22:43:16,1634,4.382,HUF,0,17.02103,800
21/06/2026 22:43:21,1639,4.381,GOC,0,17.01928,787
21/06/2026 22:43:26,1644,4.38,GOC,0,17.0171,798
21/06/2026 22:43:30,1648,4.379,HUF,0,17.01552,820
21/06/2026 22:43:35,1653,4.379,HUF,0,17.01353,796
21/06/2026 22:43:40,1658,4.377,HUF,0,17.01163,796
21/06/2026 22:43:44,1663,4.376,HUF,0,17.00982,794
21/06/2026 22:43:49,1667,4.375,HUF,0,17.00843,788
21/06/2026 22:43:53,1671,4.374321,HUF,0,17.00709,802
21/06/2026 22:43:57,1675,4.373,HUF,0,17.00579,799
21/06/2026 22:44:00,1678,4.373,GOC,0,17.00485,798
21/06/2026 22:44:04,1682,4.372,HUF,0,17.00363,5049
21/06/2026 22:44:08,1686,4.371057,HUF,0,17.00252,877
21/06/2026 22:44:12,1691,4.369928,HUF,0,17.0011,789
21/06/2026 22:44:16,1694,4.369,HUF,0,17.00027,819
21/06/2026 22:44:21,1699,4.368,GOC,0,16.99894,2710
21/06/2026 22:44:26,1704,4.367,GOC,0,16.99765,2172
21/06/2026 22:44:29,1707,4.367,HUF,0,16.99685,796
21/06/2026 22:44:33,1711,4.365763,HUF,0,16.99594,1442
21/06/2026 22:44:37,1715,4.365,HUF,0,16.995,787
21/06/2026 22:44:41,1719,4.364,HUF,0,16.99409,786
21/06/2026 22:44:44,1722,4.363,HUF,0,16.993,1191
21/06/2026 22:44:49,1727,4.362,HUF,0,16.99234,1276
21/06/2026 22:44:53,1731,4.36174,HUF,0,16.99121,795
21/06/2026 22:44:57,1735,4.361,HUF,0,16.99069,791
21/06/2026 22:45:02,1740,4.36,HUF,0,16.98976,1097
21/06/2026 22:45:06,1744,4.36,GOC,0,16.98894,923
21/06/2026 22:45:10,1748,4.359,GOC,0,16.98825,784
21/06/2026 22:45:15,1753,4.357,HUF,0,16.98734,788
21/06/2026 22:45:19,1756,4.35661,HUF,0,16.98681,900
21/06/2026 22:45:24,1762,4.355,HUF,0,16.98573,784
21/06/2026 22:45:28,1766,4.354533,HUF,0,16.98512,788
21/06/2026 22:45:32,1770,4.353,HUF,0,16.98447,792
21/06/2026 22:45:36,1774,4.352,HUF,0,16.98384,1586
21/06/2026 22:45:41,1779,4.351,GOC,0,16.98307,789
21/06/2026 22:45:46,1783,4.35,GOC,0,16.98247,3310
21/06/2026 22:45:50,1788,4.349,HUF,0,16.98174,1148
21/06/2026 22:45:55,1792,4.348,HUF,0,16.98098,796
21/06/2026 22:45:59,1797,4.347,HUF,0,16.98048,787
21/06/2026 22:46:03,1801,4.345839,HUF,0,16.97998,1083
21/06/2026 22:46:08,1806,4.344562,HUF,0,16.97933,829
21/06/2026 22:46:12,1810,4.344,HUF,0,16.97867,793
21/06/2026 22:46:16,1814,4.343,HUF,0,16.97831,799
21/06/2026 22:46:21,1819,4.342,GOC,0,16.9777,2837
21/06/2026 22:46:25,1823,4.341,HUF,0,16.97721,2802
21/06/2026 22:46:29,1827,4.34,HUF,0,16.97675,789
21/06/2026 22:46:34,1831,4.339513,HUF,0,16.97629,796
21/06/2026 22:46:38,1836,4.338618,HUF,0,16.97572,1613
21/06/2026 22:46:42,1840,4.338,HUF,0,16.97528,788
21/06/2026 22:46:47,1845,4.337,HUF,0,16.97475,805
21/06/2026 22:46:52,1850,4.336,HUF,0,16.97423,795
21/06/2026 22:46:56,1854,4.335,HUF,0,16.97382,797
21/06/2026 22:47:01,1859,4.334,GOC,0,16.97336,1778
21/06/2026 22:47:05,1863,4.333,HUF,0,16.97296,876
21/06/2026 22:47:10,1868,4.332,HUF,0,16.97248,957
21/06/2026 22:47:14,1872,4.331,HUF,0,16.97211,2391
21/06/2026 22:47:18,1876,4.330782,HUF,0,16.97174,1726
21/06/2026 22:47:23,1880,4.33,HUF,0,16.97138,1497
21/06/2026 22:47:27,1884,4.33,HUF,0,16.97102,796
21/06/2026 22:47:31,1888,4.329,GOC,0,16.9706,4966
21/06/2026 22:47:35,1893,4.328,HUF,0,16.97025,789
21/06/2026 22:47:39,1897,4.328,HUF,0,16.96991,1501
21/06/2026 22:47:44,1901,4.327205,HUF,0,16.96958,782
21/06/2026 22:47:48,1906,4.326316,HUF,0,16.96918,787
21/06/2026 22:47:53,1910,4.326,HUF,0,16.96875,802
21/06/2026 22:47:57,1914,4.325,HUF,0,16.96855,791
21/06/2026 22:48:01,1918,4.324,GOC,0,16.96824,790
21/06/2026 22:48:06,1923,4.323,HUF,0,16.9679,2642
21/06/2026 22:48:10,1927,4.322,HUF,0,16.96754,788
21/06/2026 22:48:15,1932,4.321,HUF,0,16.96725,794
21/06/2026 22:48:19,1937,4.32,HUF,0,16.96689,787
21/06/2026 22:48:24,1941,4.319386,HUF,0,16.96658,792
21/06/2026 22:48:28,1945,4.318,HUF,0,16.96634,1519
21/06/2026 22:48:32,1949,4.317,HUF,0,16.96597,1057
21/06/2026 22:48:36,1954,4.316,GOC,0,16.96574,799
21/06/2026 22:48:40,1958,4.315,HUF,0,16.96521,782
21/06/2026 22:48:44,1961,4.314711,HUF,0,16.96525,812
21/06/2026 22:48:49,1966,4.313859,HUF,0,16.96497,794
21/06/2026 22:48:54,1971,4.312948,HUF,0,16.96456,801
21/06/2026 22:48:58,1975,4.312,HUF,0,16.96441,788
21/06/2026 22:49:02,1979,4.312,HUF,0,16.96414,797
21/06/2026 22:49:06,1984,4.311,GOC,0,16.96391,792
21/06/2026 22:49:11,1988,4.31,HUF,0,16.96368,1210
21/06/2026 22:49:16,1993,4.309,HUF,0,16.96339,797
21/06/2026 22:49:20,1997,4.308,HUF,0,16.96317,896
21/06/2026 22:49:23,2000,4.307,HUF,0,16.963,790
21/06/2026 22:49:27,2004,4.306,HUF,0,16.96278,805
21/06/2026 22:49:32,2009,4.305,GOC,0,16.96251,803
21/06/2026 22:49:37,2014,4.304,GOC,0,16.96224,1377
21/06/2026 22:49:40,2017,4.303,HUF,0,16.962,798
21/06/2026 22:49:45,2022,4.302,HUF,0,16.96183,2317
21/06/2026 22:49:50,2027,4.301,HUF,0,16.96157,794
21/06/2026 22:49:54,2031,4.300005,HUF,0,16.96138,960
21/06/2026 22:49:59,2035,4.299,HUF,0,16.96121,907
21/06/2026 22:50:03,2040,4.297,HUF,0,16.96094,1277
21/06/2026 22:50:08,2045,4.295,HUF,0,16.96073,792
21/06/2026 22:50:12,2049,4.294,GOC,0,16.96054,1205
21/06/2026 22:50:16,2053,4.292,HUF,0,16.96035,789
21/06/2026 22:50:21,2058,4.291,HUF,0,16.96012,816
21/06/2026 22:50:25,2062,4.29,HUF,0,16.95994,823
21/06/2026 22:50:30,2066,4.288683,HUF,0,16.95974,1351
21/06/2026 22:50:34,2070,4.288,HUF,0,16.95959,792
21/06/2026 22:50:38,2074,4.287,HUF,0,16.95942,932
21/06/2026 22:50:42,2079,4.286,GOC,0,16.9592,807
21/06/2026 22:50:47,2084,4.285,GOC,0,16.95899,1572
21/06/2026 22:50:52,2089,4.284,HUF,0,16.95878,792
21/06/2026 22:50:57,2093,4.284,HUF,0,16.95862,793
21/06/2026 22:51:02,2098,4.283,HUF,0,16.95845,789
21/06/2026 22:51:05,2102,4.283,HUF,0,16.95829,1395
21/06/2026 22:51:10,2107,4.282,HUF,0,16.95809,808
21/06/2026 22:51:15,2111,4.281435,HUF,0,16.95791,812
21/06/2026 22:51:19,2115,4.281,HUF,0,16.95778,804
21/06/2026 22:51:23,2120,4.28,HUF,0,16.95757,789
21/06/2026 22:51:28,2125,4.279,HUF,0,16.95741,2455
21/06/2026 22:51:33,2129,4.278,GOC,0,16.95721,797
21/06/2026 22:51:37,2134,4.277,GOC,0,16.95708,799
21/06/2026 22:51:41,2137,4.277,HUF,0,16.95697,790
21/06/2026 22:51:45,2141,4.275609,HUF,0,16.95673,809
21/06/2026 22:53:42,2258,4.253,GOC,0,17.13588,839
21/06/2026 22:53:47,2263,4.252,HUF,0,17.12444,1757
21/06/2026 22:53:54,2270,4.251,HUF,0,17.11025,924
21/06/2026 22:55:33,2368,4.229,HUF,0,17.02051,2275
21/06/2026 22:55:38,2373,4.228,HUF,0,17.0183,809
21/06/2026 22:55:42,2377,4.227,HUF,0,17.0166,964
21/06/2026 22:55:46,2381,4.226446,HUF,0,17.01481,828
21/06/2026 22:55:50,2386,4.225395,HUF,0,17.0131,6396
21/06/2026 22:55:55,2390,4.225,HUF,0,17.0116,7413
21/06/2026 22:56:00,2395,4.224,HUF,0,17.00958,4860
21/06/2026 22:56:04,2399,4.223,HUF,0,17.00775,1788
21/06/2026 22:56:07,2402,4.222,HUF,0,17.00735,1901
21/06/2026 22:56:11,2406,4.221632,HUF,0,17.00613,2248
21/06/2026 22:56:16,2411,4.22081,HUF,0,17.00457,798
21/06/2026 22:56:21,2417,4.22,HUF,0,17.00265,7187
21/06/2026 22:56:25,2421,4.219433,HUF,0,17.00137,2288
21/06/2026 22:56:32,2425,4.219,HUF,0,17.00054,3474
21/06/2026 22:56:36,2432,4.218,HUF,0,16.99869,4002
21/06/2026 22:56:42,2437,4.217,HUF,0,16.99742,2848
21/06/2026 22:56:46,2441,4.215869,HUF,0,16.99626,7094
21/06/2026 22:56:50,2446,4.2149,HUF,0,16.99527,5375
21/06/2026 22:56:54,2449,4.214,HUF,0,16.99458,1369
21/06/2026 22:56:58,2454,4.213,GOC,0,16.99347,1234
21/06/2026 22:57:03,2458,4.212,HUF,0,16.99237,808
21/06/2026 22:57:40,2495,0,HUF,0,22.57636,796
21/06/2026 22:57:44,2499,4.202,HUF,0,19.35117,845
21/06/2026 22:57:50,2505,4.201,HUF,0,18.23475,801
21/06/2026 22:57:54,2509,4.201,HUF,0,17.92619,792
21/06/2026 22:57:58,2514,4.2,GOC,0,17.70192,3227
21/06/2026 22:58:03,2517,4.199,HUF,0,17.60956,939
21/06/2026 22:58:07,2522,4.199,HUF,0,17.49726,784
21/06/2026 22:58:11,2526,4.197885,HUF,0,17.43079,802
21/06/2026 22:58:15,2530,4.197,HUF,0,17.3774,914
21/06/2026 22:58:20,2535,4.196,HUF,0,17.32604,801
21/06/2026 22:58:24,2539,4.195,HUF,0,17.2929,802
21/06/2026 22:58:28,2543,4.195,HUF,0,17.26461,3434
21/06/2026 22:58:36,2551,4.193316,HUF,0,17.21955,800
21/06/2026 22:58:40,2555,4.192,HUF,0,17.20049,791
21/06/2026 22:58:45,2560,4.192,GOC,0,17.18127,804
21/06/2026 22:58:50,2565,4.19,HUF,0,17.16445,788
21/06/2026 22:58:54,2569,4.189,GOC,0,17.15239,1070
21/06/2026 22:59:03,2577,4.185,GOC,0,17.13168,949
21/06/2026 22:59:07,2582,4.183,HUF,0,17.1206,940
21/06/2026 22:59:12,2586,4.181706,HUF,0,17.11258,3899
21/06/2026 22:59:16,2590,4.181,HUF,0,17.1054,1184
21/06/2026 22:59:20,2595,4.179,HUF,0,17.09418,801
21/06/2026 22:59:24,2599,4.178,GOC,0,17.09083,793
21/06/2026 22:59:28,2603,4.177,HUF,0,17.08512,790
21/06/2026 22:59:32,2607,4.176,HUF,0,17.0798,1229
21/06/2026 22:59:36,2611,4.175298,HUF,0,17.07456,783
21/06/2026 22:59:40,2615,4.174,HUF,0,17.07021,794
21/06/2026 22:59:44,2618,4.174,GOC,0,17.06692,974
21/06/2026 22:59:48,2622,4.173,HUF,0,17.06278,799
21/06/2026 22:59:52,2626,4.172039,HUF,0,17.05889,1668
21/06/2026 22:59:56,2631,4.171131,HUF,0,17.05433,796
21/06/2026 23:00:00,2634,4.171,HUF,0,17.05151,793
21/06/2026 23:00:04,2638,4.17,GOC,0,17.04848,1241
21/06/2026 23:00:07,2642,4.17,HUF,0,17.04538,790
21/06/2026 23:00:12,2646,4.168917,HUF,0,17.04244,1629
21/06/2026 23:00:17,2651,4.168236,HUF,0,17.03908,790
21/06/2026 23:00:22,2655,4.168,HUF,0,17.03646,791
21/06/2026 23:00:27,2661,4.166782,HUF,0,17.03276,789
21/06/2026 23:00:31,2665,4.166,HUF,0,17.03044,787
21/06/2026 23:00:34,2669,4.166,HUF,0,17.02813,994
21/06/2026 23:00:39,2673,4.165,GOC,0,17.0261,797
21/06/2026 23:00:45,2679,4.164,HUF,0,17.02309,792
21/06/2026 23:00:49,2683,4.163,GOC,0,17.02119,795
21/06/2026 23:00:53,2687,4.162,HUF,0,17.01937,1397
21/06/2026 23:00:58,2692,4.161,HUF,0,17.01719,792
21/06/2026 23:01:04,2698,4.159,HUF,0,17.01471,5955
21/06/2026 23:01:17,2711,4.154611,HUF,0,17.0099,886
21/06/2026 23:01:22,2716,4.153197,HUF,0,17.00801,788
21/06/2026 23:01:27,2721,4.15216,HUF,0,17.00651,836
21/06/2026 23:01:31,2725,4.151,HUF,0,17.00523,795
21/06/2026 23:01:37,2731,4.150695,HUF,0,17.0034,798
21/06/2026 23:01:41,2736,4.150006,HUF,0,17.00187,1441
21/06/2026 23:01:45,2740,4.149,HUF,0,17.00082,1830
21/06/2026 23:01:50,2744,4.149,GOC,0,16.99973,784
21/06/2026 23:01:55,2749,4.148,HUF,0,16.99842,791
21/06/2026 23:02:01,2755,4.147,GOC,0,16.99691,806
21/06/2026 23:02:06,2760,4.147,HUF,0,16.9957,790
21/06/2026 23:02:11,2765,4.146,HUF,0,16.99454,796
21/06/2026 23:02:15,2768,4.145,GOC,0,16.99386,797
21/06/2026 23:02:18,2772,4.145,HUF,0,16.9925,842
21/06/2026 23:02:23,2776,4.143854,HUF,0,16.99219,794
21/06/2026 23:02:27,2781,4.142937,HUF,0,16.99115,803
21/06/2026 23:02:31,2785,4.142,HUF,0,16.99035,800
21/06/2026 23:02:35,2789,4.142,HUF,0,16.98957,803
21/06/2026 23:02:39,2793,4.141,HUF,0,16.98881,1027
21/06/2026 23:02:43,2797,4.14,HUF,0,16.98806,1073
21/06/2026 23:02:48,2801,4.139301,HUF,0,16.98734,804
21/06/2026 23:02:55,2809,4.138,HUF,0,16.98584,799
21/06/2026 23:03:01,2814,4.137,HUF,0,16.98512,795
21/06/2026 23:03:04,2817,4.136,HUF,0,16.98463,832
21/06/2026 23:03:09,2823,4.135,HUF,0,16.98368,785
21/06/2026 23:03:14,2827,4.135,HUF,0,16.98312,797
21/06/2026 23:03:18,2832,4.134,HUF,0,16.98237,801
21/06/2026 23:03:22,2836,4.132431,HUF,0,16.98179,792
21/06/2026 23:03:26,2840,4.131,HUF,0,16.98093,1020
21/06/2026 23:03:31,2844,4.13,HUF,0,16.98061,799
21/06/2026 23:03:35,2848,4.128,GOC,0,16.98007,955
21/06/2026 23:03:39,2853,4.127,HUF,0,16.97946,792
21/06/2026 23:03:45,2858,4.125,HUF,0,16.97881,785
21/06/2026 23:03:50,2863,4.124,HUF,0,16.97818,5012
21/06/2026 23:03:55,2868,4.123,HUF,0,16.97757,793
21/06/2026 23:03:59,2873,4.123,HUF,0,16.97693,784
21/06/2026 23:04:05,2878,4.122,HUF,0,16.9764,791
21/06/2026 23:04:09,2882,4.122,HUF,0,16.9759,804
21/06/2026 23:04:13,2887,4.121,HUF,0,16.97544,1159
21/06/2026 23:04:17,2891,4.120738,HUF,0,16.97471,796
21/06/2026 23:04:22,2895,4.12,HUF,0,16.97458,1037
21/06/2026 23:04:26,2899,4.12,GOC,0,16.97416,794
21/06/2026 23:04:30,2904,4.119,GOC,0,16.97366,803
21/06/2026 23:04:34,2907,4.119,HUF,0,16.97336,1893
21/06/2026 23:04:38,2911,4.117854,HUF,0,16.97292,1029
21/06/2026 23:04:42,2916,4.117107,HUF,0,16.97248,1929
21/06/2026 23:04:46,2920,4.116,HUF,0,16.97207,788
21/06/2026 23:04:51,2924,4.116,GOC,0,16.97174,798
21/06/2026 23:04:56,2929,4.115,GOC,0,16.97117,797
21/06/2026 23:05:01,2935,4.114,GOC,0,16.97076,986
21/06/2026 23:05:05,2939,4.113,GOC,0,16.97042,796
21/06/2026 23:05:10,2943,4.112,HUF,0,16.97012,792
21/06/2026 23:05:18,2951,4.110977,HUF,0,16.96946,923
21/06/2026 23:05:22,2955,4.11,HUF,0,16.9691,801
21/06/2026 23:05:27,2960,4.109,HUF,0,16.96874,789
21/06/2026 23:05:31,2964,4.108,GOC,0,16.96843,796
21/06/2026 23:05:36,2969,4.107,GOC,0,16.96805,803
21/06/2026 23:05:40,2973,4.107,HUF,0,16.96775,5551
21/06/2026 23:05:44,2977,4.106,HUF,0,16.96746,788
21/06/2026 23:05:49,2982,4.105,HUF,0,16.9671,950
21/06/2026 23:05:53,2986,4.103904,HUF,0,16.96682,803
21/06/2026 23:05:57,2990,4.103,HUF,0,16.96654,1318
21/06/2026 23:06:01,2994,4.102,GOC,0,16.96627,797
21/06/2026 23:06:05,2998,4.101,HUF,0,16.966,791
21/06/2026 23:06:09,3002,4.1,HUF,0,16.96554,784
21/06/2026 23:06:13,3006,4.098492,HUF,0,16.96551,1413
21/06/2026 23:06:17,3010,4.097,HUF,0,16.96525,1073
21/06/2026 23:06:22,3015,4.096,HUF,0,16.9649,794
21/06/2026 23:06:27,3020,4.095,HUF,0,16.96463,2524
21/06/2026 23:06:31,3024,4.094,HUF,0,16.96435,789
21/06/2026 23:06:35,3028,4.093,GOC,0,16.96414,790
21/06/2026 23:06:39,3032,4.093,HUF,0,16.96391,798
21/06/2026 23:06:44,3036,4.091854,HUF,0,16.96368,789
21/06/2026 23:06:48,3041,4.090798,HUF,0,16.96339,800
21/06/2026 23:06:52,3045,4.09,HUF,0,16.96317,916
21/06/2026 23:06:57,3049,4.089,HUF,0,16.96294,1027
21/06/2026 23:07:01,3054,4.088,GOC,0,16.96267,1404
21/06/2026 23:07:05,3058,4.087,GOC,0,16.96234,789
21/06/2026 23:07:10,3063,4.086,HUF,0,16.96219,898
21/06/2026 23:07:14,3066,4.085786,HUF,0,16.96206,835
21/06/2026 23:07:18,3071,4.084955,HUF,0,16.96181,1049
21/06/2026 23:07:22,3075,4.084,HUF,0,16.9616,836
21/06/2026 23:07:26,3079,4.084,GOC,0,16.9614,797
21/06/2026 23:07:30,3083,4.083,HUF,0,16.96121,797
21/06/2026 23:07:34,3087,4.082,HUF,0,16.96101,800
21/06/2026 23:07:38,3091,4.081358,HUF,0,16.96082,999
21/06/2026 23:07:42,3095,4.08,HUF,0,16.96063,802
21/06/2026 23:07:47,3099,4.079,HUF,0,16.96036,821
21/06/2026 23:07:51,3103,4.078,HUF,0,16.96021,805
21/06/2026 23:07:57,3110,4.075,HUF,0,16.95994,1215
21/06/2026 23:08:01,3113,4.074,GOC,0,16.95975,803
21/06/2026 23:08:08,3121,4.071853,HUF,0,16.95949,786
21/06/2026 23:08:12,3125,4.071,HUF,0,16.95929,788
21/06/2026 23:08:17,3129,4.07,GOC,0,16.95914,1013
21/06/2026 23:08:21,3133,4.069,GOC,0,16.95898,800
21/06/2026 23:08:25,3138,4.068,HUF,0,16.95877,801
21/06/2026 23:08:29,3141,4.067843,HUF,0,16.95865,825
21/06/2026 23:08:33,3146,4.066787,HUF,0,16.95845,2104
21/06/2026 23:08:38,3150,4.066,HUF,0,16.95829,790
21/06/2026 23:08:42,3154,4.065,HUF,0,16.95813,785
21/06/2026 23:08:46,3159,4.064,GOC,0,16.95788,805
21/06/2026 23:08:51,3163,4.063,HUF,0,16.95778,1893
21/06/2026 23:08:56,3168,4.062,HUF,0,16.95759,5659
21/06/2026 23:09:00,3173,4.061,HUF,0,16.95741,797
21/06/2026 23:09:04,3176,4.060825,HUF,0,16.9573,798
21/06/2026 23:09:09,3182,4.06,HUF,0,16.95708,789
21/06/2026 23:09:14,3186,4.059292,HUF,0,16.95696,798
21/06/2026 23:09:18,3191,4.058424,HUF,0,16.95676,791
21/06/2026 23:09:24,3196,4.057684,HUF,0,16.95661,1691
21/06/2026 23:09:29,3201,4.056869,HUF,0,16.95642,800
21/06/2026 23:09:34,3206,4.056108,HUF,0,16.95627,1897
21/06/2026 23:09:37,3210,4.056,HUF,0,16.95611,853
21/06/2026 23:09:42,3214,4.055,GOC,0,16.95596,1249
21/06/2026 23:09:47,3219,4.054,GOC,0,16.95584,4052
21/06/2026 23:09:51,3224,4.053,GOC,0,16.95568,3557
21/06/2026 23:09:56,3228,4.053,HUF,0,16.95551,1534
21/06/2026 23:10:03,3235,4.052,HUF,0,16.95527,5640
21/06/2026 23:10:07,3239,4.051,HUF,0,16.95521,795
21/06/2026 23:10:11,3243,4.051,GOC,0,16.95506,2117
21/06/2026 23:10:15,3247,4.05,HUF,0,16.95499,1000
21/06/2026 23:10:21,3253,4.049,HUF,0,16.95481,3368
21/06/2026 23:10:26,3258,4.047,HUF,0,16.95464,792
21/06/2026 23:10:30,3262,4.046,HUF,0,16.95455,796
21/06/2026 23:10:34,3266,4.045271,HUF,0,16.95443,796
21/06/2026 23:10:39,3270,4.044,HUF,0,16.95432,786
21/06/2026 23:10:43,3275,4.043,HUF,0,16.95418,796
21/06/2026 23:10:48,3280,4.042,HUF,0,16.95399,1133
21/06/2026 23:10:53,3285,4.041,HUF,0,16.9539,2248
21/06/2026 23:10:58,3290,4.039,HUF,0,16.95372,1106
21/06/2026 23:11:03,3295,4.039,HUF,0,16.95365,1495
21/06/2026 23:11:07,3299,4.038,GOC,0,16.95352,1435
21/06/2026 23:11:12,3304,4.037,HUF,0,16.95341,797
21/06/2026 23:11:19,3311,4.036062,HUF,0,16.95323,794
21/06/2026 23:11:24,3316,4.035362,HUF,0,16.95311,2441
21/06/2026 23:11:28,3320,4.035,HUF,0,16.95301,801
21/06/2026 23:11:34,3325,4.034,HUF,0,16.95288,796
21/06/2026 23:11:38,3330,4.034,HUF,0,16.95276,1082
21/06/2026 23:11:43,3334,4.033,HUF,0,16.95266,972
21/06/2026 23:11:47,3338,4.033,GOC,0,16.95256,800
21/06/2026 23:11:52,3344,4.032,GOC,0,16.95242,1542
21/06/2026 23:11:57,3349,4.031,GOC,0,16.9523,795
21/06/2026 23:12:02,3354,4.03,GOC,0,16.95217,841
21/06/2026 23:12:06,3358,4.029,HUF,0,16.95212,867
21/06/2026 23:12:11,3362,4.029,HUF,0,16.95202,1646
21/06/2026 23:12:15,3366,4.027793,HUF,0,16.9519,846
21/06/2026 23:12:20,3371,4.026613,HUF,0,16.95182,786
21/06/2026 23:12:25,3376,4.03359,HUF,0,16.95171,3470
21/06/2026 23:12:29,3381,4.032683,HUF,0,16.9516,2631
21/06/2026 23:12:38,3388,4.031,HUF,0,16.95145,789
21/06/2026 23:12:42,3394,4.03,GOC,0,16.95129,794
21/06/2026 23:12:47,3398,4.029,HUF,0,16.95124,4297
21/06/2026 23:12:52,3403,4.028,HUF,0,16.95112,3550
21/06/2026 23:12:56,3407,4.027,HUF,0,16.95098,842
21/06/2026 23:13:00,3411,4.025946,HUF,0,16.95097,790
21/06/2026 23:13:04,3415,4.025,HUF,0,16.95091,791
21/06/2026 23:13:09,3420,4.024,HUF,0,16.95079,1006
21/06/2026 23:13:13,3425,4.023,HUF,0,16.95071,794
21/06/2026 23:13:18,3429,4.022,GOC,0,16.95063,953
21/06/2026 23:13:22,3433,4.021,GOC,0,16.95055,1307
21/06/2026 23:13:27,3438,4.02,HUF,0,16.95028,795
21/06/2026 23:13:33,3444,4.018,HUF,0,16.95034,794
21/06/2026 23:13:40,3451,4.016726,GOC,0,16.95021,784
21/06/2026 23:13:44,3455,4.016,HUF,0,16.95012,800
21/06/2026 23:13:48,3459,4.015,HUF,0,16.95006,1515
21/06/2026 23:13:52,3463,4.015,GOC,0,16.94999,786
21/06/2026 23:13:56,3467,4.014,HUF,0,16.94991,1083
21/06/2026 23:14:00,3471,4.013179,HUF,0,16.94983,1123
21/06/2026 23:14:05,3476,4.012139,HUF,0,16.9497,790
21/06/2026 23:14:09,3480,4.011,HUF,0,16.9497,828
21/06/2026 23:14:13,3484,4.011,HUF,0,16.94963,793
21/06/2026 23:14:18,3489,4.01,GOC,0,16.94954,787
21/06/2026 23:14:23,3493,4.009,GOC,0,16.94947,795
21/06/2026 23:14:28,3499,4.009,HUF,0,16.94937,1223
21/06/2026 23:14:32,3503,4.008,GOC,0,16.9493,1351
21/06/2026 23:14:37,3508,4.007,HUF,0,16.94922,3644
21/06/2026 23:14:40,3511,4.006578,HUF,0,16.9491,792
21/06/2026 23:14:45,3516,4.005809,HUF,0,16.94909,1505
21/06/2026 23:14:50,3521,4.005022,HUF,0,16.94901,795
21/06/2026 23:14:54,3525,4.004,HUF,0,16.94893,3047
21/06/2026 23:14:59,3529,4.004,HUF,0,16.94889,801
21/06/2026 23:15:04,3535,4.003,HUF,0,16.9488,795
21/06/2026 23:15:08,3539,4.002,GOC,0,16.94873,1960
21/06/2026 23:15:12,3543,4.001,HUF,0,16.94867,793
21/06/2026 23:15:17,3548,3.999,HUF,0,16.94859,798
21/06/2026 23:15:21,3552,3.998,HUF,0,16.94853,899
21/06/2026 23:15:25,3556,3.997371,HUF,0,16.94847,800
21/06/2026 23:15:29,3560,3.997,HUF,0,16.94841,794
21/06/2026 23:15:35,3564,3.996,HUF,0,16.94835,2691
21/06/2026 23:15:40,3570,3.995,HUF,0,16.94826,797
21/06/2026 23:15:44,3574,3.994,HUF,0,16.9482,797
21/06/2026 23:15:49,3579,3.993,GOC,0,16.94813,934
21/06/2026 23:15:53,3584,3.992,GOC,0,16.94806,789
21/06/2026 23:15:59,3589,3.991,GOC,0,16.948,800
21/06/2026 23:16:03,3593,3.99,GOC,0,16.94793,799
21/06/2026 23:16:07,3598,3.989,HUF,0,16.94787,799
21/06/2026 23:16:11,3601,3.988154,HUF,0,16.94783,794
21/06/2026 23:16:15,3606,3.98684,HUF,0,16.94776,794
21/06/2026 23:16:20,3610,3.986,HUF,0,16.94769,3302
21/06/2026 23:16:24,3615,3.985,HUF,0,16.94763,2177
21/06/2026 23:16:29,3619,3.984,HUF,0,16.94757,889
21/06/2026 23:16:33,3624,3.983,GOC,0,16.94751,786
21/06/2026 23:16:38,3628,3.983,HUF,0,16.94746,2518
21/06/2026 23:16:44,3634,3.982,HUF,0,16.94736,869
21/06/2026 23:16:49,3639,3.981,GOC,0,16.94731,887
21/06/2026 23:16:53,3643,3.98,GOC,0,16.94726,2960
21/06/2026 23:16:56,3647,3.979,HUF,0,16.94716,803
21/06/2026 23:17:02,3652,3.978,HUF,0,16.94716,2788
21/06/2026 23:17:06,3656,3.976122,HUF,0,16.94711,1292
21/06/2026 23:17:10,3660,3.975,HUF,0,16.94701,786
21/06/2026 23:17:14,3665,3.973,HUF,0,16.94698,798
21/06/2026 23:17:20,3670,3.972,HUF,0,16.94692,2511
21/06/2026 23:17:24,3674,3.971,GOC,0,16.94688,827
21/06/2026 23:17:29,3679,3.969,GOC,0,16.94682,4072
21/06/2026 23:17:32,3683,3.968,HUF,0,16.94671,801
21/06/2026 23:17:37,3687,3.967,HUF,0,16.94672,794
21/06/2026 23:17:41,3691,3.966323,HUF,0,16.94667,802
21/06/2026 23:17:46,3696,3.965352,HUF,0,16.9464,787
21/06/2026 23:17:50,3701,3.964227,HUF,0,16.94651,793
21/06/2026 23:17:54,3704,3.964,HUF,0,16.94652,1588
21/06/2026 23:17:58,3708,3.963,GOC,0,16.94647,802
21/06/2026 23:18:04,3714,3.961,GOC,0,16.94633,804
21/06/2026 23:18:09,3719,3.96,GOC,0,16.94633,801
21/06/2026 23:18:13,3723,3.959,GOC,0,16.94629,791
21/06/2026 23:18:18,3728,3.958,HUF,0,16.94626,784
21/06/2026 23:18:22,3732,3.957,HUF,0,16.94621,800
21/06/2026 23:18:30,3740,3.956,HUF,0,16.94611,1382
21/06/2026 23:18:34,3744,3.955,GOC,0,16.94608,786
21/06/2026 23:18:38,3748,3.954,GOC,0,16.94602,5676
21/06/2026 23:18:42,3752,3.954,HUF,0,16.94598,800
21/06/2026 23:18:47,3756,3.953146,HUF,0,16.94593,805
21/06/2026 23:18:52,3761,3.952561,HUF,0,16.94589,791
21/06/2026 23:18:56,3766,3.951769,HUF,0,16.94584,6889
21/06/2026 23:19:00,3769,3.951,HUF,0,16.9458,792
21/06/2026 23:19:04,3774,3.95,GOC,0,16.94577,1048
21/06/2026 23:19:09,3778,3.95,HUF,0,16.9457,827
21/06/2026 23:19:13,3783,3.949,HUF,0,16.94567,790
21/06/2026 23:19:17,3787,3.948,HUF,0,16.94563,917
21/06/2026 23:19:20,3790,3.948,HUF,0,16.9456,2007
21/06/2026 23:19:25,3794,3.947,HUF,0,16.94556,4150
21/06/2026 23:19:30,3800,3.946,GOC,0,16.9455,793
21/06/2026 23:19:34,3804,3.945,GOC,0,16.94545,790
21/06/2026 23:19:39,3808,3.944,HUF,0,16.94542,1878
21/06/2026 23:19:43,3813,3.943,HUF,0,16.94534,799
21/06/2026 23:19:48,3818,3.942,HUF,0,16.94532,791
21/06/2026 23:19:53,3823,3.941,HUF,0,16.94527,796
21/06/2026 23:19:57,3827,3.941,HUF,0,16.94523,794
21/06/2026 23:20:02,3832,3.94,HUF,0,16.9452,2011
21/06/2026 23:20:06,3836,3.939138,HUF,0,16.94516,793
21/06/2026 23:20:11,3840,3.939,HUF,0,16.94512,1437
21/06/2026 23:20:15,3845,3.938,HUF,0,16.94507,1854
21/06/2026 23:20:20,3849,3.937,HUF,0,16.94503,786
21/06/2026 23:20:24,3854,3.936,GOC,0,16.94499,1717
21/06/2026 23:20:30,3859,3.935,HUF,0,16.94492,919
21/06/2026 23:20:34,3864,3.934,HUF,0,16.94489,795
21/06/2026 23:20:39,3868,3.934,HUF,0,16.94486,1670
21/06/2026 23:20:43,3873,3.933,HUF,0,16.9448,2273
21/06/2026 23:20:49,3878,3.932,HUF,0,16.94477,796
21/06/2026 23:20:58,3887,3.93,HUF,0,16.9447,1020
21/06/2026 23:21:02,3891,3.929391,HUF,0,16.94466,1795
21/06/2026 23:21:07,3896,3.928661,HUF,0,16.94462,1489
21/06/2026 23:21:11,3901,3.928019,HUF,0,16.94457,1562
21/06/2026 23:21:16,3905,3.927,HUF,0,16.94454,788
21/06/2026 23:21:21,3910,3.926,HUF,0,16.9445,958
21/06/2026 23:21:25,3915,3.926,HUF,0,16.94445,1038
21/06/2026 23:21:30,3919,3.925,GOC,0,16.94437,789
21/06/2026 23:21:33,1,3.921562,GOC,0,16.95284,0
21/06/2026 23:21:38,3,3.922,HUF,0,16.95283,798
21/06/2026 23:21:43,4,3.921,HUF,0,16.88247,1389
22/06/2026 07:48:19,113,-0.001,HUF,0,0,3253
22/06/2026 07:51:47,61,0.048,HUF,50,11.21002,0
22/06/2026 07:51:51,61,0.048,GOC,50,11.21002,0
22/06/2026 07:51:56,70,0.048,HUF,69.23077,5.649248,0
22/06/2026 07:52:00,70,0.048,HUF,69.23077,5.649248,0
22/06/2026 07:52:08,83,0.048,HUF,76.92308,4.064717,0
22/06/2026 07:52:12,3,0.048,HUF,74.07407,4.14851,0
22/06/2026 07:52:17,3,0.048,HUF,74.07407,4.14851,0
22/06/2026 07:52:44,5,0.048,HUF,72.41379,2.316865,0
22/06/2026 07:52:51,14,0.048,HUF,71.05263,2.761207,0
22/06/2026 07:52:55,14,0.048,HUF,71.05263,2.761207,0
22/06/2026 07:53:28,3,0.048,GOC,65.85366,2.267206,800
22/06/2026 07:53:33,5,0.048,HUF,62.7907,2.457979,789
22/06/2026 07:53:38,10,0.048,HUF,56.25,3.086126,1574
22/06/2026 07:53:42,14,0.048,GOC,51.92308,3.550691,9957
22/06/2026 07:53:47,18,0.048,GOC,48.21429,3.985094,800
22/06/2026 07:53:51,23,0.048,HUF,44.26229,4.489983,807
22/06/2026 07:53:56,28,0.048,HUF,40.90909,4.956972,793
22/06/2026 07:54:01,33,0.048,HUF,38.02817,5.390175,795
22/06/2026 07:54:06,38,0.048,HUF,35.52631,5.79313,796
22/06/2026 07:54:10,42,0.048,HUF,33.75,6.095787,2625
22/06/2026 07:54:15,47,0.048,HUF,31.76471,6.45174,803
22/06/2026 07:54:19,51,0.048,HUF,30.33708,6.720096,795
22/06/2026 07:54:25,57,0.048,HUF,28.42105,7.097729,2688
22/06/2026 07:54:29,61,0.048,HUF,27.27273,7.33448,788
22/06/2026 07:54:34,66,0.048,HUF,25.96154,7.614715,799
22/06/2026 07:54:38,70,0.048,HUF,25,7.827466,785
22/06/2026 07:54:42,74,0.048,GOC,24.10714,8.030678,796
22/06/2026 07:54:46,78,0.055,HUF,23.27586,8.224972,791
22/06/2026 07:54:51,82,0.507,GOC,22.5,8.411006,794
22/06/2026 07:54:55,86,0.048,HUF,21.77419,8.589302,836
22/06/2026 07:54:59,91,0.362938,HUF,20.93023,8.801896,991
22/06/2026 07:55:03,95,0.048,HUF,20.30075,8.964327,799
22/06/2026 07:55:08,99,0.048,HUF,19.70803,9.120439,791
22/06/2026 07:55:13,105,0.048,HUF,18.88112,9.343403,806
22/06/2026 07:55:17,109,0.048,GOC,18.36735,9.485064,805
22/06/2026 07:55:21,113,0.048,GOC,17.88079,9.621529,784
22/06/2026 07:55:25,117,0.048,HUF,17.41936,9.753211,785
22/06/2026 07:55:30,121,0.048,HUF,16.98113,9.880153,801
22/06/2026 07:55:36,127,0.048,HUF,16.36364,10.06236,799
22/06/2026 07:55:40,132,0.048,HUF,15.88235,10.20717,794
22/06/2026 07:55:45,137,0.048,HUF,15.42857,10.34599,802
22/06/2026 07:55:50,141,0.048,HUF,15.0838,10.45299,796
22/06/2026 07:55:54,145,0.048,HUF,14.7541,10.55657,1889
22/06/2026 07:55:58,150,0.048,HUF,14.3617,10.68148,1273
22/06/2026 07:56:03,155,0.048,HUF,13.98964,10.80158,788
22/06/2026 07:56:09,159,0.048,GOC,13.70558,10.89435,803
22/06/2026 07:56:13,165,0.048,HUF,13.30049,11.02846,795
22/06/2026 07:56:19,170,0.055,GOC,12.98077,11.13572,1371
22/06/2026 07:56:24,175,0.053,HUF,12.67606,11.23915,881
22/06/2026 07:56:28,180,0.052,HUF,12.38532,11.33895,792
22/06/2026 07:56:33,184,0.051,GOC,12.16216,11.41627,795
22/06/2026 07:56:37,188,0.051,HUF,11.9469,11.49156,863
22/06/2026 07:56:41,193,0.05,HUF,11.68831,11.58282,795
22/06/2026 07:56:46,197,0.05,HUF,11.48936,11.65362,921
22/06/2026 07:56:50,201,0.049338,HUF,11.29707,11.72257,789
22/06/2026 07:56:55,206,0.049035,HUF,11.06557,11.80627,1639
22/06/2026 07:56:59,1,0.048,HUF,10.84337,11.90574,0
22/06/2026 07:57:04,3,0.048,HUF,10.75697,11.93738,1494
22/06/2026 07:57:36,4,0.048,HUF,10.71429,10.92854,978
22/06/2026 07:57:52,5,0.048,HUF,10.67194,10.4887,763
22/06/2026 07:57:58,6,0.048558,GOC,10.62992,10.33745,775
22/06/2026 07:58:04,10,0.058,HUF,10.46512,10.29636,805
22/06/2026 07:58:09,15,0.063,HUF,10.26616,10.38259,797
22/06/2026 07:58:13,20,0.067,HUF,10.07463,10.46659,803
22/06/2026 07:58:17,23,0.067,GOC,9.963099,10.51596,1673
22/06/2026 07:58:22,28,0.065,HUF,9.782609,10.59659,1806
22/06/2026 07:58:32,37,0.062,HUF,9.473684,10.73674,796
22/06/2026 07:58:37,43,0.063,HUF,9.27835,10.82677,797
22/06/2026 07:58:42,48,0.073,HUF,9.121621,10.89983,795
22/06/2026 07:58:47,53,0.048875,GOC,8.970099,10.97115,790
22/06/2026 07:58:51,57,0.048,GOC,8.852459,11.02701,803
22/06/2026 07:58:56,62,0.062,HUF,8.709678,11.09538,791
22/06/2026 07:59:00,66,0.079125,HUF,8.598726,11.14894,793
22/06/2026 07:59:05,71,0.099138,HUF,8.46395,11.2142,792
22/06/2026 07:59:10,76,0.685091,HUF,8.333334,11.2786,873
22/06/2026 07:59:16,82,0.469875,GOC,8.181818,11.35374,791
22/06/2026 07:59:20,86,0.424038,HUF,8.083832,11.40267,787
22/06/2026 07:59:25,91,0.142,GOC,7.964602,11.46263,849
22/06/2026 07:59:29,95,0.138,HUF,7.87172,11.50974,794
22/06/2026 07:59:33,99,0.146,HUF,7.78098,11.55571,794
22/06/2026 07:59:39,105,0.162,HUF,7.648725,11.62393,16462
22/06/2026 07:59:43,109,0.172,GOC,7.563025,11.66827,1570
22/06/2026 07:59:48,114,0.18,GOC,7.458564,11.72267,788
22/06/2026 07:59:52,118,0.182,GOC,7.377049,11.76535,803
22/06/2026 07:59:57,123,0.18,HUF,7.277628,11.81779,794
22/06/2026 08:00:02,1,0.202437,HUF,7.180851,11.87522,0
22/06/2026 08:00:07,3,0.203,HUF,7.142858,11.89551,800
22/06/2026 08:00:12,3,0.203,HUF,7.142858,11.89551,800
22/06/2026 08:00:32,3,0.188,GOC,7.086615,11.38341,1090
22/06/2026 08:00:36,5,0.176,HUF,7.049608,11.32536,1358
22/06/2026 08:00:41,2,0.0675,GOC,6.958763,11.37794,2024
22/06/2026 08:00:48,8,0.075,HUF,6.852792,11.42297,790
22/06/2026 08:00:53,13,0.091,HUF,6.766918,11.47302,2699
22/06/2026 08:00:59,18,0.119,HUF,6.683168,11.52246,796
22/06/2026 08:01:03,23,0.141,HUF,6.601467,11.57085,807
22/06/2026 08:01:09,29,0.142,HUF,6.506024,11.62776,789
22/06/2026 08:01:13,33,0.151,HUF,6.443914,11.66503,801
22/06/2026 08:01:20,39,0.048,GOC,6.352941,11.72004,799
22/06/2026 08:01:25,44,0.048,GOC,6.27907,11.76497,794
22/06/2026 08:01:31,50,0.048,GOC,6.192661,11.81788,1493
22/06/2026 08:01:35,54,0.048,HUF,6.136364,11.85255,789
22/06/2026 08:01:41,60,0.048,HUF,6.053812,11.90341,830
22/06/2026 08:01:46,65,0.048,HUF,5.986696,11.94552,788
22/06/2026 08:01:51,70,0.093812,HUF,5.921053,11.98602,800
22/06/2026 08:01:57,75,0.058,HUF,5.856833,12.02714,800
22/06/2026 08:02:01,80,0.056,HUF,5.793991,12.06691,1248
22/06/2026 08:02:06,85,0.054,HUF,5.732484,12.10613,795
22/06/2026 08:02:12,91,0.052427,HUF,5.660378,12.15187,793
22/06/2026 08:02:19,96,0.051426,HUF,5.60166,12.19014,4114
22/06/2026 08:02:23,102,0.051,HUF,5.532787,12.23468,790
22/06/2026 08:02:28,107,0.05,HUF,5.476673,12.27127,799
22/06/2026 08:02:33,112,0.05,HUF,5.421687,12.30657,783
22/06/2026 08:02:40,119,0.049,HUF,5.346535,12.35666,790
22/06/2026 08:02:44,123,0.049,HUF,5.304519,12.38443,803
22/06/2026 08:02:49,128,0.049,HUF,5.252918,12.41818,1421
22/06/2026 08:02:54,133,4.575875,HUF,5.202312,12.45214,800
22/06/2026 08:03:00,139,4.572625,HUF,5.142857,12.49224,795
22/06/2026 08:03:05,144,4.572,GOC,5.09434,12.52488,784
22/06/2026 08:03:10,149,4.571,GOC,5.046729,12.55705,808
22/06/2026 08:03:19,158,4.568,HUF,4.963235,12.61379,1782
22/06/2026 08:03:25,164,4.565,HUF,4.909091,12.65081,2157
22/06/2026 08:03:29,168,4.563,HUF,4.873646,12.67513,803
22/06/2026 08:03:34,173,4.561,HUF,4.830054,12.70516,793
22/06/2026 08:03:39,178,0.048,HUF,4.787234,12.73476,1504
22/06/2026 08:03:43,182,0.787,HUF,4.753521,12.75814,870
22/06/2026 08:03:48,187,0.786,HUF,4.712042,12.78701,804
22/06/2026 08:03:52,191,0.785121,HUF,4.679376,12.80982,795
22/06/2026 08:03:57,195,0.785,HUF,4.64716,12.83237,783
22/06/2026 08:04:01,200,4.54925,HUF,4.607509,12.86023,1273
22/06/2026 08:04:05,204,4.549,GOC,4.576271,12.88225,1458
22/06/2026 08:04:10,208,4.548,GOC,4.545455,12.90403,790
22/06/2026 08:04:14,213,4.547,HUF,4.507513,12.9309,1297
22/06/2026 08:04:19,218,4.546,HUF,4.470199,12.95739,790
22/06/2026 08:04:28,224,4.543,HUF,4.426229,12.98883,857
22/06/2026 08:04:37,235,4.539,HUF,4.347826,13.0451,801
22/06/2026 08:04:42,240,4.537,HUF,4.313099,13.07014,1727
22/06/2026 08:04:48,246,4.534223,HUF,4.272152,13.09978,815
22/06/2026 08:04:55,253,4.531,HUF,4.225352,13.13378,808
22/06/2026 08:05:00,258,4.529,HUF,4.192547,13.1577,797
22/06/2026 08:05:05,264,4.527,HUF,4.153846,13.18601,804
22/06/2026 08:05:11,269,4.525,GOC,4.122137,13.20928,797
22/06/2026 08:05:15,274,4.523,GOC,4.090909,13.23224,801
22/06/2026 08:05:20,278,4.521,HUF,4.066265,13.25044,2414
22/06/2026 08:05:26,3,4.503,HUF,4.041916,13.27473,1483
22/06/2026 08:05:52,3,4.465,GOC,4.023845,12.91217,954
22/06/2026 08:05:58,7,4.465,HUF,4,12.87521,791
22/06/2026 08:06:06,16,4.464118,HUF,3.947368,12.9176,810
22/06/2026 08:06:11,20,4.463,HUF,3.924419,12.93616,810
22/06/2026 08:06:16,25,0.018,HUF,3.896104,12.95911,1105
22/06/2026 08:06:20,29,0.757,HUF,3.873744,12.97731,797
22/06/2026 08:06:25,34,0.757,GOC,3.846154,12.9998,1143
22/06/2026 08:06:29,38,0.757,HUF,3.824363,13.01761,799
22/06/2026 08:06:33,42,0.018,GOC,3.802817,13.03527,4177
22/06/2026 08:06:38,47,0.018,HUF,3.776224,13.0571,798
22/06/2026 08:06:42,51,0.018,HUF,3.755216,13.07439,2760
22/06/2026 08:06:48,56,0.018,HUF,3.729282,13.09581,7887
22/06/2026 08:06:53,61,0.018,HUF,3.703704,13.11698,797
22/06/2026 08:06:58,66,0.018,HUF,3.678474,13.13792,793
22/06/2026 08:07:03,71,0.018,HUF,3.653586,13.15862,878
22/06/2026 08:07:08,76,0.018,HUF,3.629032,13.17911,809
22/06/2026 08:07:14,82,1.029,GOC,3.6,13.20339,807
22/06/2026 08:07:18,87,1.05,HUF,3.576159,13.22337,808
22/06/2026 08:07:23,92,1.067,HUF,3.552632,13.2428,814
22/06/2026 08:07:28,97,1.079,HUF,3.529412,13.26276,801
22/06/2026 08:07:36,105,1.092,HUF,3.492885,13.29365,793
22/06/2026 08:07:40,109,1.099,GOC,3.474904,13.30887,796
22/06/2026 08:07:45,113,1.104,HUF,3.457106,13.32403,802
22/06/2026 08:07:50,119,1.844,GOC,3.43075,13.34649,1761
22/06/2026 08:07:55,123,2.277,HUF,3.413401,13.3613,808
22/06/2026 08:08:00,128,2.612,HUF,3.39196,13.37965,810
22/06/2026 08:08:04,133,2.616,GOC,3.370786,13.39779,822
22/06/2026 08:08:10,139,1.994,HUF,3.345725,13.41935,804
22/06/2026 08:08:15,143,1.946,HUF,3.329223,13.43359,834
22/06/2026 08:08:21,148,1.885,HUF,3.308824,13.45116,1807
22/06/2026 08:08:25,154,1.823,GOC,3.284672,13.4721,803
22/06/2026 08:08:31,159,1.781,GOC,3.264813,13.48933,2611
22/06/2026 08:08:36,164,1.748,GOC,3.245192,13.50639,813
22/06/2026 08:08:40,169,1.72,GOC,3.225806,13.52328,811
22/06/2026 08:08:45,173,1.701,HUF,3.210464,13.53659,1997
22/06/2026 08:08:51,180,2.609125,HUF,3.183962,13.55986,1256
22/06/2026 08:08:56,184,2.939,GOC,3.169014,13.5729,898
22/06/2026 08:09:01,189,2.928,GOC,3.150525,13.58921,2241
22/06/2026 08:09:05,194,2.954,GOC,3.132251,13.60529,878
22/06/2026 08:09:11,199,2.518,GOC,3.114187,13.62122,1435
22/06/2026 08:09:17,205,2.447,GOC,3.092783,13.64014,935
22/06/2026 08:09:21,209,2.404,GOC,3.078677,13.65263,800
22/06/2026 08:09:27,216,2.935125,GOC,3.054299,13.67426,1016
22/06/2026 08:09:33,221,2.588223,GOC,3.03712,13.68956,804
22/06/2026 08:09:39,227,3.04,HUF,3.01676,13.7077,799
22/06/2026 08:09:43,232,3.092,HUF,3,13.72266,801
22/06/2026 08:09:52,236,3.140988,HUF,2.986726,13.73448,24408
22/06/2026 08:09:57,245,3.258,GOC,2.957284,13.76094,795
22/06/2026 08:10:01,249,3.313,GOC,2.944384,13.77254,803
22/06/2026 08:10:06,254,3.642,GOC,2.928416,13.78691,801
22/06/2026 08:10:14,260,3.658,GOC,2.909483,13.80399,813
22/06/2026 08:10:19,3,3.805,HUF,2.890792,13.82732,791
22/06/2026 08:10:24,3,3.805,HUF,2.890792,13.82732,791
22/06/2026 08:10:45,3,0.379,GOC,2.881537,13.55749,8583
22/06/2026 08:10:50,6,0.350062,HUF,2.87234,13.52327,796
22/06/2026 08:10:54,10,0.316,HUF,2.860169,13.53516,801
22/06/2026 08:11:00,16,0.70404,GOC,2.842105,13.55284,853
22/06/2026 08:11:05,20,0.27,HUF,2.830189,13.5645,1466
22/06/2026 08:11:09,25,0.324188,HUF,2.815433,13.579,806
22/06/2026 08:11:18,32,3.544,GOC,2.795031,13.59908,901
22/06/2026 08:11:22,38,1.524063,HUF,2.777778,13.6161,803
22/06/2026 08:11:28,44,2.921187,GOC,2.760736,13.63296,794
22/06/2026 08:11:33,49,1.8,GOC,2.746694,13.64681,2568
22/06/2026 08:11:39,54,0.305,HUF,2.732794,13.66065,1658
22/06/2026 08:11:43,59,3.757,GOC,2.719033,13.67433,14315
22/06/2026 08:11:48,64,3.797,GOC,2.705411,13.68789,832
22/06/2026 08:11:52,68,3.836,GOC,2.694611,13.69866,800
22/06/2026 08:11:57,72,0.707937,HUF,2.683897,13.70936,803
22/06/2026 08:12:01,77,4.581,GOC,2.670623,13.72263,803
22/06/2026 08:12:09,84,4.629,HUF,2.652259,13.74102,810
22/06/2026 08:12:13,89,4.67,GOC,2.639296,13.75404,798
22/06/2026 08:12:18,94,4.711,GOC,2.626459,13.76695,1816
22/06/2026 08:12:23,99,4.747,HUF,2.613746,13.77976,800
22/06/2026 08:12:31,106,4.785618,HUF,2.596154,13.79749,801
22/06/2026 08:12:36,111,4.806707,HUF,2.583732,13.81006,803
22/06/2026 08:12:41,117,4.827,HUF,2.568982,13.825,798
22/06/2026 08:12:47,123,4.842,HUF,2.554399,13.8398,805
22/06/2026 08:12:52,127,4.85,HUF,2.544769,13.84959,908
22/06/2026 08:12:57,132,4.859,HUF,2.532833,13.86142,800
22/06/2026 08:13:01,136,4.864235,HUF,2.523365,13.87138,805
22/06/2026 08:13:05,141,4.871044,HUF,2.511628,13.88334,799
22/06/2026 08:13:11,146,4.876303,HUF,2.5,13.89524,5139
22/06/2026 08:13:16,152,4.883,HUF,2.486188,13.90935,800
22/06/2026 08:13:21,156,4.886106,HUF,2.477064,13.91872,984
22/06/2026 08:13:26,161,4.887732,HUF,2.465754,13.93033,795
22/06/2026 08:13:32,167,4.892,HUF,2.452316,13.94414,808
22/06/2026 08:13:37,172,4.892,HUF,2.44123,13.95555,1674
22/06/2026 08:13:43,178,4.892,HUF,2.428058,13.96914,805
22/06/2026 08:13:52,186,4.895469,HUF,2.410714,13.98705,799
22/06/2026 08:13:56,191,4.898203,HUF,2.4,13.99814,890
22/06/2026 08:14:01,196,4.900507,HUF,2.38938,14.00912,797
22/06/2026 08:14:06,201,4.902993,HUF,2.378855,14.02007,808
22/06/2026 08:14:11,206,4.90495,HUF,2.368421,14.03091,1611
22/06/2026 08:14:15,210,4.906,HUF,2.36014,14.03952,1029
22/06/2026 08:14:20,215,4.908,HUF,2.349869,14.05021,830
22/06/2026 08:14:24,220,4.911,HUF,2.339688,14.06085,952
22/06/2026 08:14:30,224,4.912,GOC,2.331606,14.06928,796
22/06/2026 08:14:35,230,4.913,HUF,2.319587,14.08185,806
22/06/2026 08:14:40,235,4.914,HUF,2.309666,14.09222,811
22/06/2026 08:14:44,240,4.916,HUF,2.299829,14.10255,802
22/06/2026 08:14:49,244,4.916,GOC,2.29202,14.11073,804
22/06/2026 08:14:55,250,4.915,GOC,2.280405,14.12295,808
22/06/2026 08:15:06,259,4.914,HUF,2.263202,14.14106,808
22/06/2026 08:15:16,269,4.911,HUF,2.244389,14.16091,3351
22/06/2026 08:15:21,276,4.911521,HUF,2.231405,14.17463,801
22/06/2026 08:15:26,281,4.9104,HUF,2.222222,14.18436,1481
22/06/2026 08:15:31,286,4.910171,HUF,2.213115,14.19401,1887
22/06/2026 08:15:39,291,4.910066,HUF,2.204082,14.2036,799
22/06/2026 08:15:44,299,4.91,GOC,2.189781,14.2188,803
22/06/2026 08:15:48,303,4.91,HUF,2.1827,14.22632,1016
22/06/2026 08:15:52,307,4.91,HUF,2.175665,14.23384,800
22/06/2026 08:15:57,312,4.911,HUF,2.166934,14.24315,798
22/06/2026 08:16:01,316,4.911545,HUF,2.16,14.25028,811
22/06/2026 08:16:05,320,4.912,HUF,2.15311,14.25791,1694
22/06/2026 08:16:09,324,4.913,GOC,2.146264,14.26523,806
22/06/2026 08:16:13,328,4.913,GOC,2.139461,14.27252,795
22/06/2026 08:16:18,333,4.913,HUF,2.131018,14.28156,797
22/06/2026 08:16:22,337,4.913,HUF,2.124312,14.28848,791
22/06/2026 08:16:27,341,4.912342,HUF,2.117647,14.29591,805
22/06/2026 08:16:32,3,4.906,HUF,2.109375,14.3056,797
22/06/2026 08:16:37,3,4.906,HUF,2.109375,14.3056,797
22/06/2026 08:16:59,3,4.911,GOC,2.104443,14.09379,787
22/06/2026 08:17:05,7,4.906,HUF,2.097902,14.06779,776
22/06/2026 08:17:19,2,4.894,HUF,2.075327,14.09479,796
22/06/2026 08:17:27,10,4.911,HUF,2.062643,14.10963,782
22/06/2026 08:17:32,15,4.922,HUF,2.054795,14.11878,2304
22/06/2026 08:17:47,30,0.239,HUF,2.031603,14.14586,789
22/06/2026 08:17:52,35,0.245,HUF,2.023988,14.15477,4870
22/06/2026 08:17:57,39,0.329,HUF,2.017937,14.16185,782
22/06/2026 08:18:04,47,0.87775,GOC,2.005944,14.17592,865
22/06/2026 08:18:05,22,0.382,HUF,2.043906,14.13148,15357
22/06/2026 08:18:09,52,4.916812,HUF,1.99852,14.18465,774
22/06/2026 08:18:13,56,4.920063,HUF,1.99262,14.19158,772
22/06/2026 08:18:17,60,4.916,HUF,1.986755,14.19849,787
22/06/2026 08:18:22,65,4.917,HUF,1.979472,14.20706,788
22/06/2026 08:18:26,69,4.917,HUF,1.973684,14.21389,780
22/06/2026 08:18:31,74,4.919,GOC,1.966497,14.22237,3284
22/06/2026 08:18:36,79,0.882,HUF,1.959361,14.2308,792
22/06/2026 08:18:41,84,0.375437,GOC,1.952278,14.23903,782
22/06/2026 08:18:46,89,0.383125,GOC,1.945245,14.2475,783
22/06/2026 08:18:50,93,0.385,HUF,1.939655,14.25412,782
22/06/2026 08:18:55,98,0.44975,HUF,1.932713,14.26237,777
22/06/2026 08:19:01,104,4.914,GOC,1.924448,14.27217,775
22/06/2026 08:19:06,109,4.917,GOC,1.917614,14.2803,791
22/06/2026 08:19:17,116,4.9145,HUF,1.908127,14.29159,2272
22/06/2026 08:19:22,2,4.923,GOC,1.896067,14.31074,796
22/06/2026 08:19:27,3,4.92,HUF,1.894737,14.31232,787
22/06/2026 08:19:51,3,4.951,GOC,1.890756,14.1221,1835
22/06/2026 08:19:54,5,4.937,HUF,1.888112,14.09564,794
22/06/2026 08:20:00,10,4.938,HUF,1.881533,14.10403,2230
22/06/2026 08:20:05,15,4.949,HUF,1.875,14.11238,780
22/06/2026 08:20:09,20,4.95,HUF,1.868512,14.12067,793
22/06/2026 08:20:13,23,4.941,GOC,1.864641,14.12562,776
22/06/2026 08:20:17,28,4.951,HUF,1.858224,14.13384,821
22/06/2026 08:20:21,32,4.948,HUF,1.853123,14.14038,772
22/06/2026 08:20:26,36,4.94775,HUF,1.848049,14.14687,781
22/06/2026 08:20:30,41,4.94525,HUF,1.841746,14.15498,989
22/06/2026 08:20:36,46,4.94175,HUF,1.835486,14.16302,813
22/06/2026 08:20:42,3,4.941,HUF,1.82803,14.1768,794
22/06/2026 08:20:47,3,4.941,HUF,1.82803,14.1768,794
22/06/2026 08:21:13,5,4.963,GOC,1.821862,13.97218,785
22/06/2026 08:21:17,10,4.993,HUF,1.815736,13.98055,771
22/06/2026 08:21:23,15,4.95,HUF,1.809651,13.98887,837
22/06/2026 08:21:28,20,4.903,GOC,1.803607,13.99713,791
22/06/2026 08:21:32,25,4.96,HUF,1.797603,14.00537,791
22/06/2026 08:21:37,2,4.949,GOC,1.792829,14.00904,794
22/06/2026 08:21:42,3,4.933,HUF,1.791639,14.01069,1513
22/06/2026 08:21:55,4,4.944,HUF,1.790451,13.93477,777
22/06/2026 08:22:04,4,4.944,GOC,1.785714,13.85555,1075
22/06/2026 08:22:08,8,4.946,GOC,1.781003,13.86231,790
22/06/2026 08:22:18,16,4.951875,HUF,1.771654,13.87576,1570
22/06/2026 08:22:23,23,4.943,GOC,1.763553,13.88743,789
22/06/2026 08:22:29,29,4.952,HUF,1.756669,13.89735,789
22/06/2026 08:22:37,37,4.956,GOC,1.747573,13.9105,779
22/06/2026 08:22:48,47,4.951,HUF,1.736334,13.92677,2393
22/06/2026 08:23:00,58,4.943,GOC,1.724138,13.94445,779
22/06/2026 08:23:05,64,4.939,GOC,1.717557,13.95402,793
22/06/2026 08:23:14,72,4.944,GOC,1.708861,13.96668,792
22/06/2026 08:23:20,79,4.939,GOC,1.701323,13.97766,780
22/06/2026 08:23:25,84,4.942,GOC,1.69598,13.98544,790
22/06/2026 08:23:33,93,4.946,GOC,1.686446,13.99938,2466
22/06/2026 08:23:41,100,4.991,HUF,1.679105,14.01011,2212
22/06/2026 08:23:49,108,4.99,HUF,1.670792,14.0223,1841
22/06/2026 08:23:54,113,4.998,HUF,1.665639,14.0298,1726
22/06/2026 08:24:04,122,4.988,HUF,1.656442,14.04338,785
22/06/2026 08:24:10,129,4.937,HUF,1.649359,14.05383,1539
22/06/2026 08:24:16,135,4.945,GOC,1.643335,14.06271,791
22/06/2026 08:24:21,140,4.948,HUF,1.63835,14.07006,1400
22/06/2026 08:24:32,146,4.938625,HUF,1.632406,14.07872,21022
22/06/2026 08:24:52,165,4.942,GOC,1.613867,14.10626,940
22/06/2026 08:25:11,184,4.942,HUF,1.595745,14.13319,789
22/06/2026 08:25:20,196,4.940563,HUF,1.584507,14.14993,781
22/06/2026 08:25:37,208,4.946,GOC,1.573427,14.16646,788
22/06/2026 08:25:47,221,4.946313,HUF,1.561596,14.18417,781
22/06/2026 08:26:24,257,4.945,HUF,1.529745,14.23202,826
22/06/2026 08:26:40,271,4.940063,HUF,1.517707,14.25018,808
22/06/2026 08:26:55,287,4.943,HUF,1.504178,14.27045,1521
22/06/2026 08:27:12,302,4.945,HUF,1.491713,14.28954,787
22/06/2026 08:27:23,317,4.944,HUF,1.479452,14.30817,2044
22/06/2026 08:27:32,3,4.937,HUF,1.470588,14.32345,860
22/06/2026 08:27:42,3,4.937,HUF,1.470588,14.32345,860
22/06/2026 08:28:08,4,4.951,HUF,1.469788,14.11441,840
22/06/2026 08:28:31,3,4.94,GOC,1.467391,14.00418,3411
22/06/2026 08:29:20,12,4.946,HUF,1.457883,13.85367,814
22/06/2026 08:30:41,111,4.833437,GOC,1.383906,13.98451,3003
22/06/2026 08:31:42,171,4.757,GOC,1.342616,14.05853,804
22/06/2026 08:31:49,178,4.29,GOC,1.337958,14.06693,14451
22/06/2026 08:31:55,184,4.441,GOC,1.333992,14.07408,23672
22/06/2026 08:32:08,196,4.613675,GOC,1.32613,14.08828,794
22/06/2026 08:32:18,207,4.727,HUF,1.319003,14.10119,796
22/06/2026 08:32:24,213,4.78,HUF,1.315149,14.10817,801
22/06/2026 08:32:33,218,4.818,HUF,1.311953,14.11396,2686
22/06/2026 08:32:37,226,4.898993,HUF,1.306873,14.12319,4068
22/06/2026 08:32:43,232,4.901,HUF,1.303089,14.13007,800
22/06/2026 08:32:47,237,4.921,HUF,1.299952,14.13577,2824
22/06/2026 08:32:58,246,4.910348,HUF,1.294343,14.14599,808
22/06/2026 08:33:03,252,4.913,HUF,1.290631,14.15274,807
22/06/2026 08:33:08,257,5.045563,GOC,1.287554,14.15837,979
22/06/2026 08:33:13,262,2.58,GOC,1.284491,14.16396,1529
22/06/2026 08:33:18,267,1.127875,GOC,1.281443,14.16953,791
22/06/2026 08:33:28,276,4.680125,GOC,1.275992,14.17949,808
22/06/2026 08:33:33,282,4.672,HUF,1.272385,14.1861,791
22/06/2026 08:33:39,288,4.662,HUF,1.268797,14.19268,11168
22/06/2026 08:33:48,297,4.652,GOC,1.263453,14.20248,792
22/06/2026 08:33:54,303,4.647,HUF,1.259916,14.20898,1491
22/06/2026 08:33:58,308,4.643,HUF,1.256983,14.21437,809
22/06/2026 08:34:03,312,4.641,HUF,1.254647,14.21862,802
22/06/2026 08:34:07,316,4.63552,HUF,1.252319,14.22295,799
22/06/2026 08:34:13,322,4.631,HUF,1.248844,14.22934,802
22/06/2026 08:34:17,326,4.629672,HUF,1.246537,14.23359,797
22/06/2026 08:34:23,332,4.625,HUF,1.243094,14.23994,1608
22/06/2026 08:34:27,336,4.622207,HUF,1.240809,14.24409,1009
22/06/2026 08:34:32,341,4.617268,HUF,1.237964,14.24941,801
22/06/2026 08:34:36,345,4.613,HUF,1.235698,14.25359,816
22/06/2026 08:34:40,3,4.611,HUF,1.234004,14.25669,1011
22/06/2026 08:34:45,3,4.611,HUF,1.234004,14.25669,1011
22/06/2026 08:35:08,3,4.596,GOC,1.232314,14.1281,1034
22/06/2026 08:35:12,7,4.593,HUF,1.230068,14.12309,798
22/06/2026 08:35:15,11,4.591207,HUF,1.227831,14.12768,1902
22/06/2026 08:35:20,15,4.587,HUF,1.225601,14.13207,795
22/06/2026 08:35:24,19,4.588,HUF,1.22338,14.13644,789
22/06/2026 08:35:27,22,4.585,HUF,1.22172,14.13971,1883
22/06/2026 08:35:31,27,4.582,HUF,1.218962,14.14514,1078
22/06/2026 08:35:35,31,4.578495,HUF,1.216764,14.14914,36337
22/06/2026 08:35:40,35,4.577,HUF,1.214575,14.15382,939
22/06/2026 08:35:44,39,4.576,HUF,1.212393,14.15813,796
22/06/2026 08:35:48,44,4.575,GOC,1.209677,14.16349,5624
22/06/2026 08:35:52,47,4.574,HUF,1.208054,14.16671,796
22/06/2026 08:35:55,50,4.573,HUF,1.206434,14.1699,1220
22/06/2026 08:35:59,54,4.571,HUF,1.204282,14.17413,24321
22/06/2026 08:36:03,58,4.57,GOC,1.202137,14.17842,3825
22/06/2026 08:36:06,62,4.566,HUF,1.2,14.18265,804
22/06/2026 08:36:10,65,4.566,HUF,1.198402,14.18583,1515
22/06/2026 08:36:14,69,4.565,HUF,1.196278,14.19004,792
22/06/2026 08:36:18,74,4.559,GOC,1.193634,14.1953,794
22/06/2026 08:36:22,77,4.559,HUF,1.192053,14.19838,789
22/06/2026 08:36:32,87,4.557,HUF,1.186813,14.20885,794
22/06/2026 08:36:35,91,4.552149,HUF,1.18473,14.213,796
22/06/2026 08:36:39,94,4.552,HUF,1.183173,14.21609,792
22/06/2026 08:36:43,98,4.552,GOC,1.181102,14.2201,801
22/06/2026 08:36:47,103,4.549,HUF,1.178525,14.22536,16476
22/06/2026 08:36:51,106,4.546809,HUF,1.176983,14.22843,1887
22/06/2026 08:36:54,109,4.547,HUF,1.175446,14.2315,1636
22/06/2026 08:36:58,113,4.545,GOC,1.173403,14.23557,791
22/06/2026 08:37:01,117,4.544,HUF,1.171367,14.23964,800
22/06/2026 08:37:06,122,4.543,HUF,1.168831,14.24467,21593
22/06/2026 08:37:11,2,4.541,HUF,1.166811,14.24588,795
22/06/2026 08:37:15,3,4.54,HUF,1.166307,14.24689,799
22/06/2026 08:37:24,4,4.537,HUF,1.165803,14.21149,784
22/06/2026 08:37:40,3,4.561,GOC,1.164295,14.13759,3613
22/06/2026 08:37:44,7,4.559,HUF,1.16229,14.133,785
22/06/2026 08:37:48,11,4.556623,HUF,1.160292,14.13714,1132
22/06/2026 08:37:51,14,4.557,HUF,1.158798,14.13994,5815
22/06/2026 08:37:55,18,4.556,GOC,1.156812,14.14438,798
22/06/2026 08:37:59,22,4.554,HUF,1.154833,14.14849,17854
22/06/2026 08:38:06,26,4.556464,HUF,1.152861,14.15255,797
22/06/2026 08:38:10,33,4.552,GOC,1.149425,14.15974,793
22/06/2026 08:38:14,37,4.549,HUF,1.147471,14.16364,853
22/06/2026 08:38:18,41,4.545599,HUF,1.145524,14.16786,795
22/06/2026 08:38:22,45,4.544,HUF,1.143583,14.17192,788
22/06/2026 08:38:26,49,4.541,HUF,1.141649,14.17595,796
22/06/2026 08:38:33,56,4.530921,HUF,1.13828,14.18299,789
22/06/2026 08:38:36,59,4.53,HUF,1.136842,14.18588,12990
22/06/2026 08:38:40,3,4.53,GOC,1.135408,14.18384,784
22/06/2026 08:38:44,3,4.53,HUF,1.135408,14.18384,784
22/06/2026 08:38:50,4,4.528,HUF,1.134931,14.14999,779
22/06/2026 08:39:07,3,4.489,GOC,1.133501,14.07792,794
22/06/2026 08:39:11,7,4.486,HUF,1.131601,14.07371,795
22/06/2026 08:39:15,10,4.485,HUF,1.13018,14.07679,15139
22/06/2026 08:39:19,14,4.483,GOC,1.128291,14.08088,787
22/06/2026 08:39:22,18,4.48,GOC,1.126408,14.08496,791
22/06/2026 08:39:26,22,4.477,HUF,1.124531,14.08904,792
22/06/2026 08:39:30,25,4.477,HUF,1.123128,14.09209,1878
22/06/2026 08:39:34,29,4.475,HUF,1.121262,14.09614,797
22/06/2026 08:39:38,33,4.473,HUF,1.119403,14.10017,800
22/06/2026 08:39:42,3,4.474,GOC,1.118012,14.09957,804
22/06/2026 08:39:46,3,4.474,HUF,1.118012,14.09957,804
22/06/2026 08:39:51,4,4.472,HUF,1.11755,14.06661,786
22/06/2026 08:40:09,3,4.461,GOC,1.116164,13.99637,7835
22/06/2026 08:40:13,7,4.459,HUF,1.114321,13.99249,24567
22/06/2026 08:40:21,14,4.459,HUF,1.111111,13.9997,801
22/06/2026 08:40:25,19,4.456,GOC,1.10883,14.00484,790
22/06/2026 08:40:30,24,4.454,GOC,1.106557,14.00995,4354
22/06/2026 08:40:34,28,4.453,GOC,1.104746,14.01403,25475
22/06/2026 08:40:39,33,4.452,HUF,1.102491,14.01907,807
22/06/2026 08:40:43,37,4.451,HUF,1.100693,14.02317,846
22/06/2026 08:40:47,3,4.448,GOC,1.099349,14.02355,16781
22/06/2026 08:40:51,3,4.448,HUF,1.099349,14.02355,16781
22/06/2026 08:40:58,4,4.445,HUF,1.098901,13.99161,12481
22/06/2026 08:41:14,3,4.434,GOC,1.097561,13.92392,888
22/06/2026 08:41:18,7,4.433,HUF,1.095779,13.91999,2060
22/06/2026 08:41:22,11,4.431251,HUF,1.094003,13.92425,805
22/06/2026 08:41:27,16,4.430054,HUF,1.091791,13.9294,801
22/06/2026 08:41:32,21,4.429638,HUF,1.089588,13.93454,807
22/06/2026 08:41:37,26,4.426521,HUF,1.087394,13.93963,802
22/06/2026 08:41:41,30,4.425,HUF,1.085645,13.94359,804
22/06/2026 08:41:46,34,4.425,GOC,1.083902,13.94781,905
22/06/2026 08:41:49,38,4.425,HUF,1.082164,13.95186,792
22/06/2026 08:41:54,3,4.424,GOC,1.080865,13.94967,953
22/06/2026 08:41:58,3,4.424,HUF,1.080865,13.94967,953
22/06/2026 08:42:05,4,4.423,HUF,1.080432,13.91831,789
22/06/2026 08:42:21,3,4.407,GOC,1.079137,13.85269,794
22/06/2026 08:42:26,8,4.407,HUF,1.076984,13.85025,1364
22/06/2026 08:42:31,13,0.048,GOC,1.074841,13.85536,46256
22/06/2026 08:42:35,17,4.815,HUF,1.073132,13.85954,803
22/06/2026 08:42:40,21,4.805327,HUF,1.071429,13.86365,799
22/06/2026 08:42:44,26,0.048,HUF,1.069307,13.86877,805
22/06/2026 08:42:48,30,0.048,HUF,1.067616,13.8728,794
22/06/2026 08:42:53,35,0.811,HUF,1.065509,13.87784,7387
22/06/2026 08:42:57,39,0.81,GOC,1.06383,13.88201,794
22/06/2026 08:43:01,43,0.811,HUF,1.062156,13.88606,839
22/06/2026 08:43:05,47,0.81,HUF,1.060487,13.8901,798
22/06/2026 08:43:09,50,0.81,HUF,1.059239,13.89312,799
22/06/2026 08:43:13,55,0.81,HUF,1.057165,13.89815,806
22/06/2026 08:43:17,59,0.811,GOC,1.055512,13.90205,2597
22/06/2026 08:43:20,62,0.808,HUF,1.054276,13.90516,5483
22/06/2026 08:43:24,66,0.810175,HUF,1.052632,13.90915,799
22/06/2026 08:43:28,70,0.809,HUF,1.050993,13.91313,789
22/06/2026 08:43:33,74,0.808,HUF,1.049359,13.9171,843
22/06/2026 08:43:37,3,0.809,HUF,1.048137,13.91776,787
22/06/2026 08:43:42,3,0.809,HUF,1.048137,13.91776,787
22/06/2026 08:43:46,4,0.808,HUF,1.04773,13.88775,771
22/06/2026 08:44:02,3,0.787,GOC,1.046512,13.82463,778
22/06/2026 08:44:06,6,0.78866,HUF,1.045296,13.82012,784
22/06/2026 08:44:11,11,0.028,HUF,1.043277,13.82522,1540
22/06/2026 08:44:16,16,4.398771,HUF,1.041265,13.83026,792
22/06/2026 08:44:21,20,4.397,HUF,1.039661,13.83416,13751
22/06/2026 08:44:25,24,4.392,HUF,1.038062,13.83828,14054
22/06/2026 08:44:29,29,4.389,GOC,1.036071,13.84327,791
22/06/2026 08:44:34,34,4.388,HUF,1.034087,13.84824,781
22/06/2026 08:44:38,38,4.385,GOC,1.032505,13.85221,9982
22/06/2026 08:44:45,45,0.028,HUF,1.029748,13.85909,12407
22/06/2026 08:44:50,50,0.028,HUF,1.027788,13.86407,785
22/06/2026 08:44:55,54,0.789,GOC,1.026226,13.868,947
22/06/2026 08:44:59,59,0.787,GOC,1.024279,13.87288,790
22/06/2026 08:45:03,63,1.097,GOC,1.022727,13.8768,1185
22/06/2026 08:45:08,67,0.642187,HUF,1.02118,13.88045,1052
22/06/2026 08:45:13,4,3.99175,GOC,1.019637,13.88015,769
22/06/2026 08:45:18,10,6.424,GOC,1.017332,13.88597,784
22/06/2026 08:45:22,14,6.424,GOC,1.015801,13.88984,787
22/06/2026 08:45:27,18,6.424,GOC,1.014275,13.89364,780
22/06/2026 08:45:30,22,6.424,HUF,1.012753,13.89755,792
22/06/2026 08:45:34,26,6.424,HUF,1.011236,13.90126,2167
22/06/2026 08:45:40,32,6.424,HUF,1.008969,13.90713,806
22/06/2026 08:45:44,36,6.424,HUF,1.007463,13.91094,1244
22/06/2026 08:45:49,41,0.028,HUF,1.005587,13.9156,15618
22/06/2026 08:45:53,45,6.383,HUF,1.004091,13.91949,786
22/06/2026 08:45:58,50,3.843125,GOC,1.002227,13.92422,786
22/06/2026 08:46:04,55,0.112,GOC,1.000371,13.92894,1129
22/06/2026 08:46:09,61,0.028,GOC,0.998152,13.93452,14724
22/06/2026 08:46:13,65,2.532563,HUF,0.996678,13.93833,16786
22/06/2026 08:46:18,69,0.028,GOC,0.995208,13.94207,776
22/06/2026 08:46:22,73,1.34175,GOC,0.993743,13.9458,782
22/06/2026 08:46:26,77,0.028007,GOC,0.992282,13.94952,790
22/06/2026 08:46:29,81,0.841,HUF,0.990826,13.95321,1582
22/06/2026 08:46:38,90,0.381125,GOC,0.987564,13.96155,791
22/06/2026 08:46:45,96,0.028,GOC,0.985402,13.96708,775
22/06/2026 08:46:50,102,1.350625,HUF,0.983248,13.97258,790
22/06/2026 08:46:54,106,4.625469,GOC,0.981818,13.97619,780
22/06/2026 08:46:59,111,0.028,GOC,0.980036,13.98079,772
22/06/2026 08:47:03,115,0.046,HUF,0.978615,13.98443,782
22/06/2026 08:47:10,121,0.08167,GOC,0.976492,13.98986,787
22/06/2026 08:47:14,125,0.039,HUF,0.975081,13.99348,15473
22/06/2026 08:47:19,131,0.028,HUF,0.972973,13.99888,3160
22/06/2026 08:47:24,135,0.503812,HUF,0.971572,14.00248,773
22/06/2026 08:47:28,140,4.578813,GOC,0.969828,14.00696,780
22/06/2026 08:47:33,145,0.028,GOC,0.968089,14.01142,781
22/06/2026 08:47:40,152,0.050784,GOC,0.965665,14.01765,2055
22/06/2026 08:47:43,155,1.857813,HUF,0.96463,14.02031,3831
22/06/2026 08:47:47,159,0.030437,GOC,0.963254,14.02386,1074
22/06/2026 08:47:51,163,3.991875,HUF,0.961881,14.02739,792
22/06/2026 08:47:56,168,6.227819,GOC,0.960171,14.0318,792
22/06/2026 08:48:00,172,1.786312,GOC,0.958807,14.03531,794
22/06/2026 08:48:04,176,0.028,GOC,0.957447,14.0386,33851
22/06/2026 08:48:09,181,0.034655,GOC,0.955752,14.04319,2948
22/06/2026 08:48:13,185,2.076797,HUF,0.954401,14.04668,789
22/06/2026 08:48:18,190,5.551687,GOC,0.952717,14.05103,783
22/06/2026 08:48:24,196,0.552344,GOC,0.950704,14.05622,792
22/06/2026 08:48:29,201,0.068279,GOC,0.949033,14.06048,9944
22/06/2026 08:48:33,205,4.962734,HUF,0.947701,14.06399,1336
22/06/2026 08:48:39,208,0.190031,GOC,0.946704,14.06657,780
22/06/2026 08:48:44,3,4.849312,GOC,0.945709,14.0648,790
22/06/2026 08:48:53,4,0.028,GOC,0.945378,14.02882,12815
22/06/2026 08:49:26,5,5.551188,GOC,0.945047,13.90397,755
22/06/2026 08:49:30,10,0.028,GOC,0.943396,13.8964,765
22/06/2026 08:49:34,14,5.284985,GOC,0.94208,13.89988,27248
22/06/2026 08:49:38,18,0.390734,GOC,0.940767,13.90354,25990
22/06/2026 08:49:43,22,0.028,GOC,0.939457,13.90709,1850
22/06/2026 08:49:47,2,0.806,HUF,0.938151,13.90664,799
22/06/2026 08:49:52,7,0.028,GOC,0.936524,13.91108,785
22/06/2026 08:49:57,12,3.272312,GOC,0.934903,13.91548,18511
22/06/2026 08:50:01,16,0.674062,GOC,0.93361,13.91902,13720
22/06/2026 08:50:05,20,0.752187,GOC,0.93232,13.92254,777
22/06/2026 08:50:09,24,0.814125,GOC,0.931035,13.92604,786
22/06/2026 08:50:13,28,1.298937,GOC,0.929752,13.92951,1264
22/06/2026 08:50:17,32,0.254469,GOC,0.928473,13.93305,773
22/06/2026 08:50:22,36,6.128188,GOC,0.927198,13.93645,789
22/06/2026 08:50:27,42,0.178,HUF,0.925291,13.94175,1172
22/06/2026 08:50:32,46,6.423939,GOC,0.924025,13.94521,781
22/06/2026 08:50:36,51,0.028,GOC,0.922446,13.94953,776
22/06/2026 08:50:43,58,0.541499,HUF,0.920245,13.95557,6281
22/06/2026 08:50:48,62,2.443375,GOC,0.918993,13.959,4792
22/06/2026 08:50:51,66,2.221989,GOC,0.917743,13.96243,788
22/06/2026 08:50:55,70,2.223,HUF,0.916497,13.96585,790
22/06/2026 08:51:00,74,2.221,HUF,0.915254,13.96926,782
22/06/2026 08:51:07,81,2.218348,GOC,0.913088,13.9752,784
22/06/2026 08:51:11,85,2.22,HUF,0.911854,13.9786,792
22/06/2026 08:51:15,89,2.219,HUF,0.910624,13.98199,5287
22/06/2026 08:51:19,94,2.217,GOC,0.909091,13.98602,47996
22/06/2026 08:51:23,98,2.218,HUF,0.907868,13.98957,779
22/06/2026 08:51:27,101,2.216681,HUF,0.906953,13.99209,777
22/06/2026 08:51:31,105,2.216,HUF,0.905736,13.99544,808
22/06/2026 08:51:35,109,2.215,HUF,0.904523,13.99879,1341
22/06/2026 08:51:40,114,2.214,GOC,0.90301,14.00295,784
22/06/2026 08:51:45,120,2.212,HUF,0.901202,14.00795,789
22/06/2026 08:51:50,125,2.213,GOC,0.8997,14.0121,6224
22/06/2026 08:51:54,129,2.212,GOC,0.898502,14.01537,778
22/06/2026 08:51:58,133,2.209,GOC,0.897308,14.01871,777
22/06/2026 08:52:02,137,2.209,HUF,0.896117,14.02185,788
22/06/2026 08:52:07,141,2.208163,HUF,0.894929,14.02519,29562
22/06/2026 08:52:10,145,2.208,HUF,0.893744,14.02855,798
22/06/2026 08:52:15,150,2.207,HUF,0.892267,14.03266,784
22/06/2026 08:52:20,155,2.206,HUF,0.890795,14.03674,835
22/06/2026 08:52:23,158,2.206,GOC,0.889914,14.03918,1745
22/06/2026 08:52:28,163,2.206,HUF,0.88845,14.04323,4611
22/06/2026 08:52:32,166,2.205287,HUF,0.887574,14.04567,780
22/06/2026 08:52:36,170,2.205,HUF,0.886408,14.04891,788
22/06/2026 08:52:40,175,2.205,HUF,0.884956,14.05294,919
22/06/2026 08:52:44,179,2.205,HUF,0.883797,14.05616,2368
22/06/2026 08:52:49,183,2.203,GOC,0.882641,14.05937,776
22/06/2026 08:53:10,204,2.202,HUF,0,22.68936,775
22/06/2026 08:53:14,209,2.201,GOC,0,19.05355,10365
22/06/2026 08:53:19,213,2.2,GOC,0,18.43203,1709
22/06/2026 08:53:22,217,2.201,HUF,0,18.0738,795
22/06/2026 08:53:26,221,2.20007,HUF,0,17.85893,792
22/06/2026 08:53:31,225,2.199,HUF,0,17.70833,792
22/06/2026 08:53:34,229,2.199,HUF,0,17.60526,30231
22/06/2026 08:53:39,233,2.198,GOC,0,17.53673,8773
22/06/2026 08:54:04,259,2.195,GOC,0,22.66667,1119
22/06/2026 08:54:13,266,2.192564,HUF,0,18.7,784
22/06/2026 08:54:16,271,2.191688,HUF,0,18.13333,1439
22/06/2026 08:54:21,275,2.189,HUF,0,17.89474,795
22/06/2026 08:54:25,280,2.187,HUF,0,17.70833,789
22/06/2026 08:54:30,285,2.186,HUF,0,17.58499,794
22/06/2026 08:54:34,289,2.187,GOC,0,17.51515,790
22/06/2026 08:54:39,293,2.187,GOC,0,17.45852,782
22/06/2026 08:54:43,298,2.184,HUF,0,17.40518,785
22/06/2026 08:54:48,303,2.184,HUF,0,17.36096,1269
22/06/2026 08:54:51,306,2.183046,HUF,0,17.34,791
22/06/2026 08:54:56,311,2.183832,HUF,0,17.30909,781
22/06/2026 08:55:01,315,2.183,HUF,0,17.28843,776
22/06/2026 08:55:06,321,2.1805,HUF,0,17.26074,2726
22/06/2026 08:55:11,325,2.18,HUF,0,17.24363,2062
22/06/2026 08:55:16,330,2.18,HUF,0,17.22996,776
22/06/2026 08:55:20,334,2.18,HUF,0,17.21817,775
22/06/2026 08:55:24,339,2.179,GOC,0,17.20109,787
22/06/2026 08:55:28,343,2.179,HUF,0,17.1956,787
22/06/2026 08:55:32,347,2.177,HUF,0,17.187,791
22/06/2026 08:55:37,351,2.175785,HUF,0,17.17913,782
22/06/2026 08:55:41,355,2.177,HUF,0,17.17189,786
22/06/2026 08:55:45,359,2.176,HUF,0,17.16521,774
22/06/2026 08:55:49,363,2.176,GOC,0,17.15904,1239
22/06/2026 08:55:53,367,2.176,HUF,0,17.15238,785
22/06/2026 08:55:57,371,2.175513,HUF,0,17.14723,964
22/06/2026 08:56:02,376,2.175225,HUF,0,17.14181,776
22/06/2026 08:56:06,381,2.174412,HUF,0,17.13614,776
22/06/2026 08:56:11,385,2.175,HUF,0,17.12807,780
22/06/2026 08:56:16,391,2.173939,HUF,0,17.12605,1046
22/06/2026 08:56:20,395,2.173,HUF,0,17.12243,3364
22/06/2026 08:56:25,400,2.173,HUF,0,17.11818,776
22/06/2026 08:56:29,404,2.173,GOC,0,17.1151,772
22/06/2026 08:56:33,408,2.172,HUF,0,17.11207,5841
22/06/2026 08:56:38,412,2.172,HUF,0,17.10733,787
22/06/2026 08:56:42,416,2.17189,HUF,0,17.10646,780
22/06/2026 08:56:46,421,2.170701,HUF,0,17.10313,4838
22/06/2026 08:56:51,425,2.171,HUF,0,17.10079,776
22/06/2026 08:56:55,430,2.17,HUF,0,17.0979,782
22/06/2026 08:57:00,434,2.17,GOC,0,17.0957,772
22/06/2026 08:57:04,438,2.169,GOC,0,17.09359,1202
22/06/2026 08:57:10,445,2.168,GOC,0,17.09013,781
22/06/2026 08:57:14,449,2.169,GOC,0,17.08826,787
22/06/2026 08:57:19,454,2.167,GOC,0,17.08603,775
22/06/2026 08:57:23,458,2.167,HUF,0,17.08433,792
22/06/2026 08:57:28,463,2.166,HUF,0,17.08229,780
22/06/2026 08:57:32,467,2.165,HUF,0,17.08073,786
22/06/2026 08:57:37,471,2.164143,HUF,0,17.07923,902
22/06/2026 08:57:41,476,2.16363,HUF,0,17.07743,778
22/06/2026 08:57:45,480,2.164,HUF,0,17.07605,785
22/06/2026 08:57:49,484,2.162,GOC,0,17.07471,783
22/06/2026 08:57:54,489,2.162,GOC,0,17.07311,785
22/06/2026 08:57:58,493,2.162,HUF,0,17.07187,778
22/06/2026 08:58:07,500,2.161,HUF,0,17.06967,783
22/06/2026 08:58:12,506,2.160021,HUF,0,17.06814,787
22/06/2026 08:58:16,510,2.159,HUF,0,17.06713,773
22/06/2026 08:58:21,515,2.158,HUF,0,17.0657,775
22/06/2026 08:58:27,522,2.158,HUF,0,17.0641,788
22/06/2026 08:58:31,526,2.156089,HUF,0,17.06315,781
22/06/2026 08:58:35,530,2.156,HUF,0,17.06223,783
22/06/2026 08:58:39,534,2.156,GOC,0,17.06133,775
22/06/2026 08:58:46,540,2.155,GOC,0,17.06004,788
22/06/2026 08:58:51,545,2.155,HUF,0,17.05894,790
22/06/2026 08:58:55,549,2.155,HUF,0,17.0582,1099
22/06/2026 08:58:59,553,2.155,GOC,0,17.05735,774
22/06/2026 08:59:03,557,2.154,HUF,0,17.05665,789
22/06/2026 08:59:08,562,2.154,HUF,0,17.05572,775
22/06/2026 08:59:12,567,2.154,HUF,0,17.05483,3964
22/06/2026 08:59:17,572,2.153,HUF,0,17.05396,871
22/06/2026 08:59:23,577,2.153,HUF,0,17.05312,780
22/06/2026 08:59:32,586,2.151332,HUF,0,17.05172,774
22/06/2026 08:59:38,593,2.15,HUF,0,17.05065,777
22/06/2026 08:59:42,597,2.149,HUF,0,17.05,1097
22/06/2026 08:59:46,601,2.149498,HUF,0,17.04947,1351
22/06/2026 08:59:51,606,2.149522,HUF,0,17.04872,779
22/06/2026 08:59:55,610,2.148,HUF,0,17.04807,778
22/06/2026 09:00:00,614,2.147,HUF,0,17.04768,1583
22/06/2026 09:00:04,619,2.148,GOC,0,17.04702,787
22/06/2026 09:00:09,624,2.145,GOC,0,17.04633,779
22/06/2026 09:00:14,629,2.146,GOC,0,17.04576,784
22/06/2026 09:00:18,633,2.144,HUF,0,17.04527,787
22/06/2026 09:00:22,637,2.144,HUF,0,17.0448,786
22/06/2026 09:00:26,641,2.143759,HUF,0,17.04433,777
22/06/2026 09:00:31,645,2.143,HUF,0,17.04388,1117
22/06/2026 09:00:35,650,2.143,HUF,0,17.04332,774
22/06/2026 09:00:42,657,2.141,HUF,0,17.04256,779
22/06/2026 09:00:46,661,2.141026,HUF,0,17.04214,789
22/06/2026 09:00:51,666,2.140414,HUF,0,17.04163,7155
22/06/2026 09:00:55,670,2.14,HUF,0,17.04123,787
22/06/2026 09:00:59,674,2.14,GOC,0,17.04083,10389
22/06/2026 09:01:03,678,2.14,HUF,0,17.04041,774
22/06/2026 09:01:08,683,2.139,HUF,0,17.04001,788
22/06/2026 09:01:12,687,2.139,HUF,0,17.03869,857
22/06/2026 09:01:17,692,2.139,HUF,0,17.03919,781
22/06/2026 09:01:21,696,2.138454,HUF,0,17.03883,11229
22/06/2026 09:01:26,700,2.138,HUF,0,17.03848,774
22/06/2026 09:01:30,705,2.138,HUF,0,17.03805,776
22/06/2026 09:01:34,709,2.138,GOC,0,17.03772,788
22/06/2026 09:01:39,713,2.137,GOC,0,17.03739,877
22/06/2026 09:01:43,718,2.137,HUF,0,17.03698,786
22/06/2026 09:01:47,722,2.137,HUF,0,17.03666,786
22/06/2026 09:01:51,726,2.136408,HUF,0,17.03635,1270
22/06/2026 09:01:55,730,2.136,HUF,0,17.03605,789
22/06/2026 09:02:00,734,2.135,HUF,0,17.03574,1041
22/06/2026 09:02:04,738,2.134,GOC,0,17.03545,778
22/06/2026 09:02:09,744,2.133,GOC,0,17.03501,779
22/06/2026 09:02:15,748,2.132,GOC,0,17.03473,783
22/06/2026 09:02:19,754,2.13,GOC,0,17.03345,1077
22/06/2026 09:02:23,758,2.13,GOC,0,17.03403,789
22/06/2026 09:02:28,763,2.128,GOC,0,17.03366,783
22/06/2026 09:02:32,767,2.128,HUF,0,17.03344,2053
22/06/2026 09:02:37,771,2.127684,HUF,0,17.03317,782
22/06/2026 09:02:40,775,2.128,HUF,0,17.03285,781
22/06/2026 09:02:45,780,2.127,HUF,0,17.03264,776
22/06/2026 09:02:49,784,2.127,GOC,0,17.03239,776
22/06/2026 09:02:54,789,2.126,HUF,0,17.03209,1845
22/06/2026 09:03:00,794,2.127,GOC,0,17.03179,779
22/06/2026 09:03:04,799,2.125,GOC,0,17.0315,831
22/06/2026 09:03:09,804,2.124,GOC,0,17.03121,909
22/06/2026 09:03:13,808,2.125,HUF,0,17.03098,780
22/06/2026 09:03:21,815,2.124,HUF,0,17.03059,12724
22/06/2026 09:03:25,820,2.124,HUF,0,17.03032,13512
22/06/2026 09:03:29,823,2.123,GOC,0,17.03016,9255
22/06/2026 09:03:33,827,2.123,HUF,0,17.02995,2502
22/06/2026 09:03:38,833,2.123,HUF,0,17.02964,786
22/06/2026 09:03:43,837,2.122,HUF,0,17.02941,792
22/06/2026 09:03:47,842,2.122,HUF,0,17.02918,855
22/06/2026 09:03:53,848,2.122,HUF,0,17.02889,900
22/06/2026 09:03:58,852,2.122,HUF,0,17.02869,773
22/06/2026 09:04:03,857,2.121,HUF,0,17.02846,2190
22/06/2026 09:04:07,862,2.121,HUF,0,17.02825,894
22/06/2026 09:04:11,866,2.121345,HUF,0,17.02801,780
22/06/2026 09:04:15,870,2.118,HUF,0,17.02788,1936
22/06/2026 09:04:20,875,2.119,HUF,0,17.02766,1228
22/06/2026 09:04:26,880,2.117,HUF,0,17.02744,14956
22/06/2026 09:04:31,885,2.116,HUF,0,17.02722,780
22/06/2026 09:04:36,891,2.117207,HUF,0,17.02696,1031
22/06/2026 09:04:40,895,2.116,HUF,0,17.02679,776
22/06/2026 09:04:44,899,2.116,GOC,0,17.02662,783
22/06/2026 09:04:48,903,2.115,GOC,0,17.02646,775
22/06/2026 09:04:53,908,2.115,HUF,0,17.02626,785
22/06/2026 09:04:57,912,2.114,HUF,0,17.0261,781
22/06/2026 09:05:01,915,2.115,HUF,0,17.02598,776
22/06/2026 09:05:06,920,0.028,GOC,0,17.02578,2756
22/06/2026 09:05:10,924,0.028,HUF,0,17.02563,774
22/06/2026 09:05:14,928,0.028,GOC,0,17.02547,1372
22/06/2026 09:05:18,932,0.028,HUF,0,17.02532,784
22/06/2026 09:05:22,936,0.028,HUF,0,17.02518,822
22/06/2026 09:05:26,941,0.028,HUF,0,17.02497,776
22/06/2026 09:05:30,945,0.028,HUF,0,17.02485,780
22/06/2026 09:05:35,950,0.028,HUF,0,17.02469,7784
22/06/2026 09:05:40,955,0.028,GOC,0,17.02449,1914
22/06/2026 09:05:45,960,0.028,HUF,0,17.02393,1179
22/06/2026 09:05:53,967,0.028,HUF,0,17.02405,781
22/06/2026 09:05:57,971,0.028,HUF,0,17.02392,792
22/06/2026 09:06:01,975,0.028,HUF,0,17.02383,783
22/06/2026 09:06:05,979,0.028,HUF,0,17.0237,775
22/06/2026 09:06:09,983,0.028,GOC,0,17.02357,784
22/06/2026 09:06:13,987,0.028,HUF,0,17.02344,788
22/06/2026 09:06:17,991,0.028,HUF,0,17.02331,777
22/06/2026 09:06:20,995,0.028,HUF,0,17.02319,889
22/06/2026 09:06:28,1003,0.028,HUF,0,17.02267,782
22/06/2026 09:06:32,1007,0.028,HUF,0,17.02282,792
22/06/2026 09:06:36,1011,0.028,HUF,0,17.0227,773
22/06/2026 09:06:40,1014,0.028,HUF,0,17.02261,785
22/06/2026 09:06:44,1019,0.028,GOC,0,17.02235,781
22/06/2026 09:06:48,1023,0.028,HUF,0,17.02234,8209
22/06/2026 09:06:53,1027,0.028,HUF,0,17.02223,782
22/06/2026 09:06:56,1031,0.028,HUF,0,17.022,928
22/06/2026 09:07:00,1035,0.028,HUF,0,17.02202,789
22/06/2026 09:07:03,1038,0.028,GOC,0,17.02193,785
22/06/2026 09:07:08,1043,0.028,HUF,0,17.0218,2854
22/06/2026 09:07:11,1046,0.028,HUF,0,17.02169,785
22/06/2026 09:07:15,1050,0.028,HUF,0,17.0216,772
22/06/2026 09:07:21,1055,0.028,HUF,0,17.02147,792
22/06/2026 09:07:24,1059,0.028,HUF,0,17.02136,779
22/06/2026 09:07:29,1063,0.028,HUF,0,17.02126,788
22/06/2026 09:07:32,1067,0.028,HUF,0,17.02115,780
22/06/2026 09:07:36,1071,0.028,HUF,0,17.02105,782
22/06/2026 09:07:40,1075,0.028,HUF,0,17.02094,791
22/06/2026 09:07:47,1079,0.028,HUF,0,17.02084,798
22/06/2026 09:07:50,1085,0.028,HUF,0,17.02069,775
22/06/2026 09:07:57,1091,0.028,HUF,0,17.02054,783
22/06/2026 09:08:01,1095,0.028,HUF,0,17.02044,795
22/06/2026 09:08:09,1103,0.028,GOC,0,17.02021,1872
22/06/2026 09:08:13,1108,0.028,HUF,0,17.02013,837
22/06/2026 09:08:19,1113,0.028,GOC,0,17.02002,782
22/06/2026 09:08:23,1118,0.028,HUF,0,17.0199,792
22/06/2026 09:08:27,1122,0.028,HUF,0,17.01981,781
22/06/2026 09:08:32,1127,0.028,HUF,0,17.01971,797
22/06/2026 09:08:36,1130,0.028,HUF,0,17.01962,1593
22/06/2026 09:08:40,1134,0.028,HUF,0,17.01952,778
22/06/2026 09:08:44,1138,0.028,GOC,0,17.01947,779
22/06/2026 09:08:47,1142,0.028,HUF,0,17.01938,778
22/06/2026 09:08:51,1146,0.028,HUF,0,17.01927,784
22/06/2026 09:08:55,1150,0.028,HUF,0,17.01919,845
22/06/2026 09:08:59,1154,0.028,GOC,0,17.01912,788
22/06/2026 09:09:03,1158,0.028,HUF,0,17.01904,789
22/06/2026 09:09:09,1164,0.028,HUF,0,17.01891,779
22/06/2026 09:09:13,1168,0.028,GOC,0,17.01883,814
22/06/2026 09:09:18,1172,0.028,HUF,0,17.01875,791
22/06/2026 09:09:22,1177,0.028,HUF,0,17.01864,782
22/06/2026 09:09:31,1185,0.028,HUF,0,17.01848,867
22/06/2026 09:09:38,1193,0.028,HUF,0,17.01832,792
22/06/2026 09:09:43,1197,0.028,HUF,0,17.01825,789
22/06/2026 09:09:47,1202,0.028,HUF,0,17.01815,803
22/06/2026 09:09:52,1206,0.028,HUF,0,17.01807,789
22/06/2026 09:09:56,1210,0.028,HUF,0,17.01796,780
22/06/2026 09:10:00,1214,0.028,HUF,0,17.01794,792
22/06/2026 09:10:03,1218,0.028,GOC,0,17.01787,1199
22/06/2026 09:10:08,1223,0.028,HUF,0,17.01777,773
22/06/2026 09:10:12,1227,0.028,HUF,0,17.01768,788
22/06/2026 09:10:16,1231,0.028,HUF,0,17.01759,794
22/06/2026 09:10:21,1236,0.028,HUF,0,17.01754,921
22/06/2026 09:10:25,1240,0.028,HUF,0,17.01747,789
22/06/2026 09:10:29,1243,0.028,GOC,0,17.01741,1607
22/06/2026 09:10:34,1248,0.028,HUF,0,17.01731,1530
22/06/2026 09:10:38,1253,0.028,HUF,0,17.01724,1256
22/06/2026 09:10:42,1257,0.028,HUF,0,17.01717,794
22/06/2026 09:10:46,1261,0.028,HUF,0,17.0171,787
22/06/2026 09:10:51,1266,0.028,HUF,0,17.01702,783
22/06/2026 09:10:56,1270,0.028,HUF,0,17.01695,782
22/06/2026 09:11:00,1275,0.028,HUF,0,17.01687,784
22/06/2026 09:11:05,1279,0.028,GOC,0,17.01678,851
22/06/2026 09:11:10,1284,0.028,GOC,0,17.01672,854
22/06/2026 09:11:15,1289,0.028,GOC,0,17.01664,786
22/06/2026 09:11:20,1294,0.028,GOC,0,17.01656,791
22/06/2026 09:11:24,1299,0.028,GOC,0,17.01648,1040
22/06/2026 09:11:29,1304,0.028,HUF,0,17.01642,783
22/06/2026 09:11:33,1308,0.028,GOC,0,17.01634,778
22/06/2026 09:11:39,1314,0.028,GOC,0,17.01626,1283
22/06/2026 09:11:43,1318,0.028,HUF,0,17.0162,1325
22/06/2026 09:11:48,1322,0.028,HUF,0,17.01612,779
22/06/2026 09:11:52,1327,0.028,HUF,0,17.01606,780
22/06/2026 09:11:56,1331,0.028,HUF,0,17.016,782
22/06/2026 09:12:00,1335,0.028,HUF,0,17.01591,1413
22/06/2026 09:12:05,1340,0.028,HUF,0,17.01586,784
22/06/2026 09:12:09,1344,0.028,GOC,0,17.01581,784
22/06/2026 09:12:14,1349,0.028,HUF,0,17.01574,1948
22/06/2026 09:12:18,1353,0.028,HUF,0,17.01568,872
22/06/2026 09:12:23,1358,0.028,HUF,0,17.01561,894
22/06/2026 09:12:28,1362,0.028,HUF,0,17.01548,777
22/06/2026 09:12:33,1367,0.028,HUF,0,17.01548,1362
22/06/2026 09:12:37,1372,0.028,HUF,0,17.0154,1104
22/06/2026 09:12:41,1376,0.028,HUF,0,17.01536,780
22/06/2026 09:12:46,1380,0.028,HUF,0,17.01528,786
22/06/2026 09:12:50,1385,0.028,HUF,0,17.01524,780
22/06/2026 09:12:56,1390,0.028,HUF,0,17.01518,1220
22/06/2026 09:13:00,1395,0.028,HUF,0,17.01512,1623
22/06/2026 09:13:04,1399,0.028,GOC,0,17.01505,784
22/06/2026 09:13:09,1404,0.028,GOC,0,17.01497,787
22/06/2026 09:13:13,1408,0.028,HUF,0,17.01495,1206
22/06/2026 09:13:17,1412,0.028,HUF,0,17.0149,784
22/06/2026 09:13:22,1416,0.028,HUF,0,17.01479,780
22/06/2026 09:13:26,1421,0.028,HUF,0,17.01477,1230
22/06/2026 09:13:31,1425,0.028,HUF,0,17.01473,788
22/06/2026 09:13:35,1430,0.028,HUF,0,17.01467,776
22/06/2026 09:13:39,1434,0.028,HUF,0,17.01462,1328
22/06/2026 09:13:45,1439,0.028,GOC,0,17.01456,793
22/06/2026 09:13:49,1444,0.028,GOC,0,17.0145,793
22/06/2026 09:13:53,1448,0.028,GOC,0,17.01445,2800
22/06/2026 09:13:58,1453,0.028,HUF,0,17.01436,790
22/06/2026 09:14:02,1457,0.028,HUF,0,17.01434,778
22/06/2026 09:14:06,1461,0.028,HUF,0,17.01429,865
22/06/2026 09:14:11,1466,0.028,HUF,0,17.01423,892
22/06/2026 09:14:15,1470,0.028,HUF,0,17.01416,783
22/06/2026 09:14:20,1475,0.028,HUF,0,17.01413,791
22/06/2026 09:14:31,1479,0.028,GOC,0,17.01408,785
22/06/2026 09:14:32,1487,0.028,HUF,0,17.01398,779
22/06/2026 09:14:36,1491,0.028,HUF,0,17.01396,792
22/06/2026 09:14:41,1495,0.028,HUF,0,17.01391,948
22/06/2026 09:14:50,1503,0.028,HUF,0,17.01382,1088
22/06/2026 09:14:55,1510,0.028,GOC,0,17.01368,794
22/06/2026 09:14:59,1514,0.028,GOC,0,17.01366,1009
22/06/2026 09:15:06,1521,0.028,GOC,0,17.01363,784
22/06/2026 09:15:11,1525,0.028,HUF,0,17.01357,834
22/06/2026 09:15:16,1530,0.028,HUF,0,17.01353,780
22/06/2026 09:15:20,1534,0.028,HUF,0,17.01349,783
22/06/2026 09:15:22,1537,0.028,HUF,0,17.01346,793
22/06/2026 09:15:26,1541,0.028,HUF,0,17.01342,789
22/06/2026 09:15:30,1545,0.028,HUF,0,17.01337,787
22/06/2026 09:15:34,1549,0.028,HUF,0,17.01333,1115
22/06/2026 09:15:39,1554,0.028,GOC,0,17.01328,787
22/06/2026 09:15:43,1558,0.028,GOC,0,17.01324,778
22/06/2026 09:15:48,1562,0.028,HUF,0,17.0132,789
22/06/2026 09:15:52,1567,0.028,HUF,0,17.01315,1715
22/06/2026 09:15:56,1571,0.028,HUF,0,17.01312,780
22/06/2026 09:16:00,1575,0.028,HUF,0,17.01307,782
22/06/2026 09:16:04,1579,0.028,GOC,0,17.01304,781
22/06/2026 09:16:09,1583,0.028,HUF,0,17.01298,791
22/06/2026 09:16:13,1588,0.028,HUF,0,17.01295,781
22/06/2026 09:16:18,1592,0.028,HUF,0,17.01288,850
22/06/2026 09:16:22,1597,0.028,HUF,0,17.01287,794
22/06/2026 09:16:26,1601,0.028,HUF,0,17.01283,783
22/06/2026 09:16:31,1605,0.028,HUF,0,17.01279,783
22/06/2026 09:16:35,1610,0.028,HUF,0,17.01274,780
22/06/2026 09:16:40,1614,0.028,HUF,0,17.01271,3473
22/06/2026 09:16:44,1618,0.028,GOC,0,17.01267,787
22/06/2026 09:16:48,1623,0.028,HUF,0,17.01262,881
22/06/2026 09:16:53,1627,0.028,HUF,0,17.01259,841
22/06/2026 09:16:57,1632,0.028,HUF,0,17.01253,787
22/06/2026 09:17:01,1636,0.028,HUF,0,17.0125,912
22/06/2026 09:17:04,1639,0.028,HUF,0,17.01248,840
22/06/2026 09:17:09,1643,0.028,GOC,0,17.01244,784
22/06/2026 09:17:12,1647,0.028,HUF,0,17.01238,1587
22/06/2026 09:17:17,1651,0.028,HUF,0,17.01237,1747
22/06/2026 09:17:21,1655,0.028,HUF,0,17.01233,1961
22/06/2026 09:17:25,1660,0.028,HUF,0,17.0123,832
22/06/2026 09:17:29,1664,0.028,GOC,0,17.01225,929
22/06/2026 09:17:33,1668,0.028,HUF,0,17.01222,782
22/06/2026 09:17:38,1673,0.028,HUF,0,17.01218,803
22/06/2026 09:17:43,1678,0.028,HUF,0,17.01215,779
22/06/2026 09:17:47,1682,0.028,HUF,0,17.01211,1451
22/06/2026 09:17:51,1686,0.028,HUF,0,17.01208,784
22/06/2026 09:17:55,1689,0.028,HUF,0,17.01192,837
22/06/2026 09:17:58,1693,0.028,GOC,0,17.01202,1014
22/06/2026 09:18:03,1697,0.028,HUF,0,17.01199,4410
22/06/2026 09:18:08,1703,0.028,HUF,0,17.01194,777
22/06/2026 09:18:12,1707,0.028,HUF,0,17.0119,787
22/06/2026 09:18:17,1711,0.028,HUF,0,17.01187,5072
22/06/2026 09:18:21,1716,0.028,HUF,0,17.01183,788
22/06/2026 09:18:26,1721,0.028,HUF,0,17.01179,1026
22/06/2026 09:18:30,1725,0.028,HUF,0,17.01176,889
22/06/2026 09:18:36,1731,0.028,HUF,0,17.01171,2893
22/06/2026 09:18:40,1735,0.028,HUF,0,17.01167,785
22/06/2026 09:18:45,1740,0.028,HUF,0,17.01164,780
22/06/2026 09:18:50,1744,0.028,HUF,0,17.0116,789
22/06/2026 09:18:55,1750,0.028,HUF,0,17.01157,779
22/06/2026 09:19:00,1755,0.028,HUF,0,17.01153,2015
22/06/2026 09:19:04,1759,0.028,GOC,0,17.0115,1267
22/06/2026 09:19:09,1763,0.028,HUF,0,17.01147,858
22/06/2026 09:19:14,1769,0.028,GOC,0,17.01142,789
22/06/2026 09:19:19,1774,0.028,GOC,0,17.01139,788
22/06/2026 09:19:23,1778,0.028,GOC,0,17.01136,1036
22/06/2026 09:19:28,1783,0.028,HUF,0,17.01132,890
22/06/2026 09:19:32,1787,0.028,HUF,0,17.01128,800
22/06/2026 09:19:38,1793,0.028,HUF,0,17.01124,785
22/06/2026 09:19:42,1797,0.028,HUF,0,17.01122,775
22/06/2026 09:19:47,1802,0.028,HUF,0,17.01118,780
22/06/2026 09:19:51,1806,4.604355,HUF,0,17.01115,962
22/06/2026 09:19:55,1810,4.601,HUF,0,17.01113,1759
22/06/2026 09:20:00,1814,4.598,HUF,0,17.0111,1637
22/06/2026 09:20:05,1819,4.597,GOC,0,17.01106,784
22/06/2026 09:20:09,1823,0.028,GOC,0,17.01103,786
22/06/2026 09:20:14,1829,0.028,GOC,0,17.01099,784
22/06/2026 09:20:19,1834,0.028,GOC,0,17.01097,882
22/06/2026 09:20:23,1838,0.028,HUF,0,17.01094,789
22/06/2026 09:20:27,1842,0.028,HUF,0,17.01085,791
22/06/2026 09:20:31,1845,0.028,HUF,0,17.01089,2416
22/06/2026 09:20:35,1850,0.028,HUF,0,17.01083,779
22/06/2026 09:20:40,1854,0.028,HUF,0,17.01083,776
22/06/2026 09:20:44,1858,0.028,GOC,0,17.01077,783
22/06/2026 09:20:48,1863,0.028,HUF,0,17.01076,776
22/06/2026 09:20:52,1867,0.028,HUF,0,17.01074,805
22/06/2026 09:20:58,1872,0.028,HUF,0,17.01071,846
22/06/2026 09:21:02,1877,0.028,HUF,0,17.01068,779
22/06/2026 09:21:06,1881,0.028,HUF,0,17.01065,777
22/06/2026 09:21:10,1885,0.028,HUF,0,17.01062,781
22/06/2026 09:21:16,1891,0.028,HUF,0,17.01058,1770
22/06/2026 09:21:20,1895,0.028,HUF,0,17.01056,781
22/06/2026 09:21:25,1899,0.028,GOC,0,17.01053,784
22/06/2026 09:21:29,1904,0.028,HUF,0,17.0105,811
22/06/2026 09:21:33,1908,0.028,GOC,0,17.01048,2792
22/06/2026 09:21:38,1913,0.028,HUF,0,17.01044,973
22/06/2026 09:21:43,1917,0.028,HUF,0,17.01041,787
22/06/2026 09:22:04,1939,0.028,GOC,0,22.66667,781
22/06/2026 09:22:08,1943,0.028,HUF,0,19.42857,2503
22/06/2026 09:22:13,1948,0.028,HUF,0,18.41513,1024
22/06/2026 09:22:18,1952,0.028,HUF,0,18.0625,1068
22/06/2026 09:22:23,1957,0.028,HUF,0,17.81037,1776
22/06/2026 09:22:30,1965,0.028,HUF,0,17.58681,780
22/06/2026 09:22:35,1970,0.028,HUF,0,17.5,783
22/06/2026 09:22:39,1974,0.028,GOC,0,17.44737,6081
22/06/2026 09:22:43,1978,0.028,GOC,0,17.40476,780
22/06/2026 09:22:48,1983,0.028,HUF,0,17.36207,786
22/06/2026 09:22:52,1987,0.028,HUF,0,17.33367,776
22/06/2026 09:22:57,1991,0.028,HUF,0,17.30941,786
22/06/2026 09:23:01,1996,0.028,HUF,0,17.28362,786
22/06/2026 09:23:05,2000,0.028,HUF,0,17.26589,774
22/06/2026 09:23:09,2004,0.028,GOC,0,17.25025,864
22/06/2026 09:23:14,2009,0.028,GOC,0,17.23311,778
22/06/2026 09:23:18,2013,0.028,HUF,0,17.221,778
22/06/2026 09:23:22,2017,0.028,HUF,0,17.21009,777
22/06/2026 09:23:26,2021,0.028,HUF,0,17.2002,785
22/06/2026 09:23:31,2025,0.028,HUF,0,17.1912,784
22/06/2026 09:23:35,2030,0.028,HUF,0,17.18103,1427
22/06/2026 09:23:42,2037,0.028,HUF,0,17.16815,788
22/06/2026 09:23:47,2042,0.028,HUF,0,17.16054,788
22/06/2026 09:23:51,2045,0.028,HUF,0,17.15612,797
22/06/2026 09:23:55,2050,0.028,HUF,0,17.14927,933
22/06/2026 09:24:00,2054,0.028,HUF,0,17.14421,790
22/06/2026 09:24:04,2059,0.028,GOC,0,17.13849,1853
22/06/2026 09:24:08,2063,0.028,GOC,0,17.13399,5730
22/06/2026 09:24:13,2067,0.028,HUF,0,17.13003,813
22/06/2026 09:24:21,2075,0.028,HUF,0,17.12243,792
22/06/2026 09:24:25,2080,0.028,HUF,0,17.11829,779
22/06/2026 09:24:31,2085,0.028,HUF,0,17.11432,779
22/06/2026 09:24:35,2090,0.028,HUF,0,17.11061,782
22/06/2026 09:24:39,2094,0.028,GOC,0,17.10781,815
22/06/2026 09:24:44,2099,0.028,HUF,0,17.10356,787
22/06/2026 09:24:48,2103,0.028,GOC,0,17.1019,782
22/06/2026 09:24:52,2107,0.028,HUF,0,17.09962,952
22/06/2026 09:24:58,2113,0.028,HUF,0,17.09624,786
22/06/2026 09:25:03,2117,0.028,HUF,0,17.09402,794
22/06/2026 09:25:07,2121,0.028,HUF,0,17.09208,786
22/06/2026 09:25:11,2126,0.028,HUF,0,17.08965,790
22/06/2026 09:25:16,2131,0.028,HUF,0,17.08735,781
22/06/2026 09:25:22,2135,0.028,HUF,0,17.08551,854
22/06/2026 09:25:26,2141,0.028,HUF,0,17.08309,779
22/06/2026 09:25:31,2146,0.028,HUF,0,17.0812,1990
22/06/2026 09:25:35,2150,0.028,HUF,0,17.07952,781
22/06/2026 09:25:39,2154,0.028,GOC,0,17.07822,793
22/06/2026 09:25:43,2158,0.028,GOC,0,17.07673,796
22/06/2026 09:25:48,2162,0.028,HUF,0,17.07515,786
22/06/2026 09:25:52,2167,0.028,HUF,0,17.07381,781
22/06/2026 09:25:56,2171,0.028,HUF,0,17.07256,780
22/06/2026 09:26:01,2175,0.028,HUF,0,17.07134,862
22/06/2026 09:26:06,2181,0.028,HUF,0,17.0696,784
22/06/2026 09:26:11,2185,0.028,HUF,0,17.06848,778
22/06/2026 09:26:15,2190,0.028,HUF,0,17.06713,1260
22/06/2026 09:26:19,2194,0.028,GOC,0,17.06589,2152
22/06/2026 09:26:23,2198,0.028,HUF,0,17.06508,785
22/06/2026 09:26:28,2203,0.028,HUF,0,17.06386,835
22/06/2026 09:26:33,2207,0.028,HUF,0,17.06292,3675
22/06/2026 09:26:37,2212,0.028,HUF,0,17.06172,784
22/06/2026 09:26:41,2216,0.028,HUF,0,17.06084,782
22/06/2026 09:26:46,2221,0.028,HUF,0,17.05983,777
22/06/2026 09:26:51,2226,0.028,HUF,0,17.0588,1324
22/06/2026 09:26:54,2229,0.028,HUF,0,17.0582,786
22/06/2026 09:26:59,2233,0.028,GOC,0,17.05735,785
22/06/2026 09:27:03,2238,0.028,HUF,0,17.05646,786
22/06/2026 09:27:08,2243,0.028,HUF,0,17.05554,788
22/06/2026 09:27:19,2253,0.028,HUF,0,17.05384,787
22/06/2026 09:27:23,2257,0.028,HUF,0,17.05317,853
22/06/2026 09:27:26,2261,0.028,HUF,0,17.05252,783
22/06/2026 09:27:30,2265,0.028,HUF,0,17.05188,788
22/06/2026 09:27:35,2269,0.028,HUF,0,17.05126,777
22/06/2026 09:27:38,2273,0.028,HUF,0,17.05065,789
22/06/2026 09:27:43,2278,0.028,HUF,0,17.04991,3106
22/06/2026 09:27:48,2283,0.028,HUF,0,17.04919,826
22/06/2026 09:27:53,2287,0.028,HUF,0,17.04863,780
22/06/2026 09:27:57,2292,0.028,HUF,0,17.04785,781
22/06/2026 09:28:01,2295,0.028,HUF,0,17.04745,790
22/06/2026 09:28:05,2300,0.028,HUF,0,17.04689,794
22/06/2026 09:28:09,2304,0.028,GOC,0,17.04638,1499
22/06/2026 09:28:14,2308,0.028,HUF,0,17.04588,804
22/06/2026 09:28:18,2313,0.028,HUF,0,17.04527,1660
22/06/2026 09:28:22,2317,0.028,HUF,0,17.0448,779
22/06/2026 09:28:26,2321,0.028,HUF,0,17.04433,793
22/06/2026 09:28:30,2325,0.028,HUF,0,17.04388,835
22/06/2026 09:28:34,2329,0.028,GOC,0,17.04343,787
22/06/2026 09:28:39,2333,0.028,GOC,0,17.04278,779
22/06/2026 09:28:43,2338,0.028,HUF,0,17.0425,1820
22/06/2026 09:28:47,2342,0.028,HUF,0,17.04208,876
22/06/2026 09:28:51,2346,0.028,HUF,0,17.04167,785
22/06/2026 09:28:56,2350,0.028,HUF,0,17.04123,778
22/06/2026 09:29:00,2355,0.028,HUF,0,17.04078,789
22/06/2026 09:29:05,2359,0.028,HUF,0,17.04039,1572
22/06/2026 09:29:08,2363,0.028,HUF,0,17.04001,784
22/06/2026 09:29:14,2369,0.028,HUF,0,17.03946,780
22/06/2026 09:29:18,2373,0.028,HUF,0,17.0391,1779
22/06/2026 09:29:22,2377,0.028,HUF,0,17.0387,775
22/06/2026 09:29:27,2382,0.028,HUF,0,17.03831,789
22/06/2026 09:29:31,2386,0.028,HUF,0,17.03797,789
22/06/2026 09:29:35,2390,0.028,HUF,0,17.03763,781
22/06/2026 09:29:39,2394,0.028,GOC,0,17.0373,1383
22/06/2026 09:29:43,2398,0.028,GOC,0,17.03698,791
22/06/2026 09:29:48,2402,0.028,HUF,0,17.03666,780
22/06/2026 09:29:53,2407,0.028,HUF,0,17.03627,780
22/06/2026 09:29:57,2411,0.028,HUF,0,17.03597,781
22/06/2026 09:30:00,2415,0.028,HUF,0,17.03567,788
22/06/2026 09:30:05,2420,0.028,HUF,0,17.0353,779
22/06/2026 09:30:09,2424,0.028,GOC,0,17.03501,5884
22/06/2026 09:30:13,2428,0.028,HUF,0,17.03476,782
22/06/2026 09:30:17,2432,0.028,HUF,0,17.03448,779
22/06/2026 09:30:21,2436,0.028,HUF,0,17.0342,780
22/06/2026 09:30:26,2441,0.028,HUF,0,17.0338,1076
22/06/2026 09:30:31,2445,0.028,HUF,0,17.0336,788
22/06/2026 09:30:35,2450,0.028,HUF,0,17.03321,780
22/06/2026 09:30:39,2454,0.028,GOC,0,17.03301,783
22/06/2026 09:30:44,2459,0.028,HUF,0,17.03264,962
22/06/2026 09:30:51,2466,0.028,GOC,0,17.03227,774
22/06/2026 09:30:55,2470,0.028,HUF,0,17.03203,784
22/06/2026 09:31:01,2475,0.028,GOC,0,17.03173,1724
22/06/2026 09:31:04,2479,0.028,HUF,0,17.0315,779
22/06/2026 09:31:08,2483,0.028,GOC,0,17.03127,786
22/06/2026 09:31:12,2487,0.028,HUF,0,17.03104,830
22/06/2026 09:31:17,2492,0.028,HUF,0,17.03073,807
22/06/2026 09:31:21,2496,0.028,HUF,0,17.03042,1337
22/06/2026 09:31:26,2500,0.028,HUF,0,17.03032,1212
22/06/2026 09:31:30,2505,0.028,HUF,0,17.02964,844
22/06/2026 09:31:40,2515,0.028,HUF,0,17.02954,785
22/06/2026 09:31:44,2519,0.028,HUF,0,17.02936,779
22/06/2026 09:31:49,2523,0.028,HUF,0,17.02917,781
22/06/2026 09:31:53,2528,0.028,HUF,0,17.02892,792
22/06/2026 09:31:57,2532,0.028,HUF,0,17.02872,781
22/06/2026 09:32:01,2536,0.028,HUF,0,17.02853,782
22/06/2026 09:32:05,2540,0.028,HUF,0,17.02829,777
22/06/2026 09:32:09,2544,0.028,HUF,0,17.02813,784
22/06/2026 09:32:14,2549,0.028,GOC,0,17.02793,789
22/06/2026 09:32:19,2553,0.028,HUF,0,17.02772,778
22/06/2026 09:32:24,2559,0.028,HUF,0,17.02748,779
22/06/2026 09:32:29,2564,0.028,GOC,0,17.02726,792
22/06/2026 09:32:33,2568,0.028,GOC,0,17.02709,790
22/06/2026 09:32:39,2573,0.028,HUF,0,17.02687,1484
22/06/2026 09:32:44,2579,0.028,GOC,0,17.02662,791
22/06/2026 09:32:49,2583,0.028,HUF,0,17.02646,1912
22/06/2026 09:32:52,2587,0.028,HUF,0,17.0263,783
22/06/2026 09:32:57,2591,0.028,HUF,0,17.02614,787
22/06/2026 09:33:01,2596,0.028,HUF,0,17.02594,777
22/06/2026 09:33:10,2604,0.028,HUF,0,17.02563,778
22/06/2026 09:33:15,2610,0.028,GOC,0,17.02542,777
22/06/2026 09:33:19,2614,0.028,GOC,0,17.02527,779
22/06/2026 09:33:25,2619,0.028,HUF,0,17.02509,789
22/06/2026 09:33:32,2627,0.028,GOC,0,17.0248,782
22/06/2026 09:33:37,2631,0.028,HUF,0,17.02466,780
22/06/2026 09:33:42,2637,0.028,HUF,0,17.02444,781
22/06/2026 09:33:46,2641,0.028,HUF,0,17.02431,773
22/06/2026 09:33:51,2646,0.028,HUF,0,17.02414,776
22/06/2026 09:33:55,2650,0.028,HUF,0,17.024,784
22/06/2026 09:34:00,2654,0.028,GOC,0,17.02387,905
22/06/2026 09:34:04,2659,0.028,GOC,0,17.0237,788
22/06/2026 09:34:09,2664,0.028,GOC,0,17.02354,784
22/06/2026 09:34:13,2668,0.028,HUF,0,17.02341,830
22/06/2026 09:34:18,2672,0.028,HUF,0,17.02328,783
22/06/2026 09:34:22,2677,0.028,HUF,0,17.02308,834
22/06/2026 09:34:27,2682,0.028,HUF,0,17.02297,1854
22/06/2026 09:34:31,2686,0.028,HUF,0,17.02285,781
22/06/2026 09:34:36,2691,0.028,HUF,0,17.0227,789
22/06/2026 09:34:40,2695,0.028,HUF,0,17.02258,1250
22/06/2026 09:34:44,2699,0.028,GOC,0,17.02248,789
22/06/2026 09:34:48,2703,0.028,HUF,0,17.02236,780
22/06/2026 09:34:52,2707,0.028,HUF,0,17.02225,777
22/06/2026 09:34:56,2711,0.028,HUF,0,17.02213,5189
22/06/2026 09:35:00,2715,0.028,HUF,0,17.02202,777
22/06/2026 09:35:05,2720,0.028,GOC,0,17.02188,2269
22/06/2026 09:35:10,2725,0.028,GOC,0,17.02174,788
22/06/2026 09:35:15,2729,0.028,GOC,0,17.02163,789
22/06/2026 09:35:19,2734,0.028,GOC,0,17.02149,1553
22/06/2026 09:35:24,2738,0.028,GOC,0,17.02139,844
22/06/2026 09:35:28,2743,0.028,HUF,0,17.02121,783
22/06/2026 09:35:34,2748,0.028,HUF,0,17.02112,784
22/06/2026 09:35:39,2754,0.028,HUF,0,17.02097,781
22/06/2026 09:35:44,2759,0.028,GOC,0,17.02084,803
22/06/2026 09:35:49,2764,0.028,GOC,0,17.02072,778
22/06/2026 09:35:54,2769,0.028,GOC,0,17.02059,793
22/06/2026 09:35:59,2773,0.028,GOC,0,17.02049,836
22/06/2026 09:36:03,2778,0.028,HUF,0,17.02035,781
22/06/2026 09:36:07,2782,0.028,HUF,0,17.02028,790
22/06/2026 09:36:15,2789,0.028,HUF,0,17.02011,788
22/06/2026 09:36:19,2793,0.028,GOC,0,17.02002,786
22/06/2026 09:36:23,2798,0.028,HUF,0,17.01988,794
22/06/2026 09:36:28,2802,0.028,HUF,0,17.01983,998
22/06/2026 09:36:32,2807,0.028,HUF,0,17.01967,778
22/06/2026 09:36:36,2811,0.028,HUF,0,17.01962,791
22/06/2026 09:36:41,2815,0.028,HUF,0,17.01951,789
22/06/2026 09:36:46,2820,0.028,HUF,0,17.01942,866
22/06/2026 09:36:50,2825,0.028,HUF,0,17.01931,783
22/06/2026 09:36:56,2831,0.028,HUF,0,17.01918,774
22/06/2026 09:37:03,2838,0.028,HUF,0,17.01904,778
22/06/2026 09:37:09,2843,0.028,HUF,0,17.01889,803
22/06/2026 09:37:13,2848,0.028,HUF,0,17.01883,785
22/06/2026 09:37:19,2854,0.028,HUF,0,17.0187,780
22/06/2026 09:37:26,2860,0.028,HUF,0,17.01858,1695
22/06/2026 09:37:30,2865,0.028,HUF,0,17.01848,782
22/06/2026 09:37:35,2870,0.028,GOC,0,17.01838,788
22/06/2026 09:37:40,2875,0.028,GOC,0,17.01829,791
22/06/2026 09:37:45,2879,0.028,HUF,0,17.01815,788
22/06/2026 09:37:49,2884,0.028,GOC,0,17.01811,784
22/06/2026 09:37:54,2888,0.028,GOC,0,17.01805,870
22/06/2026 09:37:58,2893,0.028,HUF,0,17.01796,945
22/06/2026 09:38:03,2897,0.028,HUF,0,17.01781,1024
22/06/2026 09:38:08,2903,0.028,HUF,0,17.01777,1338
22/06/2026 09:38:14,2908,0.028,HUF,0,17.01768,1266
22/06/2026 09:38:18,2912,0.028,HUF,0,17.01761,792
22/06/2026 09:38:23,2917,0.028,HUF,0,17.01752,785
22/06/2026 09:38:27,2922,0.028,HUF,0,17.01743,780
22/06/2026 09:38:32,2927,0.028,HUF,0,17.01734,789
22/06/2026 09:38:36,2931,0.028,HUF,0,17.01727,1132
22/06/2026 09:38:41,2935,0.028,HUF,0,17.0172,776
22/06/2026 09:38:46,2940,0.028,HUF,0,17.01708,777
22/06/2026 09:38:50,2945,0.028,HUF,0,17.01703,839
22/06/2026 09:38:54,2949,0.028,HUF,0,17.01697,776
22/06/2026 09:38:59,2954,0.028,GOC,0,17.01688,785
22/06/2026 09:39:04,2958,0.028,GOC,0,17.01682,1465
22/06/2026 09:39:09,2963,0.028,GOC,0,17.01674,1804
22/06/2026 09:39:13,2968,0.028,HUF,0,17.01665,1005
22/06/2026 09:39:20,2974,0.028,HUF,0,17.01656,779
22/06/2026 09:39:24,2979,0.028,GOC,0,17.01648,1232
22/06/2026 09:39:32,2987,0.028,GOC,0,17.01637,786
22/06/2026 09:39:37,2992,0.028,HUF,0,17.01628,786
22/06/2026 09:39:41,2995,0.028,HUF,0,17.01624,1631
22/06/2026 09:39:45,3000,0.028,HUF,0,17.01617,790
22/06/2026 09:39:50,3004,0.028,HUF,0,17.01611,781
22/06/2026 09:39:54,3009,0.028,GOC,0,17.01603,931
22/06/2026 09:39:59,3013,0.028,GOC,0,17.01597,775
22/06/2026 09:40:04,3019,0.028,GOC,0,17.01588,787
22/06/2026 09:40:09,3024,0.028,GOC,0,17.01581,783
22/06/2026 09:40:14,3029,0.028,GOC,0,17.01572,1353
22/06/2026 09:40:23,3037,0.028,GOC,0,17.01563,857
22/06/2026 09:40:27,3042,0.028,HUF,0,17.01555,1733
22/06/2026 09:40:32,3046,0.028,HUF,0,17.0155,778
22/06/2026 09:40:44,3059,0.028,GOC,0,17.01532,1104
22/06/2026 09:40:48,3063,0.028,HUF,0,17.01526,788
22/06/2026 09:40:53,3068,0.028,HUF,0,17.0152,842
22/06/2026 09:40:58,3072,0.028,HUF,0,17.01514,782
22/06/2026 09:41:01,3076,0.028,HUF,0,17.01511,779
22/06/2026 09:41:05,3080,0.028,HUF,0,17.01502,793
22/06/2026 09:41:10,3084,0.028,HUF,0,17.01499,788
22/06/2026 09:41:14,3089,0.028,GOC,0,17.01493,780
22/06/2026 09:41:19,3094,0.028,GOC,0,17.01487,3101
22/06/2026 09:41:23,3098,0.028,HUF,0,17.01482,1218
22/06/2026 09:41:27,3102,0.028,HUF,0,17.01477,1891
22/06/2026 09:41:31,3106,0.028,HUF,0,17.01472,806
22/06/2026 09:41:45,3119,0.028,GOC,0,17.01456,787
22/06/2026 09:41:45,3111,0.028,HUF,0,17.01466,788
22/06/2026 09:41:48,3123,0.028,GOC,0,17.01451,1767
22/06/2026 09:41:52,3127,0.028,HUF,0,17.01446,776
22/06/2026 09:41:55,3130,0.028,HUF,0,17.01442,788
22/06/2026 09:42:02,3137,0.028,HUF,0,17.01434,1597
22/06/2026 09:42:06,3140,0.028,HUF,0,17.0143,1130
22/06/2026 09:42:10,3145,0.028,HUF,0,17.01424,775
22/06/2026 09:42:14,3149,0.028,HUF,0,17.0142,786
22/06/2026 09:42:21,3156,0.028,GOC,0,17.01411,782
22/06/2026 09:42:26,3161,0.028,HUF,0,17.01406,790
22/06/2026 09:42:33,3168,0.028,HUF,0,17.01399,791
22/06/2026 09:42:37,3172,0.028,HUF,0,17.01395,777
22/06/2026 09:42:41,3176,0.028,HUF,0,17.0139,773
22/06/2026 09:42:46,3180,0.028,HUF,0,17.01386,778
22/06/2026 09:42:51,3185,0.028,HUF,0,17.0138,790
22/06/2026 09:42:55,3189,0.028,HUF,0,17.01376,1111
22/06/2026 09:43:00,3195,0.028,GOC,0,17.01366,794
22/06/2026 09:43:05,3200,0.028,HUF,0,17.01358,782
22/06/2026 09:43:10,3205,0.028,HUF,0,17.01358,774
22/06/2026 09:43:15,3210,0.028,GOC,0,17.01353,1000
22/06/2026 09:43:20,3214,0.028,GOC,0,17.01349,782
22/06/2026 09:43:24,3218,0.028,GOC,0,17.01343,784
22/06/2026 09:43:29,3224,0.028,GOC,0,17.01338,1041
22/06/2026 09:43:33,3228,0.028,GOC,0,17.01334,935
22/06/2026 09:43:38,3233,0.028,HUF,0,17.01329,777
22/06/2026 09:43:43,3237,0.028,HUF,0,17.01325,789
22/06/2026 09:43:47,3242,0.028,HUF,0,17.0132,782
22/06/2026 09:43:53,3248,0.028,HUF,0,17.01314,792
22/06/2026 09:43:57,3252,0.028,HUF,0,17.0131,831
22/06/2026 09:44:02,3257,0.028,HUF,0,17.01305,788
22/06/2026 09:44:06,3261,0.028,HUF,0,17.01302,784
22/06/2026 09:44:11,3265,0.028,HUF,0,17.01298,783
22/06/2026 09:44:15,3270,0.028,HUF,0,17.01294,872
22/06/2026 09:44:19,3274,0.028,GOC,0,17.0129,1074
22/06/2026 09:44:23,3278,0.028,HUF,0,17.01286,778
22/06/2026 09:44:26,3281,0.028,HUF,0,17.01283,777
22/06/2026 09:44:31,3286,0.028,HUF,0,17.01278,834
22/06/2026 09:44:41,3296,0.028,GOC,0,17.01269,779
22/06/2026 09:44:47,3302,0.028,HUF,0,17.01263,1290
22/06/2026 09:44:51,3306,0.028,HUF,0,17.0126,1485
22/06/2026 09:44:55,3310,0.028,HUF,0,17.01256,775
22/06/2026 09:45:00,3315,0.028,HUF,0,17.01249,783
22/06/2026 09:45:04,3319,0.028,GOC,0,17.01248,790
22/06/2026 09:45:08,3323,0.028,HUF,0,17.01244,789
22/06/2026 09:45:13,3328,0.028,HUF,0,17.0124,784
22/06/2026 09:45:18,3332,0.028,HUF,0,17.01236,2017
22/06/2026 09:45:22,3337,0.028,HUF,0,17.01232,777
22/06/2026 09:45:27,3341,0.028,HUF,0,17.01228,793
22/06/2026 09:45:31,3346,0.028,HUF,0,17.01224,787
22/06/2026 09:45:36,3351,0.028,HUF,0,17.0122,979
22/06/2026 09:45:40,3355,0.028,HUF,0,17.01216,783
22/06/2026 09:45:44,3359,0.028,HUF,0,17.01214,779
22/06/2026 09:45:48,3363,0.028,HUF,0,17.0121,784
22/06/2026 09:45:52,3367,0.028,HUF,0,17.01207,795
22/06/2026 09:45:56,3371,0.028,HUF,0,17.01204,784
22/06/2026 09:46:00,3375,0.028,HUF,0,17.012,782
22/06/2026 09:46:04,3379,0.028,HUF,0,17.01195,1261
22/06/2026 09:46:09,3384,0.028,HUF,0,17.01191,837
22/06/2026 09:46:14,3388,0.028,GOC,0,17.0119,789
22/06/2026 09:46:18,3393,0.028,HUF,0,17.01185,775
22/06/2026 09:46:23,3398,0.028,HUF,0,17.01181,1590
22/06/2026 09:46:27,3402,0.028,HUF,0,17.01177,1108
22/06/2026 09:46:31,3406,0.028,HUF,0,17.01175,781
22/06/2026 09:46:35,3410,0.028,HUF,0,17.01172,1299
22/06/2026 09:46:39,3414,0.028,HUF,0,17.01169,1449
22/06/2026 09:46:43,3418,0.028,HUF,0,17.01165,876
22/06/2026 09:46:47,3422,0.028,HUF,0,17.01162,780
22/06/2026 09:46:51,3426,0.028,HUF,0,17.01159,2411
22/06/2026 09:46:56,3431,0.028,HUF,0,17.01155,880
22/06/2026 09:47:00,3435,0.028,HUF,0,17.01152,786
22/06/2026 09:47:06,3441,0.028,HUF,0,17.01148,784
22/06/2026 09:47:10,3445,0.028,HUF,0,17.01145,2854
22/06/2026 09:47:15,3449,0.028,GOC,0,17.01143,788
22/06/2026 09:47:19,3454,0.028,GOC,0,17.01139,788
22/06/2026 09:47:25,3459,0.028,HUF,0,17.01135,778
22/06/2026 09:47:30,3464,0.028,GOC,0,17.01131,1507
22/06/2026 09:47:34,3469,0.028,GOC,0,17.01127,777
22/06/2026 09:47:38,3473,0.028,HUF,0,17.01125,782
22/06/2026 09:47:42,3477,0.028,HUF,0,17.01122,6633
22/06/2026 09:47:46,3481,0.028,HUF,0,17.01119,1026
22/06/2026 09:47:54,3489,0.028,HUF,0,17.01113,774
22/06/2026 09:47:58,3493,0.028,GOC,0,17.0111,965
22/06/2026 09:48:02,3497,0.028,HUF,0,17.01108,785
22/06/2026 09:48:06,3501,0.028,HUF,0,17.01105,787
22/06/2026 09:48:10,3505,0.028,HUF,0,17.01102,784
22/06/2026 09:48:13,3508,0.028,GOC,0,17.011,771
22/06/2026 09:48:17,3512,0.028,HUF,0,17.01097,1235
22/06/2026 09:48:22,3516,0.028,HUF,0,17.01094,5381
22/06/2026 09:48:26,3520,0.028,HUF,0,17.01091,788
22/06/2026 09:48:30,3525,0.028,HUF,0,17.01089,788
22/06/2026 09:48:34,3529,0.028,GOC,0,17.01086,793
22/06/2026 09:48:38,3533,0.028,HUF,0,17.01084,788
22/06/2026 09:48:42,3537,0.028,HUF,0,17.01081,785
22/06/2026 09:48:47,3541,0.028,HUF,0,17.01078,790
22/06/2026 09:48:52,3547,0.028,HUF,0,17.01074,1934
22/06/2026 09:48:56,3551,0.028,HUF,0,17.01072,773
22/06/2026 09:49:00,3555,0.028,HUF,0,17.01069,792
22/06/2026 09:49:05,3560,0.028,HUF,0,17.01066,772
22/06/2026 09:49:10,3564,0.028,HUF,0,17.0106,1308
22/06/2026 09:49:14,3569,0.028,GOC,0,17.0106,783
22/06/2026 09:49:19,3573,0.028,HUF,0,17.01057,787
22/06/2026 09:49:31,3585,0.028,HUF,0,17.01049,786
22/06/2026 09:49:35,3589,0.028,HUF,0,17.01047,781
22/06/2026 09:49:36,3578,0.028,HUF,0,17.01054,787
22/06/2026 09:49:39,3593,0.028,GOC,0,17.01044,1577
22/06/2026 09:49:43,3597,0.028,HUF,0,17.01043,793
22/06/2026 09:49:46,3601,0.028,HUF,0,17.01039,927
22/06/2026 09:49:50,3605,0.028,HUF,0,17.01036,784
22/06/2026 09:49:54,3609,0.028,GOC,0,17.01019,787
22/06/2026 09:49:58,3613,0.028,HUF,0,17.01031,778
22/06/2026 09:50:03,3618,0.028,HUF,0,17.0103,841
22/06/2026 09:50:08,3622,0.028,HUF,0,17.01027,772
22/06/2026 09:50:11,3626,0.028,HUF,0,17.01025,784
22/06/2026 09:50:16,3631,0.028,HUF,0,17.01022,786
22/06/2026 09:50:21,3635,0.028,HUF,0,17.0102,845
22/06/2026 09:50:32,3647,0.028,HUF,0,17.01012,842
22/06/2026 09:50:36,3651,0.028,HUF,0,17.0101,918
22/06/2026 09:50:40,3655,0.028,HUF,0,17.01008,1054
22/06/2026 09:50:44,3659,0.028,HUF,0,17.01005,5119
22/06/2026 09:50:48,3662,0.028,HUF,0,17.01003,1026
22/06/2026 09:50:52,3667,0.028,HUF,0,17.01002,787
22/06/2026 09:50:57,3671,0.028,HUF,0,17.00999,1771
22/06/2026 09:51:00,3675,0.028,HUF,0,17.00997,777
22/06/2026 09:51:05,3679,0.028,HUF,0,17.00995,785
22/06/2026 09:51:08,3683,0.028,GOC,0,17.00993,782
22/06/2026 09:51:12,3687,0.028,HUF,0,17.0099,786
22/06/2026 09:51:16,3691,0.028,HUF,0,17.00988,1291
22/06/2026 09:51:21,3695,0.028,HUF,0,17.00986,775
22/06/2026 09:51:24,3699,0.028,HUF,0,17.00984,859
22/06/2026 09:51:29,3703,0.028,GOC,0,17.00981,780
22/06/2026 09:51:32,3707,0.028,HUF,0,17.00979,1480
22/06/2026 09:51:36,3711,0.028,HUF,0,17.00977,965
22/06/2026 09:51:40,3715,0.028,HUF,0,17.00975,787
22/06/2026 09:51:44,3719,0.028,GOC,0,17.00973,1302
22/06/2026 09:51:48,3723,0.028,GOC,0,17.0097,790
22/06/2026 09:51:52,3727,0.028,HUF,0,17.00968,788
22/06/2026 09:51:57,3732,0.028,HUF,0,17.00965,3488
22/06/2026 09:52:02,3737,0.028,HUF,0,17.00964,787
22/06/2026 09:52:06,3741,0.028,HUF,0,17.00962,793
22/06/2026 09:52:10,3745,0.028,HUF,0,17.00958,781
22/06/2026 09:52:15,3750,0.028,GOC,0,17.00957,786
22/06/2026 09:52:21,3756,0.028,HUF,0,17.00954,1592
22/06/2026 09:52:26,3761,0.028,HUF,0,17.00951,1636
22/06/2026 09:52:31,3766,0.028,HUF,0,17.00949,788
22/06/2026 09:52:35,3769,0.028,HUF,0,17.00947,997
22/06/2026 09:52:39,3774,0.028,GOC,0,17.00944,802
22/06/2026 09:52:43,3778,0.028,HUF,0,17.00942,1053
22/06/2026 09:52:47,3782,0.028,HUF,0,17.0094,784
22/06/2026 09:52:51,3786,0.028,HUF,0,17.00938,788
22/06/2026 09:52:55,3790,0.028,HUF,0,17.00936,779
22/06/2026 09:52:59,3794,0.028,GOC,0,17.00934,1384
22/06/2026 09:53:03,3798,0.028,GOC,0,17.00932,787
22/06/2026 09:53:07,3802,0.028,HUF,0,17.0093,772
22/06/2026 09:53:11,3805,0.028,HUF,0,17.00929,3577
22/06/2026 09:53:15,3810,0.028,HUF,0,17.00926,917
22/06/2026 09:53:19,3813,0.028,GOC,0,17.00926,805
22/06/2026 09:53:23,3818,0.028,HUF,0,17.00923,780
22/06/2026 09:53:27,3822,0.028,HUF,0,17.00921,824
22/06/2026 09:53:32,3827,0.028,HUF,0,17.00919,797
22/06/2026 09:53:37,3831,0.028113,HUF,0,17.00917,788
22/06/2026 09:53:40,3835,0.028,HUF,0,17.0091,785
22/06/2026 09:53:46,3840,0.028,GOC,0,17.00912,827
22/06/2026 09:53:51,3846,0.028,HUF,0,17.0091,783
22/06/2026 09:53:55,3850,0.028,HUF,0,17.00908,795
22/06/2026 09:53:59,3854,0.028,HUF,0,17.00906,2932
22/06/2026 09:54:06,3861,0.028,HUF,0,17.00903,782
22/06/2026 09:54:10,3865,0.028,HUF,0,17.009,901
22/06/2026 09:54:14,3869,0.028,GOC,0,17.00898,783
22/06/2026 09:54:18,3873,0.028,HUF,0,17.00897,1073
22/06/2026 09:54:23,3877,0.028,HUF,0,17.00895,784
22/06/2026 09:54:27,3882,0.028,HUF,0,17.00894,3256
22/06/2026 09:54:31,3886,0.028,HUF,0,17.00891,996
22/06/2026 09:54:35,3890,0.028,HUF,0,17.00889,781
22/06/2026 09:54:39,3894,0.028,HUF,0,17.00888,908
22/06/2026 09:54:43,3898,0.028,GOC,0,17.00886,790
22/06/2026 09:54:47,3902,0.028,HUF,0,17.00885,858
22/06/2026 09:54:51,3906,0.028008,HUF,0,17.00883,789
22/06/2026 09:54:55,3910,0.028,HUF,0,17.0088,787
22/06/2026 09:55:00,3914,0.028,HUF,0,17.00879,2358
22/06/2026 09:55:04,3919,0.028,GOC,0,17.00876,785
22/06/2026 09:55:08,3923,0.028,HUF,0,17.00875,786
22/06/2026 09:55:12,3927,0.028,HUF,0,17.00873,783
22/06/2026 09:55:16,3931,0.028,HUF,0,17.00872,1622
22/06/2026 09:55:20,3935,0.028,HUF,0,17.00869,837
22/06/2026 09:55:26,3940,0.028,HUF,0,17.00868,786
22/06/2026 09:55:30,3945,0.028,HUF,0,17.00865,786
22/06/2026 09:55:35,3950,0.028,HUF,0,17.00864,1628
22/06/2026 09:55:39,3954,0.028,GOC,0,17.00862,789
22/06/2026 09:55:44,3958,0.028,HUF,0,17.00861,807
22/06/2026 09:55:48,3963,0.028,HUF,0,17.00858,789
22/06/2026 09:55:55,3970,0.028,HUF,0,17.00854,783
22/06/2026 09:56:00,3975,0.028,HUF,0,17.00854,899
22/06/2026 09:56:05,3980,0.028,GOC,0,17.00852,783
22/06/2026 09:56:09,3984,0.028,GOC,0,17.0085,2445
22/06/2026 09:56:13,3988,0.028,HUF,0,17.00848,783
22/06/2026 09:56:18,3993,0.028,HUF,0,17.00846,787
22/06/2026 09:56:23,3998,0.028,HUF,0,17.00844,774
22/06/2026 09:56:29,4003,0.028,HUF,0,17.00842,828
22/06/2026 09:56:33,4008,0.028,HUF,0,17.00839,824
22/06/2026 09:56:38,4012,0.028,HUF,0,17.00838,795
22/06/2026 09:56:41,4016,0.028,HUF,0,17.00837,1049
22/06/2026 09:56:47,4022,0.028,HUF,0,17.00835,778
22/06/2026 09:56:51,4026,0.028,HUF,0,17.00834,970
22/06/2026 09:56:56,4030,0.028,HUF,0,17.0083,1101
22/06/2026 09:57:00,4035,0.028,HUF,0,17.0083,783
22/06/2026 09:57:04,4039,0.028,GOC,0,17.00829,782
22/06/2026 09:57:09,4044,0.028,GOC,0,17.00826,794
22/06/2026 09:57:14,4049,0.028,HUF,0,17.00823,8560
22/06/2026 09:57:20,4054,0.028,GOC,0,17.00823,787
22/06/2026 09:57:24,4059,0.028,HUF,0,17.00821,778
22/06/2026 09:57:30,4064,0.028,GOC,0,17.00819,775
22/06/2026 09:57:33,4068,0.028,GOC,0,17.00817,1143
22/06/2026 09:57:37,4072,0.028,HUF,0,17.00816,776
22/06/2026 09:57:42,4077,0.028,HUF,0,17.00814,807
22/06/2026 09:57:46,4081,0.028,HUF,0,17.00812,777
22/06/2026 09:57:50,4085,0.028,HUF,0,17.00811,788
22/06/2026 09:57:55,4090,0.028,HUF,0,17.00809,1281
22/06/2026 09:57:59,4094,0.028,HUF,0,17.00808,786
22/06/2026 09:58:05,4100,0.028,HUF,0,17.00806,1677
22/06/2026 09:58:10,4104,0.028,GOC,0,17.00805,789
22/06/2026 09:58:14,4109,0.028,GOC,0,17.00803,928
22/06/2026 09:58:18,4113,0.028,HUF,0,17.00798,787
22/06/2026 09:58:22,4117,0.028,HUF,0,17.008,777
22/06/2026 09:58:26,4121,0.028,HUF,0,17.00798,791
22/06/2026 09:58:29,4124,0.028,HUF,0,17.00797,789
22/06/2026 09:58:33,4128,0.028,GOC,0,17.00795,783
22/06/2026 09:58:37,4132,0.028,HUF,0,17.00794,772
22/06/2026 09:58:41,4136,0.028,HUF,0,17.00793,781
22/06/2026 09:58:46,4141,0.028,HUF,0,17.00791,781
22/06/2026 09:58:50,4145,0.028,HUF,0,17.00789,790
22/06/2026 09:58:54,4149,0.028,HUF,0,17.00788,841
22/06/2026 09:58:59,4153,0.028,GOC,0,17.00786,878
22/06/2026 09:59:03,4157,0.028,HUF,0,17.00785,3409
22/06/2026 09:59:07,4161,0.028,HUF,0,17.00785,793
22/06/2026 09:59:10,4165,0.028,HUF,0,17.00782,4904
22/06/2026 09:59:14,4169,0.028,HUF,0,17.00782,5362
22/06/2026 09:59:18,4173,0.028,HUF,0,17.0078,778
22/06/2026 09:59:22,4177,0.028,HUF,0,17.00779,840
22/06/2026 09:59:27,4182,0.028,HUF,0,17.00777,872
22/06/2026 09:59:32,4187,0.028,HUF,0,17.00776,780
22/06/2026 09:59:36,4191,0.028,HUF,0,17.00774,828
22/06/2026 09:59:40,4194,0.028,HUF,0,17.00773,779
22/06/2026 09:59:44,4199,0.028,GOC,0,17.00772,1056
22/06/2026 09:59:48,4203,0.028,GOC,0,17.0077,781
22/06/2026 09:59:52,4207,0.028,HUF,0,17.00769,891
22/06/2026 09:59:57,4211,0.028,HUF,0,17.00765,786
22/06/2026 10:00:02,4216,0.028,HUF,0,17.00766,775
22/06/2026 10:00:05,4220,0.028,HUF,0,17.00764,915
22/06/2026 10:00:09,4224,0.028,HUF,0,17.00763,1303
22/06/2026 10:00:14,4229,0.028,GOC,0,17.00762,1455
22/06/2026 10:00:18,4233,0.028,GOC,0,17.0076,786
22/06/2026 10:00:23,4238,0.028,HUF,0,17.00758,788
22/06/2026 10:00:28,4242,0.028,HUF,0,17.00758,778
22/06/2026 10:00:32,4247,0.028,HUF,0,17.00756,794
22/06/2026 10:00:37,4251,0.028,HUF,0,17.00755,790
22/06/2026 10:00:41,4256,0.028,HUF,0,17.00753,792
22/06/2026 10:00:46,4260,0.028,HUF,0,17.00751,959
22/06/2026 10:00:50,4264,0.028,HUF,0,17.00749,787
22/06/2026 10:00:54,4269,0.028,GOC,0,17.00746,776
22/06/2026 10:00:58,4273,0.028,HUF,0,17.00746,3514
22/06/2026 10:01:02,4277,0.028,HUF,0,17.00747,909
22/06/2026 10:01:07,4282,0.028,HUF,0,17.00745,852
22/06/2026 10:01:12,4287,0.028,HUF,0,17.00743,810
22/06/2026 10:01:16,4291,0.028,HUF,0,17.00742,1218
22/06/2026 10:01:20,4295,0.028,HUF,0,17.00741,1593
22/06/2026 10:01:25,4300,0.028,GOC,0,17.00739,1742
22/06/2026 10:01:29,4304,0.028,GOC,0,17.00736,960
22/06/2026 10:01:33,4308,0.028,HUF,0,17.00736,786
22/06/2026 10:01:37,4312,0.028,HUF,0,17.00736,1302
22/06/2026 10:01:41,4316,0.028,HUF,0,17.00735,3527
22/06/2026 10:01:45,4319,0.028,HUF,0,17.00734,854
22/06/2026 10:01:49,4324,0.028,GOC,0,17.00732,793
22/06/2026 10:01:53,4328,0.028,GOC,0,17.00731,778
22/06/2026 10:01:57,4332,0.028,HUF,0,17.0073,777
22/06/2026 10:02:01,4336,0.028,HUF,0,17.00729,778
22/06/2026 10:02:06,4341,0.028,HUF,0,17.00727,1370
22/06/2026 10:02:11,4346,0.028,HUF,0,17.00726,791
22/06/2026 10:02:16,4351,0.028,HUF,0,17.00724,785
22/06/2026 10:02:21,4356,0.028,HUF,0,17.00723,790
22/06/2026 10:02:25,4360,0.028,HUF,0,17.00722,793
22/06/2026 10:02:31,4366,0.028,GOC,0,17.00719,790
22/06/2026 10:02:36,4371,0.028,HUF,0,17.00718,773
22/06/2026 10:02:39,4374,0.028,HUF,0,17.00718,824
22/06/2026 10:02:46,4381,0.028,GOC,0,17.00716,789
22/06/2026 10:02:51,4386,0.028,HUF,0,17.00715,1207
22/06/2026 10:02:55,4390,0.028,HUF,0,17.00712,778
22/06/2026 10:02:59,4394,0.028,HUF,0,17.00712,789
22/06/2026 10:03:03,4398,0.028,GOC,0,17.00711,1874
22/06/2026 10:03:07,4402,0.028,HUF,0,17.0071,776
22/06/2026 10:03:11,4406,0.028,HUF,0,17.00709,805
22/06/2026 10:03:15,4409,0.028,HUF,0,17.00708,803
22/06/2026 10:03:19,4414,0.028,GOC,0,17.00707,787
22/06/2026 10:03:24,4419,0.028,GOC,0,17.00705,777
22/06/2026 10:03:28,4423,0.028,HUF,0,17.00703,791
22/06/2026 10:03:31,4426,0.028,HUF,0,17.00703,958
22/06/2026 10:03:36,4431,0.028,HUF,0,17.00702,2328
22/06/2026 10:03:41,4435,0.028,HUF,0,17.00701,990
22/06/2026 10:03:45,4440,0.028,HUF,0,17.00699,780
22/06/2026 10:03:49,4444,0.028,GOC,0,17.00699,773
22/06/2026 10:03:54,4448,0.028,GOC,0,17.00698,922
22/06/2026 10:04:02,4456,0.028,HUF,0,17.00696,789
22/06/2026 10:04:09,4464,0.028,HUF,0,17.00693,1774
22/06/2026 10:04:14,4469,0.028,GOC,0,17.00692,779
22/06/2026 10:04:18,4473,0.028,HUF,0,17.00691,2508
22/06/2026 10:04:23,4478,0.028,HUF,0,17.0069,781
22/06/2026 10:04:27,4482,0.028,HUF,0,17.00688,2592
22/06/2026 10:04:32,4487,0.028,HUF,0,17.00687,842
22/06/2026 10:04:36,4490,0.028,HUF,0,17.00685,789
22/06/2026 10:04:40,4495,0.028,HUF,0,17.00684,786
22/06/2026 10:04:45,4499,0.028,HUF,0,17.00684,821
22/06/2026 10:04:49,4503,0.028,GOC,0,17.00683,774
22/06/2026 10:04:53,4508,0.028,HUF,0,17.00682,787
22/06/2026 10:04:57,4512,0.028,HUF,0,17.00678,781
22/06/2026 10:05:01,4516,0.028,HUF,0,17.00673,2131
22/06/2026 10:05:05,4520,0.028,HUF,0,17.00679,4197
22/06/2026 10:05:09,4524,0.028,GOC,0,17.00678,1181
22/06/2026 10:05:15,4530,0.028,HUF,0,17.00676,792
22/06/2026 10:05:19,4534,0.028,GOC,0,17.00675,1279
22/06/2026 10:05:23,4538,0.028,HUF,0,17.00671,790
22/06/2026 10:05:27,4542,0.028,HUF,0,17.00673,790
22/06/2026 10:05:32,4547,0.028,HUF,0,17.00672,1000
22/06/2026 10:05:37,4551,0.028,HUF,0,17.00671,792
22/06/2026 10:05:43,4557,0.028,HUF,0,17.00669,2406
22/06/2026 10:05:50,4564,0.028,HUF,0,17.00668,790
22/06/2026 10:05:58,4572,0.028,GOC,0,17.00666,789
22/06/2026 10:06:02,4577,0.028,HUF,0,17.00665,784
22/06/2026 10:06:07,4582,0.028,HUF,0,17.00664,779
22/06/2026 10:06:12,4586,0.028,HUF,0,17.00663,1780
22/06/2026 10:06:16,4591,0.028143,HUF,0,17.00661,838
22/06/2026 10:06:20,4595,0.028,HUF,0,17.00659,776
22/06/2026 10:06:25,4600,0.028,HUF,0,17.00659,1483
22/06/2026 10:06:30,4605,0.028,HUF,0,17.00658,789
22/06/2026 10:06:35,4609,0.028,HUF,0,17.00657,784
22/06/2026 10:06:39,4614,0.028,GOC,0,17.00655,3150
22/06/2026 10:06:43,4618,0.028,HUF,0,17.00654,784
22/06/2026 10:06:48,4623,0.028,HUF,0,17.00653,777
22/06/2026 10:06:52,4627,0.028,HUF,0,17.00653,785
22/06/2026 10:06:56,4631,0.028,HUF,0,17.00652,850
22/06/2026 10:07:01,4635,0.028,HUF,0,17.00651,789
22/06/2026 10:07:06,4640,0.028,HUF,0,17.00635,833
22/06/2026 10:07:11,4646,0.028,HUF,0,17.00649,783
22/06/2026 10:07:16,4651,0.028,HUF,0,17.00647,2485
22/06/2026 10:07:21,4656,0.028,HUF,0,17.00645,1327
22/06/2026 10:07:24,4659,0.028,HUF,0,17.00645,783
22/06/2026 10:07:32,4666,0.028001,GOC,0,17.00644,1153
22/06/2026 10:07:36,4671,0.028,HUF,0,17.00643,858
22/06/2026 10:07:40,4675,0.028,HUF,0,17.00641,2003
22/06/2026 10:07:45,4680,0.028,HUF,0,17.0064,780
22/06/2026 10:07:49,4684,0.028,GOC,0,17.0064,1629
22/06/2026 10:07:54,4688,0.028,GOC,0,17.00639,791
22/06/2026 10:07:59,4693,0.028,HUF,0,17.00637,791
22/06/2026 10:08:05,4700,0.028,HUF,0,17.00636,784
22/06/2026 10:08:10,4704,0.028,HUF,0,17.00635,786
22/06/2026 10:08:14,4708,0.028,GOC,0,17.00631,790
22/06/2026 10:08:18,4712,0.028,HUF,0,17.00634,1030
22/06/2026 10:08:22,4717,0.028,HUF,0,17.00633,1844
22/06/2026 10:08:26,4721,0.028,HUF,0,17.00632,788
22/06/2026 10:08:30,4725,0.028,HUF,0,17.00631,1358
22/06/2026 10:08:35,4729,0.028,HUF,0,17.0063,782
22/06/2026 10:08:39,4734,0.028,GOC,0,17.00628,886
22/06/2026 10:08:44,4738,0.028,HUF,0,17.00627,776
22/06/2026 10:08:48,4743,0.028,HUF,0,17.00627,779
22/06/2026 10:08:53,4748,0.028,HUF,0,17.00624,790
22/06/2026 10:08:57,4752,0.028,HUF,0,17.00625,784
22/06/2026 10:09:02,4756,0.028,HUF,0,17.00624,778
22/06/2026 10:09:09,4764,0.028,HUF,0,17.0062,783
22/06/2026 10:09:14,4769,0.028,GOC,0,17.00621,813
22/06/2026 10:09:18,4773,0.028,HUF,0,17.0062,789
22/06/2026 10:09:28,4781,0.028,HUF,0,17.00618,787
22/06/2026 10:09:32,4787,0.028,HUF,0,17.00618,791
22/06/2026 10:09:37,4792,0.028,HUF,0,17.00617,785
22/06/2026 10:09:42,4797,0.028,HUF,0,17.00616,777
22/06/2026 10:09:46,4801,0.028,HUF,0,17.00615,780
22/06/2026 10:09:50,4805,0.028,HUF,0,17.00614,780
22/06/2026 10:09:55,4810,0.028,HUF,0,17.00613,781
22/06/2026 10:10:00,4815,0.028,HUF,0,17.00612,793
22/06/2026 10:10:04,4819,0.028,GOC,0,17.0061,812
22/06/2026 10:10:09,4824,0.028,GOC,0,17.0061,781
22/06/2026 10:10:13,4828,0.028,HUF,0,17.00609,832
22/06/2026 10:10:18,4832,0.028,HUF,0,17.00608,789
22/06/2026 10:10:22,4837,0.028,HUF,0,17.00606,789
22/06/2026 10:10:28,4842,0.028,HUF,0,17.00605,786
22/06/2026 10:10:36,4850,0.028,HUF,0,17.00604,786
22/06/2026 10:10:40,4855,0.028,HUF,0,17.00604,790
22/06/2026 10:10:45,4860,0.028,HUF,0,17.00602,784
22/06/2026 10:10:49,4864,0.028,HUF,0,17.00602,1035
22/06/2026 10:10:53,4867,0.028,HUF,0,17.00602,779
22/06/2026 10:10:58,4873,0.028,HUF,0,17.006,775
22/06/2026 10:11:02,4877,0.028,HUF,0,17.00599,839
22/06/2026 10:11:05,4880,0.028,HUF,0,17.00599,785
22/06/2026 10:11:10,4885,0.028,HUF,0,17.00598,828
22/06/2026 10:11:14,4889,0.028,GOC,0,17.00597,776
22/06/2026 10:11:20,4894,0.028,GOC,0,17.00595,2010
22/06/2026 10:11:27,4901,0.028,GOC,0,17.00594,9171
22/06/2026 10:11:32,4906,0.028,HUF,0,17.00593,4303
22/06/2026 10:11:36,4911,0.028,HUF,0,17.00582,11704
22/06/2026 10:11:41,4916,0.028,HUF,0,17.00592,776
22/06/2026 10:11:47,4922,0.028,HUF,0,17.00591,785
22/06/2026 10:11:52,4926,0.028,HUF,0,17.00588,785
22/06/2026 10:11:55,4930,0.028,HUF,0,17.00589,792
22/06/2026 10:12:00,4935,0.028,HUF,0,17.00588,779
22/06/2026 10:12:04,4939,0.028,GOC,0,17.00588,1723
22/06/2026 10:12:08,4943,0.028,GOC,0,17.00587,1254
22/06/2026 10:12:12,4947,0.028,HUF,0,17.00586,787
22/06/2026 10:12:17,4952,0.028,HUF,0,17.00585,2395
22/06/2026 10:12:21,4956,0.028,HUF,0,17.00583,916
22/06/2026 10:12:25,4960,0.028,HUF,0,17.00584,788
22/06/2026 10:12:30,4965,0.028,HUF,0,17.00583,777
22/06/2026 10:12:38,4969,0.028,HUF,0,17.00582,788
22/06/2026 10:12:42,4977,0.028,HUF,0,17.0058,794
22/06/2026 10:12:46,4981,0.028,HUF,0,17.0058,792
22/06/2026 10:12:51,4985,0.028,HUF,0,17.00579,790
22/06/2026 10:12:55,4990,0.028,HUF,0,17.00578,880
22/06/2026 10:12:59,4994,0.028,GOC,0,17.00578,777
22/06/2026 10:13:04,4998,0.028,GOC,0,17.00575,1839
22/06/2026 10:13:08,5003,0.028,HUF,0,17.00576,782
22/06/2026 10:13:13,5007,0.028,HUF,0,17.00575,851
22/06/2026 10:13:17,5011,0.028,HUF,0,17.00574,796
22/06/2026 10:13:22,5016,0.028,HUF,0,17.00574,777
22/06/2026 10:13:26,5020,0.028,HUF,0,17.00573,1578
22/06/2026 10:13:30,5025,0.028,HUF,0,17.00571,786
22/06/2026 10:13:36,5030,0.028,HUF,0,17.00571,781
22/06/2026 10:13:40,5035,0.028,HUF,0,17.0057,792
22/06/2026 10:13:47,5041,0.028,GOC,0,17.00568,778
22/06/2026 10:13:51,5046,0.028,HUF,0,17.00568,1535
22/06/2026 10:13:55,5049,0.028,HUF,0,17.00568,783
22/06/2026 10:14:00,5055,0.028,GOC,0,17.00565,776
22/06/2026 10:14:07,5062,0.028,HUF,0,17.00566,786
22/06/2026 10:14:12,5067,0.028,HUF,0,17.00565,785
22/06/2026 10:14:16,5071,0.028,HUF,0,17.00564,1229
22/06/2026 10:14:20,5075,0.028,HUF,0,17.00563,775
22/06/2026 10:14:25,5080,0.028,HUF,0,17.00562,790
22/06/2026 10:14:30,5085,0.028,HUF,0,17.00562,784
22/06/2026 10:14:34,5089,0.028,HUF,0,17.00561,778
22/06/2026 10:14:39,5094,0.028,GOC,0,17.0056,886
22/06/2026 10:14:43,5098,0.028,GOC,0,17.00559,787
22/06/2026 10:14:47,5102,0.028,HUF,0,17.00558,777
22/06/2026 10:14:54,5108,0.028,HUF,0,17.00557,811
22/06/2026 10:14:58,5113,0.028,HUF,0,17.00556,785
22/06/2026 10:15:02,5117,0.028,HUF,0,17.00556,856
22/06/2026 10:15:07,5121,0.028,HUF,0,17.00556,1279
22/06/2026 10:15:12,5127,0.028,HUF,0,17.00555,1714
22/06/2026 10:15:17,5132,0.028,HUF,0,17.00553,790
22/06/2026 10:15:24,5139,0.028,HUF,0,17.00551,782
22/06/2026 10:15:29,5143,0.028,GOC,0,17.00552,777
22/06/2026 10:15:34,5148,0.028,HUF,0,17.00551,774
22/06/2026 10:15:38,5153,0.028,HUF,0,17.0055,775
22/06/2026 10:15:42,5157,0.028,HUF,0,17.0055,985
22/06/2026 10:15:46,5161,0.028,HUF,0,17.00549,912
22/06/2026 10:15:52,5166,0.028,HUF,0,17.00548,788
22/06/2026 10:15:56,5170,0.028,HUF,0,17.00547,786
22/06/2026 10:16:00,5175,0.028,HUF,0,17.00546,778
22/06/2026 10:16:04,5179,0.028,GOC,0,17.00546,1125
22/06/2026 10:16:10,5185,0.028,HUF,0,17.00545,781
22/06/2026 10:16:15,5190,0.028,HUF,0,17.00544,780
22/06/2026 10:16:19,5194,0.028,HUF,0,17.00544,776
22/06/2026 10:16:23,5198,0.028,GOC,0,17.00541,786
22/06/2026 10:16:28,5203,0.028,HUF,0,17.00542,777
22/06/2026 10:16:32,5207,0.028,HUF,0,17.00541,1687
22/06/2026 10:16:36,5211,0.028,HUF,0,17.00541,793
22/06/2026 10:16:41,5215,0.028,HUF,0,17.0054,924
22/06/2026 10:16:45,5220,0.028,HUF,0,17.00539,775
22/06/2026 10:16:50,5224,0.028,HUF,0,17.00539,781
22/06/2026 10:16:54,5229,0.028,GOC,0,17.00538,791
22/06/2026 10:16:59,5233,0.028,HUF,0,17.00537,789
22/06/2026 10:17:02,5237,0.028,HUF,0,17.00537,782
22/06/2026 10:17:06,5241,0.028,HUF,0,17.00535,1315
22/06/2026 10:17:12,5246,0.028,HUF,0,17.00535,778
22/06/2026 10:17:16,5251,0.028,HUF,0,17.00534,778
22/06/2026 10:17:22,5257,0.028,HUF,0,17.00534,782
22/06/2026 10:17:27,5262,0.028,HUF,0,17.00532,5095
22/06/2026 10:17:31,5266,0.028,HUF,0,17.00533,781
22/06/2026 10:17:36,5271,0.028,HUF,0,17.00532,783
22/06/2026 10:17:41,5275,0.028,HUF,0,17.00531,787
22/06/2026 10:17:47,5281,0.028,HUF,0,17.0053,788
22/06/2026 10:17:51,5286,0.028,HUF,0,17.00528,2170
22/06/2026 10:17:56,5290,0.028,HUF,0,17.00525,775
22/06/2026 10:18:00,5294,0.028,HUF,0,17.00528,786
22/06/2026 10:18:04,5298,0.028,GOC,0,17.00526,771
22/06/2026 10:18:13,5306,0.028,HUF,0,17.00526,784
22/06/2026 10:18:20,5315,0.028,HUF,0,17.00524,791
22/06/2026 10:18:24,5319,0.028,HUF,0,17.00523,1767
22/06/2026 10:18:29,5323,0.028,GOC,0,17.00524,782
22/06/2026 10:18:33,5328,0.028,HUF,0,17.00523,793
22/06/2026 10:18:38,5333,0.028,HUF,0,17.00522,1115
22/06/2026 10:18:43,5337,0.028,HUF,0,17.00522,793
22/06/2026 10:18:47,5342,0.028,HUF,0,17.00521,780
22/06/2026 10:18:52,5347,0.028,HUF,0,17.0052,787
22/06/2026 10:18:56,5351,0.028,HUF,0,17.0052,1179
22/06/2026 10:19:00,5355,0.028,HUF,0,17.00519,790
22/06/2026 10:19:06,5361,0.028,HUF,0,17.00518,1171
22/06/2026 10:19:11,5366,0.028,HUF,0,17.00517,790
22/06/2026 10:19:19,5374,0.028,GOC,0,17.00516,786
22/06/2026 10:19:25,5379,0.028,GOC,0,17.00515,815
22/06/2026 10:19:29,5384,0.028,GOC,0,17.00515,1795
22/06/2026 10:19:33,5388,0.028,HUF,0,17.00514,789
22/06/2026 10:19:37,5391,0.028,HUF,0,17.00514,1426
22/06/2026 10:19:40,5395,0.028,HUF,0,17.00514,775
22/06/2026 10:19:44,5399,0.028,GOC,0,17.00513,779
22/06/2026 10:19:51,5403,0.028,HUF,0,17.00511,1606
22/06/2026 10:19:55,5410,0.028,HUF,0,17.00511,1294
22/06/2026 10:19:59,5414,0.028,HUF,0,17.00511,1194
22/06/2026 10:20:03,5418,0.028,HUF,0,17.00508,895
22/06/2026 10:20:07,5422,0.028,HUF,0,17.00509,790
22/06/2026 10:20:11,5426,0.028,HUF,0,17.00509,9259
22/06/2026 10:20:18,5433,0.028,HUF,0,17.00508,791
22/06/2026 10:20:23,5438,0.028,HUF,0,17.00507,794
22/06/2026 10:20:28,5442,0.028,HUF,0,17.00504,1451
22/06/2026 10:20:32,5446,0.028,HUF,0,17.00506,1098
22/06/2026 10:20:36,5450,0.028,HUF,0,17.00505,3539
22/06/2026 10:20:40,5455,0.028,HUF,0,17.00505,862
22/06/2026 10:20:46,5460,0.028,HUF,0,17.00504,781
22/06/2026 10:20:51,5466,0.028,HUF,0,17.00504,788
22/06/2026 10:20:55,5470,0.028,HUF,0,17.00503,1151
22/06/2026 10:21:01,5476,0.028,HUF,0,17.00502,1150
22/06/2026 10:21:05,5480,0.028,HUF,0,17.005,1051
22/06/2026 10:21:10,5485,0.028,HUF,0,17.005,789
22/06/2026 10:21:14,5489,0.028,GOC,0,17.00494,788
22/06/2026 10:21:17,5492,0.028,HUF,0,17.005,794
22/06/2026 10:21:29,5504,0.028,GOC,0,17.00498,781
22/06/2026 10:21:30,5496,0.028,HUF,0,17.0049,784
22/06/2026 10:21:33,5507,0.028,HUF,0,17.00498,782
22/06/2026 10:21:37,5512,0.028,HUF,0,17.00497,1223
22/06/2026 10:21:41,5516,0.028,HUF,0,17.00497,2121
22/06/2026 10:21:49,5524,0.028,HUF,0,17.00496,780
22/06/2026 10:21:54,5529,0.028,GOC,0,17.00491,775
22/06/2026 10:21:58,5533,0.028,GOC,0,17.00494,939
22/06/2026 10:22:03,5538,0.028,HUF,0,17.00493,12901
22/06/2026 10:22:08,5543,0.028,HUF,0,17.00493,792
22/06/2026 10:22:11,5546,0.028,HUF,0,17.00492,11579
22/06/2026 10:22:16,5551,0.028,HUF,0,17.00492,8550
22/06/2026 10:22:21,5556,0.028,HUF,0,17.00491,868
22/06/2026 10:22:25,5560,0.028,HUF,0,17.00491,787
22/06/2026 10:22:30,5564,0.028,HUF,0,17.00486,1585
22/06/2026 10:22:35,5569,0.028,GOC,0,17.0049,836
22/06/2026 10:22:39,5573,0.028,GOC,0,17.00488,1121
22/06/2026 10:22:44,5578,0.028,HUF,0,17.00489,773
22/06/2026 10:25:05,4,0.028,HUF,1.172708,16.68044,0
22/06/2026 10:25:22,9,0.028,HUF,1.171147,16.60624,31455
22/06/2026 10:25:26,12,0.028,HUF,1.170213,16.60656,766
22/06/2026 10:25:29,16,0.028,HUF,1.168969,16.60695,771
22/06/2026 10:25:33,20,0.028,HUF,1.167728,16.60738,10482
22/06/2026 10:25:37,23,0.028,GOC,1.166799,16.60769,767
22/06/2026 10:25:40,25,0.028,HUF,1.166181,16.6079,874
22/06/2026 10:25:59,29,0.028,GOC,1.164946,16.53855,783
22/06/2026 10:26:04,34,0.028,GOC,1.163406,16.53915,784
22/06/2026 10:26:09,40,0.028,HUF,1.161563,16.53987,1557
22/06/2026 10:26:13,43,0.028,GOC,1.160644,16.54019,26457
22/06/2026 10:26:18,48,3.968,HUF,1.159115,16.54082,787
22/06/2026 10:26:25,56,3.963487,GOC,1.156677,16.54177,840
22/06/2026 10:26:30,61,3.963365,HUF,1.155159,16.54235,789
22/06/2026 10:26:38,68,3.962,HUF,1.15304,16.54318,791
22/06/2026 10:26:48,78,3.961,HUF,1.150026,16.54437,827
22/06/2026 10:26:51,82,3.959,HUF,1.148825,16.54483,2561
22/06/2026 10:26:56,86,3.956631,HUF,1.147627,16.5453,1542
22/06/2026 10:27:00,91,3.958184,HUF,1.146132,16.54589,929
22/06/2026 10:27:04,95,3.957,HUF,1.144939,16.54629,1721
22/06/2026 10:27:08,99,3.957,GOC,1.143748,16.54682,783
22/06/2026 10:27:13,104,3.955,GOC,1.142264,16.5474,1106
22/06/2026 10:27:17,108,3.954,HUF,1.141079,16.54786,780
22/06/2026 10:27:23,113,3.954,HUF,1.139601,16.54844,1206
22/06/2026 10:27:26,117,3.953,HUF,1.138422,16.5489,782
22/06/2026 10:27:32,122,3.953,HUF,1.136951,16.54947,2154
22/06/2026 10:27:36,126,3.950979,HUF,1.135777,16.54993,3499
22/06/2026 10:27:41,131,3.950804,HUF,1.134313,16.5505,783
22/06/2026 10:27:45,136,3.949398,HUF,1.132853,16.55107,780
22/06/2026 10:27:49,140,3.948,HUF,1.131687,16.55153,781
22/06/2026 10:27:53,143,3.948,GOC,1.130815,16.55174,2386
22/06/2026 10:27:57,148,3.946,HUF,1.129364,16.55242,1111
22/06/2026 10:28:02,153,3.946,HUF,1.127916,16.553,6649
22/06/2026 10:28:07,158,3.945,HUF,1.126472,16.55356,859
22/06/2026 10:28:13,163,3.944,HUF,1.125032,16.55413,2030
22/06/2026 10:28:17,168,3.942,HUF,1.123595,16.55456,786
22/06/2026 10:28:22,173,3.941,HUF,1.122163,16.55525,777
22/06/2026 10:28:27,177,3.941,HUF,1.121019,16.55569,1202
22/06/2026 10:28:36,187,3.938,HUF,1.11817,16.5568,1502
22/06/2026 10:28:41,191,3.937637,HUF,1.117035,16.55725,790
22/06/2026 10:28:45,196,3.938177,HUF,1.115619,16.5578,1599
22/06/2026 10:28:48,199,3.937,HUF,1.114771,16.55813,783
22/06/2026 10:28:53,203,3.937,GOC,1.113642,16.55857,1501
22/06/2026 10:28:57,208,3.935,HUF,1.112235,16.55911,785
22/06/2026 10:29:01,211,3.935711,HUF,1.111392,16.55945,807
22/06/2026 10:29:05,216,3.934501,HUF,1.10999,16.56,9282
22/06/2026 10:29:09,219,3.934,HUF,1.109151,16.56033,782
22/06/2026 10:29:13,224,3.934,GOC,1.107754,16.56087,15663
22/06/2026 10:29:18,229,3.933,GOC,1.106362,16.56142,852
22/06/2026 10:29:24,235,3.931,HUF,1.104695,16.56207,785
22/06/2026 10:29:33,244,3.93,HUF,1.102204,16.56298,820
22/06/2026 10:29:38,249,3.929,GOC,1.100826,16.56352,774
22/06/2026 10:29:42,253,3.928,GOC,1.099725,16.56398,899
22/06/2026 10:29:46,257,3.926,HUF,1.098627,16.56443,776
22/06/2026 10:29:50,261,3.926806,HUF,1.097531,16.56487,3061
22/06/2026 10:29:54,265,3.926,HUF,1.096437,16.5653,2123
22/06/2026 10:29:59,270,3.926,HUF,1.095072,16.56583,851
22/06/2026 10:30:04,274,3.925,GOC,1.093983,16.56625,3048
22/06/2026 10:30:08,279,3.922,GOC,1.092625,16.56678,791
22/06/2026 10:30:12,283,3.922,HUF,1.091541,16.56721,1746
22/06/2026 10:30:16,287,3.921,HUF,1.090459,16.56763,938
22/06/2026 10:30:20,291,3.920399,HUF,1.089379,16.56805,1395
22/06/2026 10:30:24,294,3.92,HUF,1.08857,16.56837,12307
22/06/2026 10:30:28,299,3.916,GOC,1.087225,16.5689,7856
22/06/2026 10:30:33,304,3.915,GOC,1.085883,16.56942,784
22/06/2026 10:30:37,308,3.914,HUF,1.084813,16.56984,791
22/06/2026 10:30:42,312,3.912,HUF,1.083744,16.57026,797
22/06/2026 10:30:45,316,3.911993,HUF,1.082677,16.57067,787
22/06/2026 10:30:50,320,3.91,HUF,1.081613,16.57109,1788
22/06/2026 10:30:54,325,3.909,HUF,1.080285,16.57161,791
22/06/2026 10:30:59,329,3.908,GOC,1.079225,16.57203,1585
22/06/2026 10:31:03,334,3.908,GOC,1.077903,16.57254,1212
22/06/2026 10:31:07,338,3.908,GOC,1.076848,16.57285,788
22/06/2026 10:31:11,342,3.908,HUF,1.075795,16.57337,791
22/06/2026 10:31:15,346,3.906394,HUF,1.074744,16.57378,997
22/06/2026 10:31:22,353,3.905,HUF,1.072909,16.57449,1118
22/06/2026 10:31:27,358,3.906,HUF,1.071603,16.57501,1808
22/06/2026 10:31:31,362,3.904,HUF,1.07056,16.57541,774
22/06/2026 10:31:36,366,3.903226,HUF,1.069519,16.57574,781
22/06/2026 10:31:39,370,3.902,HUF,1.06848,16.57623,802
22/06/2026 10:31:43,374,3.901,HUF,1.067443,16.57661,784
22/06/2026 10:31:47,378,3.898,GOC,1.066408,16.57703,773
22/06/2026 10:31:51,382,3.9,HUF,1.065375,16.57744,3470
22/06/2026 10:31:55,385,3.898,HUF,1.064602,16.57774,795
22/06/2026 10:31:59,390,3.896,HUF,1.063316,16.57821,1242
22/06/2026 10:32:03,394,3.894,GOC,1.062289,16.57865,30523
22/06/2026 10:32:07,398,3.894,GOC,1.061264,16.57905,768
22/06/2026 10:32:11,402,3.894,HUF,1.060241,16.57945,798
22/06/2026 10:32:17,408,3.892,HUF,1.05871,16.57992,2748
22/06/2026 10:32:22,412,3.892,HUF,1.057692,16.58044,789
22/06/2026 10:32:26,417,3.892,HUF,1.056423,16.58094,1677
22/06/2026 10:32:30,420,3.891,HUF,1.055662,16.58124,14564
22/06/2026 10:32:34,425,3.891,HUF,1.054397,16.58173,1891
22/06/2026 10:32:39,429,3.89,HUF,1.053388,16.58213,3075
22/06/2026 10:32:42,433,3.889,GOC,1.05238,16.58251,15519
22/06/2026 10:32:46,436,3.887447,HUF,1.051625,16.58282,783
22/06/2026 10:32:49,440,3.885,HUF,1.050621,16.58321,867
22/06/2026 10:32:54,444,3.885,HUF,1.049618,16.58361,1268
22/06/2026 10:32:57,448,3.883,GOC,1.048618,16.584,29531
22/06/2026 10:33:01,452,3.883,HUF,1.047619,16.58439,799
22/06/2026 10:33:05,456,3.880351,HUF,1.046622,16.58478,782
22/06/2026 10:33:10,460,3.881,HUF,1.045627,16.58517,1084
22/06/2026 10:33:13,464,3.88,HUF,1.044634,16.58556,773
22/06/2026 10:33:17,468,3.878,HUF,1.043643,16.58581,775
22/06/2026 10:33:22,472,3.879,HUF,1.042654,16.58633,836
22/06/2026 10:33:26,477,3.877,HUF,1.04142,16.58681,790
22/06/2026 10:33:30,481,3.876884,HUF,1.040435,16.5872,879
22/06/2026 10:33:36,485,3.876,HUF,1.039452,16.58758,39729
22/06/2026 10:33:41,492,3.875,HUF,1.037736,16.58826,789
22/06/2026 10:33:47,498,3.874,HUF,1.036269,16.58883,1201
22/06/2026 10:33:51,502,3.874,HUF,1.035294,16.58921,1111
22/06/2026 10:33:57,508,3.873,HUF,1.033835,16.58978,913
22/06/2026 10:34:00,511,3.873094,HUF,1.033106,16.59007,1007
22/06/2026 10:34:05,516,3.872532,HUF,1.031895,16.59053,1215
22/06/2026 10:34:08,519,3.871,HUF,1.03117,16.59083,783
22/06/2026 10:34:13,523,3.869,GOC,1.030204,16.59108,1545
22/06/2026 10:34:16,527,3.869,HUF,1.02924,16.59158,779
22/06/2026 10:34:24,535,3.868,HUF,1.027317,16.59233,1468
22/06/2026 10:34:29,539,3.865,HUF,1.026359,16.59264,5683
22/06/2026 10:34:33,543,3.862,GOC,1.025402,16.59308,815
22/06/2026 10:34:36,547,3.861,HUF,1.024447,16.59346,1241
22/06/2026 10:34:41,551,3.857321,HUF,1.023494,16.59383,792
22/06/2026 10:34:44,555,3.857,HUF,1.022542,16.5942,2789
22/06/2026 10:34:48,559,3.855,GOC,1.021593,16.59458,854
22/06/2026 10:34:52,562,3.854,HUF,1.020882,16.59486,776
22/06/2026 10:34:57,567,3.854,HUF,1.019699,16.59532,788
22/06/2026 10:35:00,571,3.85385,HUF,1.018754,16.59567,9781
22/06/2026 10:35:04,574,3.853,HUF,1.018047,16.59597,781
22/06/2026 10:35:08,579,3.852,HUF,1.016871,16.59631,40222
22/06/2026 10:35:13,583,3.85,GOC,1.015932,16.59671,773
22/06/2026 10:35:17,588,3.85,HUF,1.01476,16.59725,773
22/06/2026 10:35:22,593,3.85,HUF,1.013591,16.5977,889
22/06/2026 10:35:26,597,3.85,HUF,1.012658,16.59808,886
22/06/2026 10:35:31,601,3.849586,HUF,1.011727,16.59844,780
22/06/2026 10:35:35,606,3.847385,HUF,1.010565,16.5989,780
22/06/2026 10:35:39,610,3.847,HUF,1.009637,16.59926,6437
22/06/2026 10:35:43,614,3.846,GOC,1.008712,16.59962,779
22/06/2026 10:35:47,617,3.845,HUF,1.008018,16.59989,780
22/06/2026 10:35:51,622,3.844,HUF,1.006865,16.60035,781
22/06/2026 10:35:56,626,3.843871,HUF,1.005944,16.60071,971
22/06/2026 10:35:59,630,3.844,HUF,1.005025,16.60106,791
22/06/2026 10:36:03,634,3.843,GOC,1.004108,16.60142,8741
22/06/2026 10:36:08,639,3.843,GOC,1.002963,16.60187,772
22/06/2026 10:36:13,643,3.842,GOC,1.00205,16.60223,774
22/06/2026 10:36:17,648,3.842,HUF,1.00091,16.60268,776
22/06/2026 10:36:26,655,3.841,HUF,0.999319,16.6033,772
22/06/2026 10:36:31,661,3.8418,HUF,0.997959,16.60383,797
22/06/2026 10:36:35,666,3.837647,HUF,0.996828,16.60428,800
22/06/2026 10:36:40,670,3.839,HUF,0.995926,16.60463,1307
22/06/2026 10:36:44,674,3.835,HUF,0.995025,16.60498,781
22/06/2026 10:36:48,678,3.833,GOC,0.994126,16.60534,795
22/06/2026 10:36:52,683,3.83,GOC,0.993004,16.60578,784
22/06/2026 10:36:57,687,3.831,HUF,0.992108,16.60612,2099
22/06/2026 10:37:01,692,3.832,HUF,0.990991,16.60657,843
22/06/2026 10:37:05,696,3.829425,HUF,0.990099,16.60691,789
22/06/2026 10:37:09,700,3.828,HUF,0.989209,16.60726,34888
22/06/2026 10:37:13,704,3.827,GOC,0.98832,16.60761,65425
22/06/2026 10:37:17,708,3.827,GOC,0.987433,16.60796,807
22/06/2026 10:37:22,713,3.827,HUF,0.986326,16.60839,1074
22/06/2026 10:37:27,717,3.826,HUF,0.985442,16.60873,774
22/06/2026 10:37:30,721,3.825891,HUF,0.98456,16.60909,782
22/06/2026 10:37:35,725,3.824,HUF,0.98368,16.60943,1717
22/06/2026 10:37:39,730,3.824,HUF,0.982582,16.60973,880
22/06/2026 10:37:42,733,3.824,GOC,0.981924,16.61012,1420
22/06/2026 10:37:47,738,3.823,HUF,0.980829,16.61055,784
22/06/2026 10:37:51,742,3.823,HUF,0.979955,16.61089,786
22/06/2026 10:37:55,746,3.8228,HUF,0.979083,16.61123,802
22/06/2026 10:37:59,750,3.823,HUF,0.978213,16.61157,776
22/06/2026 10:38:03,754,3.822,GOC,0.977343,16.61192,784
22/06/2026 10:38:07,758,3.822,HUF,0.976476,16.61226,781
22/06/2026 10:38:12,763,3.82,HUF,0.975394,16.61268,782
22/06/2026 10:38:16,766,3.820116,HUF,0.974745,16.61289,785
22/06/2026 10:38:20,770,3.818,HUF,0.973882,16.61311,783
22/06/2026 10:38:24,775,3.818,HUF,0.972806,16.61369,35690
22/06/2026 10:38:28,779,3.817,GOC,0.971946,16.61403,787
22/06/2026 10:38:33,783,3.816,GOC,0.971088,16.61437,7597
22/06/2026 10:38:37,788,3.816,HUF,0.970018,16.61479,15011
22/06/2026 10:38:41,792,3.816,HUF,0.969163,16.61512,786
22/06/2026 10:38:46,796,3.814864,HUF,0.96831,16.61546,777
22/06/2026 10:38:50,801,3.814821,HUF,0.967246,16.61588,2660
22/06/2026 10:38:55,805,3.815,HUF,0.966396,16.61621,791
22/06/2026 10:39:00,811,3.812817,HUF,0.965124,16.6167,6876
22/06/2026 10:39:04,815,3.813,HUF,0.964278,16.61702,776
22/06/2026 10:39:09,820,3.811,HUF,0.963222,16.61742,8515
22/06/2026 10:39:13,824,3.811,GOC,0.96238,16.61778,773
22/06/2026 10:39:19,829,3.811,GOC,0.961328,16.61814,32391
22/06/2026 10:39:24,834,3.811,HUF,0.960279,16.61859,1099
22/06/2026 10:39:28,839,3.809,GOC,0.959233,16.61901,779
22/06/2026 10:39:32,843,3.807,HUF,0.958397,16.61934,1377
22/06/2026 10:39:37,848,3.808,HUF,0.957354,16.61975,912
22/06/2026 10:39:42,852,3.805,HUF,0.956522,16.61991,940
22/06/2026 10:39:46,857,3.803,HUF,0.955483,16.62049,16983
22/06/2026 10:39:50,861,3.802057,HUF,0.954654,16.62081,777
22/06/2026 10:39:54,865,3.802,HUF,0.953826,16.62114,911
22/06/2026 10:40:04,874,3.799,GOC,0.951969,16.62187,1798
22/06/2026 10:40:08,879,3.797,GOC,0.95094,16.62227,880
22/06/2026 10:40:13,884,3.797,HUF,0.949914,16.62267,15495
22/06/2026 10:40:17,887,3.796,HUF,0.949299,16.62291,1106
22/06/2026 10:40:21,892,3.797,HUF,0.948276,16.62332,786
22/06/2026 10:40:25,896,3.796078,HUF,0.947459,16.62356,6748
22/06/2026 10:40:30,900,3.796,HUF,0.946644,16.62396,781
22/06/2026 10:40:34,904,3.794,HUF,0.94583,16.62428,1417
22/06/2026 10:40:39,909,3.794,GOC,0.944814,16.62467,2254
22/06/2026 10:40:44,914,3.793,GOC,0.943801,16.62507,1056
22/06/2026 10:40:48,919,3.791,GOC,0.94279,16.62547,1094
22/06/2026 10:40:52,923,3.792,HUF,0.941982,16.62577,1671
22/06/2026 10:40:58,928,3.79,GOC,0.940975,16.62618,14967
22/06/2026 10:41:02,933,3.79,HUF,0.93997,16.62657,780
22/06/2026 10:41:07,937,3.79,HUF,0.939168,16.62689,785
22/06/2026 10:41:13,943,3.789,HUF,0.937966,16.62735,1450
22/06/2026 10:41:18,948,3.788,GOC,0.936968,16.62775,791
22/06/2026 10:41:22,952,3.788,HUF,0.93617,16.62807,777
22/06/2026 10:41:27,958,3.788,HUF,0.934977,16.62823,1341
22/06/2026 10:41:31,962,3.787,HUF,0.934183,16.62877,1753
22/06/2026 10:41:36,966,3.785409,HUF,0.93339,16.62915,1030
22/06/2026 10:41:41,971,3.785817,HUF,0.932401,16.62954,775
22/06/2026 10:41:46,977,3.785,HUF,0.931217,16.63001,778
22/06/2026 10:41:50,981,3.783013,HUF,0.930429,16.63031,786
22/06/2026 10:41:56,986,3.782486,HUF,0.929447,16.6307,2090
22/06/2026 10:41:59,990,3.782,HUF,0.928662,16.63099,3460
22/06/2026 10:42:05,995,3.782,HUF,0.927683,16.6314,782
22/06/2026 10:42:10,1001,3.780468,HUF,0.926511,16.63186,780
22/06/2026 10:42:14,1005,3.78,HUF,0.925731,16.63216,1624
22/06/2026 10:42:19,1010,3.777,HUF,0.924758,16.63251,869
22/06/2026 10:42:24,1014,3.776,HUF,0.923982,16.63285,784
22/06/2026 10:42:29,1019,3.774,GOC,0.923012,16.63323,774
22/06/2026 10:42:33,1024,3.773,GOC,0.922045,16.63361,1126
22/06/2026 10:42:37,1028,3.771,HUF,0.921273,16.63391,938
22/06/2026 10:42:41,1032,3.771,HUF,0.920502,16.6342,3814
22/06/2026 10:42:45,1036,3.770217,HUF,0.919732,16.63449,780
22/06/2026 10:42:49,1039,3.769,HUF,0.919156,16.63474,786
22/06/2026 10:42:53,1044,3.769,GOC,0.918197,16.63512,787
22/06/2026 10:42:57,1048,3.766,HUF,0.917431,16.63542,1155
22/06/2026 10:43:01,1052,3.767,HUF,0.916667,16.63572,853
22/06/2026 10:43:05,1056,3.765292,HUF,0.915903,16.63602,1761
22/06/2026 10:43:09,1060,3.764,HUF,0.915141,16.63632,1590
22/06/2026 10:43:13,1064,3.765,HUF,0.914381,16.63662,2678
22/06/2026 10:43:19,1069,3.764,HUF,0.913432,16.63698,777
22/06/2026 10:43:23,1073,3.762,GOC,0.912674,16.63729,1149
22/06/2026 10:43:27,1077,3.762,HUF,0.911917,16.63758,1446
22/06/2026 10:43:31,1082,3.761,HUF,0.910973,16.63795,6482
22/06/2026 10:43:36,1087,3.76,HUF,0.910031,16.63833,790
22/06/2026 10:43:40,1091,3.759617,HUF,0.909279,16.63862,794
22/06/2026 10:43:44,1095,3.76,HUF,0.908528,16.63892,937
22/06/2026 10:43:48,1099,3.759,GOC,0.907778,16.63921,779
22/06/2026 10:43:52,1103,3.758,GOC,0.90703,16.63951,38878
22/06/2026 10:43:57,1108,3.757,HUF,0.906096,16.63987,1484
22/06/2026 10:44:01,1111,3.756846,HUF,0.905536,16.64009,1136
22/06/2026 10:44:06,1116,3.756869,HUF,0.904605,16.64046,21727
22/06/2026 10:44:10,1121,3.756094,HUF,0.903676,16.64082,772
22/06/2026 10:44:16,1127,3.752,HUF,0.902564,16.64126,777
22/06/2026 10:44:20,1131,3.754131,HUF,0.901824,16.64155,6933
22/06/2026 10:44:25,1136,3.753104,HUF,0.900901,16.64191,784
22/06/2026 10:44:29,1140,3.75,HUF,0.900164,16.6422,790
22/06/2026 10:44:34,1145,3.746,HUF,0.899244,16.64256,1926
22/06/2026 10:44:39,1149,3.747,HUF,0.898509,16.64285,882
22/06/2026 10:44:44,1154,3.744,HUF,0.897593,16.64321,1069
22/06/2026 10:44:49,1159,3.742,GOC,0.896678,16.64357,14580
22/06/2026 10:44:52,1163,3.741,GOC,0.895948,16.64385,779
22/06/2026 10:44:57,1167,3.741,HUF,0.895219,16.64415,1886
22/06/2026 10:45:01,1172,3.74,HUF,0.894309,16.6445,796
22/06/2026 10:45:05,1176,3.740096,HUF,0.893583,16.64479,782
22/06/2026 10:45:09,1180,3.741,HUF,0.892857,16.64507,848
22/06/2026 10:45:13,1184,3.74,HUF,0.892133,16.64536,1562
22/06/2026 10:45:18,1189,3.739,GOC,0.89123,16.64571,5322
22/06/2026 10:45:22,1193,3.738,HUF,0.890508,16.646,817
22/06/2026 10:45:26,1197,3.738,HUF,0.889788,16.64628,790
22/06/2026 10:45:31,1202,3.737,HUF,0.888889,16.64663,869
22/06/2026 10:45:35,1206,3.737278,HUF,0.888171,16.64692,785
22/06/2026 10:45:39,1210,3.737,HUF,0.887455,16.64694,1115
22/06/2026 10:45:44,1214,3.736,HUF,0.886739,16.64748,798
22/06/2026 10:45:48,1218,3.735,GOC,0.886025,16.64775,790
22/06/2026 10:45:51,1222,3.734,HUF,0.885312,16.64804,922
22/06/2026 10:45:56,1226,3.733194,HUF,0.8846,16.64831,789
22/06/2026 10:46:00,1230,3.734,HUF,0.883889,16.64859,784
22/06/2026 10:46:04,1234,3.733,HUF,0.883179,16.64888,774
22/06/2026 10:46:08,1239,3.732,GOC,0.882294,16.64922,1954
22/06/2026 10:46:13,1243,3.733,HUF,0.881587,16.6495,2567
22/06/2026 10:46:17,1248,3.731,HUF,0.880705,16.64985,776
22/06/2026 10:46:21,1252,3.729,HUF,0.88,16.65013,1319
22/06/2026 10:46:26,1257,3.728,HUF,0.879121,16.65047,789
22/06/2026 10:46:31,1261,3.729291,HUF,0.878419,16.65075,786
22/06/2026 10:46:35,1266,3.728424,HUF,0.877543,16.65106,1174
22/06/2026 10:46:40,1271,3.726485,HUF,0.876669,16.65144,782
22/06/2026 10:46:45,1276,3.726384,HUF,0.875796,16.65178,17857
22/06/2026 10:46:49,1280,3.726,HUF,0.875099,16.65205,914
22/06/2026 10:46:54,1284,3.725,HUF,0.874404,16.65232,1641
22/06/2026 10:47:00,1290,3.725,GOC,0.873362,16.65258,887
22/06/2026 10:47:05,1296,3.723356,HUF,0.872324,16.65314,779
22/06/2026 10:47:10,1300,3.721,HUF,0.871632,16.65342,781
22/06/2026 10:47:14,1305,3.718,HUF,0.87077,16.65375,948
22/06/2026 10:47:20,1311,3.716383,HUF,0.869737,16.65416,798
22/06/2026 10:47:25,1316,3.716386,HUF,0.868878,16.6545,844
22/06/2026 10:47:30,1320,3.716,HUF,0.868193,16.65476,780
22/06/2026 10:47:35,1325,3.714,HUF,0.867337,16.6551,784
22/06/2026 10:47:39,1330,3.713,HUF,0.866483,16.65544,774
22/06/2026 10:47:43,1334,3.713,GOC,0.865801,16.65569,775
22/06/2026 10:47:48,1339,3.713,GOC,0.86495,16.65604,1162
22/06/2026 10:47:52,1343,3.713,HUF,0.86427,16.65629,10927
22/06/2026 10:47:56,1347,3.711,HUF,0.863592,16.65658,1065
22/06/2026 10:48:01,1352,3.709,HUF,0.862745,16.65681,2540
22/06/2026 10:48:05,1356,3.709776,HUF,0.862069,16.65718,773
22/06/2026 10:48:09,1359,3.709,HUF,0.861563,16.65728,781
22/06/2026 10:48:14,1364,3.709,GOC,0.86072,16.65769,781
22/06/2026 10:48:18,1369,3.709,GOC,0.859879,16.65804,792
22/06/2026 10:48:23,1374,3.708,GOC,0.859039,16.65834,776
22/06/2026 10:48:27,1378,3.708,GOC,0.858369,16.65863,1118
22/06/2026 10:48:33,1384,3.708,GOC,0.857365,16.65903,1704
22/06/2026 10:48:38,1388,3.707,HUF,0.856698,16.65929,1091
22/06/2026 10:48:42,1392,3.706,HUF,0.856031,16.65949,1127
22/06/2026 10:48:46,1397,3.705,HUF,0.855199,16.65988,20396
22/06/2026 10:48:51,1401,3.704376,HUF,0.854535,16.66013,1010
22/06/2026 10:48:55,1406,3.704207,HUF,0.853706,16.66047,780
22/06/2026 10:49:00,1410,3.703,HUF,0.853044,16.66072,786
22/06/2026 10:49:04,1415,3.703,HUF,0.852218,16.66105,790
22/06/2026 10:49:08,1419,3.702,GOC,0.851558,16.66131,788
22/06/2026 10:49:12,1423,3.702,HUF,0.850899,16.66157,819
22/06/2026 10:49:16,1427,3.702,HUF,0.850242,16.66183,10021
22/06/2026 10:49:21,1432,3.701,HUF,0.849421,16.66215,921
22/06/2026 10:49:25,1436,3.699546,HUF,0.848765,16.66241,961
22/06/2026 10:49:30,1440,3.698,HUF,0.848111,16.66266,1903
22/06/2026 10:49:34,1444,3.697,HUF,0.847458,16.66292,1131
22/06/2026 10:49:39,1449,3.697,GOC,0.846642,16.66325,792
22/06/2026 10:49:43,1454,3.695,GOC,0.845829,16.66351,784
22/06/2026 10:49:47,1458,3.694,HUF,0.845179,16.66382,811
22/06/2026 10:49:51,1462,3.694,HUF,0.84453,16.66406,1322
22/06/2026 10:49:55,1466,3.692282,HUF,0.843882,16.66432,1122
22/06/2026 10:49:59,1470,3.692,HUF,0.843235,16.66459,3187
22/06/2026 10:50:03,1474,3.692,GOC,0.842589,16.66484,788
22/06/2026 10:50:08,1478,3.689,GOC,0.841944,16.66509,1311
22/06/2026 10:50:12,1483,3.689,HUF,0.841139,16.66541,772
22/06/2026 10:50:16,1487,3.688,HUF,0.840497,16.66566,781
22/06/2026 10:50:20,1491,3.6864,HUF,0.839855,16.66591,781
22/06/2026 10:50:25,1496,3.687279,HUF,0.839054,16.66622,782
22/06/2026 10:50:30,1501,3.684259,HUF,0.838255,16.66654,1664
22/06/2026 10:50:34,1505,3.685,HUF,0.837617,16.66679,1614
22/06/2026 10:50:39,1510,3.683,HUF,0.83682,16.66711,773
22/06/2026 10:50:44,1514,3.682,GOC,0.836184,16.66736,918
22/06/2026 10:50:48,1518,3.682,HUF,0.835549,16.66761,37901
22/06/2026 10:50:52,1523,3.68,HUF,0.834756,16.66792,1172
22/06/2026 10:50:57,1527,3.68,HUF,0.834123,16.66817,4245
22/06/2026 10:51:01,1532,3.678,HUF,0.833333,16.66832,776
22/06/2026 10:51:05,1536,3.678295,HUF,0.832703,16.66873,772
22/06/2026 10:51:10,1541,3.676702,HUF,0.831915,16.66903,1046
22/06/2026 10:51:14,1545,3.676,HUF,0.831287,16.66925,1551
22/06/2026 10:51:19,1549,3.676,GOC,0.830659,16.66953,786
22/06/2026 10:51:23,1553,3.675,GOC,0.830032,16.66978,783
22/06/2026 10:51:27,1558,3.675,HUF,0.82925,16.67009,791
22/06/2026 10:51:33,1563,3.675,HUF,0.828469,16.6704,778
22/06/2026 10:51:37,1567,3.674,HUF,0.827846,16.67064,785
22/06/2026 10:51:40,1571,3.673333,HUF,0.827223,16.67087,870
22/06/2026 10:51:47,1578,3.672,HUF,0.826136,16.67131,2100
22/06/2026 10:51:51,1582,3.673,HUF,0.825516,16.67156,787
22/06/2026 10:51:55,1586,3.672411,HUF,0.824897,16.67179,780
22/06/2026 10:52:01,1591,3.671628,HUF,0.824124,16.67211,1182
22/06/2026 10:52:05,1595,3.672,HUF,0.823507,16.67235,1857
22/06/2026 10:52:09,1599,3.67,HUF,0.822891,16.67258,2919
22/06/2026 10:52:13,1603,3.671,GOC,0.822276,16.67283,777
22/06/2026 10:52:17,1607,3.67,HUF,0.821662,16.67299,816
22/06/2026 10:52:21,1611,3.669606,HUF,0.821049,16.67332,8125
22/06/2026 10:52:25,1615,3.669,HUF,0.820436,16.67356,1444
22/06/2026 10:52:29,1620,3.668,HUF,0.819672,16.67385,778
22/06/2026 10:52:34,1625,3.667,GOC,0.818909,16.67415,13136
22/06/2026 10:52:39,1629,3.666,HUF,0.8183,16.67439,1536
22/06/2026 10:52:44,1635,3.666,HUF,0.817388,16.67476,4312
22/06/2026 10:52:48,1639,3.665,HUF,0.816781,16.675,781
22/06/2026 10:52:52,1643,3.665,HUF,0.816175,16.67523,1701
22/06/2026 10:52:57,1647,3.664,HUF,0.81557,16.67547,781
22/06/2026 10:53:03,1654,3.664,HUF,0.814513,16.67588,990
22/06/2026 10:53:09,1659,3.662,GOC,0.81376,16.67617,1460
22/06/2026 10:53:13,1664,3.66,GOC,0.813008,16.67648,771
22/06/2026 10:53:17,1668,3.658,HUF,0.812408,16.67672,780
22/06/2026 10:53:22,1672,3.658,HUF,0.811808,16.67695,782
22/06/2026 10:53:27,1677,3.659,HUF,0.81106,16.67725,1012
22/06/2026 10:53:30,1681,3.656713,HUF,0.810462,16.67748,1837
22/06/2026 10:53:36,1686,3.653161,HUF,0.809717,16.67777,776
22/06/2026 10:53:41,1691,3.654882,HUF,0.808972,16.67807,783
22/06/2026 10:53:44,1695,3.654,HUF,0.808378,16.6783,2097
22/06/2026 10:53:48,1699,3.653,HUF,0.807784,16.67854,783
22/06/2026 10:53:52,1703,3.653,GOC,0.807191,16.67877,781
22/06/2026 10:53:57,1708,3.651,HUF,0.806452,16.67906,1738
22/06/2026 10:54:02,1712,3.651,HUF,0.805861,16.67929,1650
22/06/2026 10:54:06,1717,3.65,HUF,0.805124,16.67959,1020
22/06/2026 10:54:11,1721,3.650055,HUF,0.804535,16.67982,776
22/06/2026 10:54:16,1726,3.648918,HUF,0.8038,16.6801,1033
22/06/2026 10:54:20,1731,3.647503,HUF,0.803066,16.6804,790
22/06/2026 10:54:25,1736,3.647456,HUF,0.802334,16.68069,868
22/06/2026 10:54:30,1741,3.647032,HUF,0.801603,16.68097,786
22/06/2026 10:54:34,1745,3.645,HUF,0.801019,16.6812,883
22/06/2026 10:54:38,1749,3.645,HUF,0.800437,16.68143,2445
22/06/2026 10:54:42,1753,3.644,HUF,0.799855,16.68166,810
22/06/2026 10:54:46,1757,3.643,HUF,0.799273,16.68189,1511
22/06/2026 10:54:51,1762,3.637,HUF,0.798548,16.68217,787
22/06/2026 10:54:55,1766,3.63473,HUF,0.797969,16.68241,1910
22/06/2026 10:55:00,1770,3.637,HUF,0.79739,16.68263,781
22/06/2026 10:55:04,1775,3.629,HUF,0.796669,16.68292,1593
22/06/2026 10:55:09,1779,3.627,GOC,0.796092,16.68314,780
22/06/2026 10:55:12,1783,3.626,GOC,0.795516,16.68337,783
22/06/2026 10:55:17,1787,3.627,HUF,0.794941,16.68359,1095
22/06/2026 10:55:21,1791,3.625599,HUF,0.794367,16.68382,2356
22/06/2026 10:55:25,1796,3.625498,HUF,0.793651,16.6841,790
22/06/2026 10:55:30,1800,3.625,HUF,0.793079,16.68433,784
22/06/2026 10:55:34,1804,3.624,HUF,0.792507,16.68456,780
22/06/2026 10:55:37,1808,3.624,GOC,0.791937,16.68478,779
22/06/2026 10:55:43,1813,3.624,HUF,0.791225,16.68506,1024
22/06/2026 10:55:47,1818,3.623,HUF,0.790514,16.68534,943
22/06/2026 10:55:51,1822,3.623,HUF,0.789946,16.68557,1063
22/06/2026 10:55:55,1826,3.622589,HUF,0.789379,16.68578,772
22/06/2026 10:56:00,1830,3.622,HUF,0.788813,16.68601,784
22/06/2026 10:56:04,1834,3.622,HUF,0.788248,16.68624,774
22/06/2026 10:56:08,1839,3.621,GOC,0.787542,16.68652,788
22/06/2026 10:56:12,1843,3.621,HUF,0.786979,16.68673,773
22/06/2026 10:56:22,1851,3.617953,HUF,0.785855,16.68718,1134
22/06/2026 10:56:26,1857,3.616,HUF,0.785013,16.6875,788
22/06/2026 10:56:30,1861,3.616231,HUF,0.784454,16.68773,1682
22/06/2026 10:56:35,1866,3.616012,HUF,0.783755,16.68801,1826
22/06/2026 10:56:39,1870,3.616,HUF,0.783197,16.68822,1231
22/06/2026 10:56:43,1874,3.615,HUF,0.78264,16.68845,840
22/06/2026 10:56:48,1879,3.616,GOC,0.781944,16.68872,785
22/06/2026 10:56:52,1883,3.615,HUF,0.781389,16.68894,930
22/06/2026 10:56:57,1888,3.615,HUF,0.780696,16.68921,789
22/06/2026 10:57:04,1895,3.613,HUF,0.779727,16.68959,785
22/06/2026 10:57:09,1899,3.611,HUF,0.779175,16.68981,786
22/06/2026 10:57:14,1905,3.609,GOC,0.778348,16.69014,1227
22/06/2026 10:57:18,1909,3.609,GOC,0.777797,16.69035,781
22/06/2026 10:57:22,1913,3.608,GOC,0.777248,16.69057,799
22/06/2026 10:57:27,1918,3.607,HUF,0.776562,16.69084,910
22/06/2026 10:57:31,1922,3.606,HUF,0.776014,16.69105,784
22/06/2026 10:57:36,1926,3.606829,HUF,0.775467,16.69127,784
22/06/2026 10:57:41,1932,3.607,HUF,0.774648,16.6916,4765
22/06/2026 10:57:46,1937,3.605,HUF,0.773967,16.69187,1165
22/06/2026 10:57:50,1941,3.604477,HUF,0.773422,16.69208,1810
22/06/2026 10:57:55,1946,3.604135,HUF,0.772743,16.69234,787
22/06/2026 10:57:59,1950,3.603,HUF,0.772201,16.69256,777
22/06/2026 10:58:03,1954,3.602,GOC,0.771659,16.69277,894
22/06/2026 10:58:08,1959,3.601,HUF,0.770983,16.69304,782
22/06/2026 10:58:12,1963,3.602,HUF,0.770443,16.69325,1272
22/06/2026 10:58:17,1967,3.601,HUF,0.769904,16.69346,2039
22/06/2026 10:58:22,1972,3.599,HUF,0.769231,16.69372,784
22/06/2026 10:58:25,1976,3.59869,HUF,0.768693,16.69394,852
22/06/2026 10:58:30,1980,3.598,HUF,0.768156,16.69415,852
22/06/2026 10:58:35,1986,3.597502,HUF,0.767353,16.69447,1592
22/06/2026 10:58:39,1990,3.596,HUF,0.766818,16.69468,824
22/06/2026 10:58:44,1994,3.595,HUF,0.766284,16.69489,777
22/06/2026 10:58:48,1999,3.593,GOC,0.765617,16.69515,784
22/06/2026 10:58:52,2003,3.593,HUF,0.765084,16.69537,792
22/06/2026 10:58:57,2008,3.592,HUF,0.76442,16.69563,782
22/06/2026 10:59:01,2012,3.59,HUF,0.763889,16.69581,777
22/06/2026 10:59:07,2018,3.59,HUF,0.763094,16.69615,781
22/06/2026 10:59:12,2023,3.59,HUF,0.762433,16.69641,1614
22/06/2026 10:59:16,2027,3.59,HUF,0.761905,16.69662,790
22/06/2026 10:59:21,2032,3.59,HUF,0.761246,16.69687,842
22/06/2026 10:59:25,2036,3.589996,HUF,0.760719,16.69707,1497
22/06/2026 10:59:30,2040,3.59,HUF,0.760193,16.6973,1692
22/06/2026 10:59:34,2044,3.589,HUF,0.759669,16.6975,786
22/06/2026 10:59:39,2049,3.589,GOC,0.759013,16.69776,770
22/06/2026 10:59:43,2053,3.587,GOC,0.75849,16.69797,2902
22/06/2026 10:59:47,2058,3.586,HUF,0.757837,16.69822,3627
22/06/2026 10:59:51,2062,3.584,HUF,0.757315,16.69843,800
22/06/2026 10:59:56,2066,3.584237,HUF,0.756794,16.69864,3152
22/06/2026 11:00:01,2072,3.584,HUF,0.756014,16.69894,802
22/06/2026 11:00:06,2076,3.581187,HUF,0.755495,16.69914,831
22/06/2026 11:00:10,2081,3.582098,HUF,0.754846,16.6994,1638
22/06/2026 11:00:15,2085,3.581,HUF,0.754329,16.69954,1927
22/06/2026 11:00:19,2090,3.579,HUF,0.753683,16.69986,4281
22/06/2026 11:00:24,2095,3.577,HUF,0.753038,16.70012,1062
22/06/2026 11:00:29,2100,3.576,GOC,0.752394,16.70037,772
22/06/2026 11:00:34,2104,3.576,HUF,0.75188,16.70057,4276
22/06/2026 11:00:38,2109,3.575,GOC,0.751238,16.70082,1835
22/06/2026 11:00:42,2113,3.574,HUF,0.750725,16.70103,5178
22/06/2026 11:00:47,2118,3.574,HUF,0.750085,16.70128,853
22/06/2026 11:00:52,2122,3.574,HUF,0.749574,16.70143,780
22/06/2026 11:00:55,2126,3.574,HUF,0.749064,16.70168,1231
22/06/2026 11:01:01,2131,3.573984,HUF,0.748427,16.70194,816
22/06/2026 11:01:05,2136,3.573713,HUF,0.747791,16.70219,1304
22/06/2026 11:01:09,2140,3.573,HUF,0.747283,16.70239,789
22/06/2026 11:01:14,2145,3.574,HUF,0.746649,16.70264,785
22/06/2026 11:01:18,2149,3.572,GOC,0.746142,16.70283,1363
22/06/2026 11:01:23,2153,3.571,GOC,0.745636,16.70304,3039
22/06/2026 11:01:27,2157,3.57,HUF,0.745131,16.70324,780
22/06/2026 11:01:31,2162,3.57,HUF,0.744501,16.70345,1834
22/06/2026 11:01:36,2167,3.568,HUF,0.743872,16.70365,773
22/06/2026 11:01:41,2171,3.567716,HUF,0.743369,16.70393,1380
22/06/2026 11:01:45,2176,3.565529,HUF,0.742741,16.70418,786
22/06/2026 11:01:49,2180,3.566,HUF,0.74224,16.70437,1877
22/06/2026 11:01:54,2184,3.564,HUF,0.74174,16.70457,785
22/06/2026 11:01:58,2188,3.565,GOC,0.74124,16.70477,888
22/06/2026 11:02:02,2193,3.564,HUF,0.740616,16.70502,784
22/06/2026 11:02:07,2198,3.563,HUF,0.739993,16.70526,933
22/06/2026 11:02:12,2202,3.562,HUF,0.739496,16.70545,1250
22/06/2026 11:02:16,2206,3.560766,HUF,0.738999,16.70565,786
22/06/2026 11:02:20,2211,3.559807,HUF,0.738379,16.7059,1419
22/06/2026 11:02:25,2215,3.56,HUF,0.737884,16.70609,785
22/06/2026 11:02:30,2221,3.558105,HUF,0.737142,16.70637,793
22/06/2026 11:02:34,2225,3.559,HUF,0.736648,16.70658,873
22/06/2026 11:02:38,2229,3.558,GOC,0.736155,16.70678,996
22/06/2026 11:02:42,2233,3.558,GOC,0.735663,16.70696,1602
22/06/2026 11:02:48,2239,3.556,HUF,0.734926,16.70726,777
22/06/2026 11:02:53,2243,3.556,HUF,0.734435,16.70745,3752
22/06/2026 11:02:57,2248,3.556,HUF,0.733823,16.70769,1033
22/06/2026 11:03:01,2252,3.556,HUF,0.733333,16.70788,785
22/06/2026 11:03:05,2256,3.554663,HUF,0.732845,16.70808,6087
22/06/2026 11:03:09,2260,3.553,HUF,0.732357,16.70827,1219
22/06/2026 11:03:13,2264,3.551,GOC,0.73187,16.70847,980
22/06/2026 11:03:17,2268,3.551,HUF,0.731383,16.70866,780
22/06/2026 11:03:21,2272,3.551,HUF,0.730897,16.70885,4135
22/06/2026 11:03:25,2276,3.549531,HUF,0.730412,16.70904,1174
22/06/2026 11:03:30,2280,3.548,HUF,0.729927,16.70922,3433
22/06/2026 11:03:34,2285,3.547,HUF,0.729322,16.70947,840
22/06/2026 11:03:39,2289,3.548,GOC,0.728839,16.70966,4740
22/06/2026 11:03:44,2294,3.547,GOC,0.728236,16.70989,1250
22/06/2026 11:03:47,2298,3.546,GOC,0.727754,16.71007,2396
22/06/2026 11:03:52,2303,3.546,HUF,0.727153,16.71032,784
22/06/2026 11:03:57,2308,3.544,HUF,0.726552,16.71057,2156
22/06/2026 11:04:01,2312,3.544,HUF,0.726073,16.71076,2269
22/06/2026 11:04:06,2316,3.544033,HUF,0.725594,16.71095,2700
22/06/2026 11:04:11,2322,3.543,HUF,0.724876,16.7112,791
22/06/2026 11:04:15,2326,3.542583,HUF,0.724399,16.71142,1036
22/06/2026 11:04:20,2331,3.542099,HUF,0.723803,16.71165,787
22/06/2026 11:04:24,2335,3.541,HUF,0.723327,16.71184,784
22/06/2026 11:04:29,2340,3.54,HUF,0.722733,16.71207,782
22/06/2026 11:04:34,2345,3.54,HUF,0.72214,16.71231,795
22/06/2026 11:04:38,2349,3.54,GOC,0.721666,16.71249,776
22/06/2026 11:04:43,2353,3.54,GOC,0.721193,16.71268,2187
22/06/2026 11:04:47,2357,3.539,HUF,0.720721,16.71287,1601
22/06/2026 11:04:51,2362,3.537,HUF,0.720131,16.7131,1642
22/06/2026 11:04:56,2366,3.537456,HUF,0.71966,16.71329,2513
22/06/2026 11:05:00,2371,3.535725,HUF,0.719072,16.71352,789
22/06/2026 11:05:04,2375,3.535,HUF,0.718602,16.7137,781
22/06/2026 11:05:08,2379,3.536,GOC,0.718133,16.71389,792
22/06/2026 11:05:17,2387,3.534,HUF,0.717196,16.71425,986
22/06/2026 11:05:23,2391,3.532408,HUF,0.716729,16.71445,1085
22/06/2026 11:05:29,2399,3.53,GOC,0.715796,16.71481,970
22/06/2026 11:05:33,2403,3.527,GOC,0.715331,16.715,793
22/06/2026 11:05:37,2407,3.523,HUF,0.714866,16.71518,2354
22/06/2026 11:05:41,2412,3.80129,HUF,0.714286,16.71541,788
22/06/2026 11:05:45,2416,4.026964,HUF,0.713822,16.71559,774
22/06/2026 11:05:50,2420,4.065,HUF,0.713359,16.71577,808
22/06/2026 11:05:54,2425,3.729,HUF,0.712781,16.716,1603
22/06/2026 11:05:59,2430,4.13,GOC,0.712205,16.71623,788
22/06/2026 11:06:08,2434,4.219,HUF,0.711744,16.71641,778
22/06/2026 11:06:18,2443,4.34,HUF,0.710709,16.71682,2129
22/06/2026 11:06:20,2451,4.437547,HUF,0.709792,16.71718,781
22/06/2026 11:06:26,2457,4.513,HUF,0.709106,16.71745,1002
22/06/2026 11:06:31,2462,4.561,HUF,0.708535,16.71766,2858
22/06/2026 11:06:35,2466,4.595694,HUF,0.708079,16.71786,1658
22/06/2026 11:06:40,2470,4.641,HUF,0.707623,16.71804,788
22/06/2026 11:06:44,2475,4.691,HUF,0.707054,16.71826,1116
22/06/2026 11:06:49,2480,4.733,HUF,0.706487,16.71849,777
22/06/2026 11:06:56,2486,4.784719,HUF,0.705807,16.71876,2451
22/06/2026 11:06:59,2490,4.82,HUF,0.705354,16.71893,1392
22/06/2026 11:07:03,2494,4.856,GOC,0.704902,16.71911,2564
22/06/2026 11:07:07,2498,4.888,GOC,0.704451,16.71929,813
22/06/2026 11:07:12,2502,4.906,HUF,0.704,16.71947,865
22/06/2026 11:07:15,2506,4.906033,HUF,0.70355,16.71965,772
22/06/2026 11:07:20,2510,4.906,HUF,0.7031,16.71982,1023
22/06/2026 11:07:24,2515,4.908,HUF,0.702539,16.72005,836
22/06/2026 11:07:30,2520,4.91,HUF,0.701978,16.72027,786
22/06/2026 11:07:34,2525,4.916,HUF,0.701419,16.72048,787
22/06/2026 11:07:39,2530,4.916,HUF,0.70086,16.72071,785
22/06/2026 11:07:44,2534,4.919,HUF,0.700414,16.72089,776
22/06/2026 11:07:48,2538,4.92,GOC,0.699968,16.72106,777
22/06/2026 11:07:52,2542,4.919,HUF,0.699523,16.72123,1399
22/06/2026 11:07:56,2547,4.921,HUF,0.698967,16.72146,784
22/06/2026 11:08:01,2551,4.925231,HUF,0.698524,16.72163,914
22/06/2026 11:08:06,2556,4.922509,HUF,0.69797,16.72185,852
22/06/2026 11:08:10,2561,4.922578,HUF,0.697416,16.72207,1419
22/06/2026 11:08:14,2565,4.923,HUF,0.696974,16.72225,863
22/06/2026 11:08:19,2570,4.924,GOC,0.696423,16.72246,789
22/06/2026 11:08:24,2574,4.925,HUF,0.695982,16.72264,773
22/06/2026 11:08:29,2579,4.926,GOC,0.695432,16.72285,781
22/06/2026 11:08:34,2584,4.925,GOC,0.694883,16.72307,1404
22/06/2026 11:08:38,2589,4.925,GOC,0.694335,16.72328,933
22/06/2026 11:08:42,2593,4.927,HUF,0.693897,16.72346,793
22/06/2026 11:08:47,2597,4.927,HUF,0.693459,16.72363,780
22/06/2026 11:08:51,2601,4.92815,HUF,0.693022,16.72381,815
22/06/2026 11:08:57,2607,4.928,HUF,0.692368,16.72407,1182
22/06/2026 11:08:59,2610,4.928,HUF,0.692042,16.72419,792
22/06/2026 11:09:03,2614,4.934,HUF,0.691606,16.72437,768
22/06/2026 11:09:08,2618,4.926,GOC,0.691172,16.72454,931
22/06/2026 11:09:12,2622,4.929,HUF,0.690738,16.72471,808
22/06/2026 11:09:16,2626,4.930484,HUF,0.690304,16.72487,790
22/06/2026 11:09:20,2631,4.930865,HUF,0.689763,16.72509,779
22/06/2026 11:09:25,2635,4.931,HUF,0.689331,16.72526,786
22/06/2026 11:09:30,2640,4.927,HUF,0.688791,16.72548,900
22/06/2026 11:09:34,2644,4.928,HUF,0.68836,16.72565,789
22/06/2026 11:09:38,2648,4.929,GOC,0.68793,16.72581,2256
22/06/2026 11:09:42,2652,4.928,HUF,0.6875,16.72598,795
22/06/2026 11:09:48,2658,4.929,GOC,0.686856,16.72624,19318
22/06/2026 11:09:53,2664,4.926,GOC,0.686213,16.72649,895
22/06/2026 11:10:00,2671,4.93017,GOC,0.685465,16.72677,1915
22/06/2026 11:10:05,2676,4.930066,HUF,0.684932,16.727,804
22/06/2026 11:10:09,2679,4.933,HUF,0.684612,16.72713,846
22/06/2026 11:10:13,2684,4.93,GOC,0.68408,16.72732,785
22/06/2026 11:10:20,2690,4.931,GOC,0.683442,16.72758,834
22/06/2026 11:10:24,2695,4.93,HUF,0.682912,16.7278,1530
22/06/2026 11:10:30,2700,4.93,HUF,0.682382,16.72801,784
22/06/2026 11:10:34,2704,4.929,HUF,0.681959,16.72818,1237
22/06/2026 11:10:39,2709,4.932,GOC,0.681431,16.72838,776
22/06/2026 11:10:43,2714,4.932,GOC,0.680904,16.72859,782
22/06/2026 11:10:47,2718,4.934,HUF,0.680483,16.72876,3268
22/06/2026 11:10:51,2722,4.934,HUF,0.680062,16.72892,1677
22/06/2026 11:10:56,2726,4.934484,HUF,0.679642,16.72909,17366
22/06/2026 11:11:00,2730,4.934,HUF,0.679222,16.72926,899
22/06/2026 11:11:04,2734,4.929,HUF,0.678803,16.72942,779
22/06/2026 11:11:09,2740,4.931,HUF,0.678175,16.72967,6606
22/06/2026 11:11:14,2744,4.931,HUF,0.677757,16.72984,790
22/06/2026 11:11:19,2749,4.933,GOC,0.677236,16.73005,772
22/06/2026 11:11:23,2754,4.931,GOC,0.676715,16.73024,772
22/06/2026 11:11:28,2759,4.935,GOC,0.676195,16.73046,784
22/06/2026 11:11:33,2763,4.933,HUF,0.675779,16.73062,855
22/06/2026 11:11:37,2768,4.933,HUF,0.675261,16.73082,1457
22/06/2026 11:11:41,2772,4.93,HUF,0.674847,16.73098,7208
22/06/2026 11:11:46,2776,4.932102,HUF,0.674433,16.73115,782
22/06/2026 11:11:51,2781,4.931606,HUF,0.673916,16.73136,779
22/06/2026 11:11:55,2785,4.931,HUF,0.673504,16.73152,779
22/06/2026 11:11:59,2790,4.928,HUF,0.672989,16.73172,788
22/06/2026 11:12:04,2794,4.932,HUF,0.672577,16.73189,921
22/06/2026 11:12:08,2798,4.928,GOC,0.672166,16.73205,812
22/06/2026 11:12:11,2802,4.932,HUF,0.671756,16.7322,776
22/06/2026 11:12:15,2806,4.929056,HUF,0.671346,16.73237,777
22/06/2026 11:12:19,2809,4.93,HUF,0.671039,16.73249,1131
22/06/2026 11:12:23,2814,4.932,GOC,0.670527,16.73269,781
22/06/2026 11:12:27,2818,4.931,HUF,0.670119,16.73286,842
22/06/2026 11:12:31,2822,4.93,HUF,0.669711,16.73301,934
22/06/2026 11:12:36,2826,4.93202,HUF,0.669303,16.73318,794
22/06/2026 11:12:40,2831,4.93334,HUF,0.668795,16.73338,2261
22/06/2026 11:12:45,2835,4.933,HUF,0.668388,16.73354,1809
22/06/2026 11:12:49,2840,4.932,HUF,0.667881,16.73374,787
22/06/2026 11:12:55,2845,4.934,HUF,0.667374,16.73394,1005
22/06/2026 11:12:59,2849,4.933,HUF,0.66697,16.73409,1242
22/06/2026 11:13:02,2853,4.932,GOC,0.666566,16.73426,1218
22/06/2026 11:13:07,2857,4.934,HUF,0.666162,16.73442,784
22/06/2026 11:13:10,2861,4.933782,HUF,0.665759,16.73457,779
22/06/2026 11:13:14,2865,4.936,HUF,0.665356,16.73474,1199
22/06/2026 11:13:19,2870,4.933,HUF,0.664853,16.73494,2531
22/06/2026 11:13:23,2873,4.934,GOC,0.664552,16.73506,1542
22/06/2026 11:13:26,2877,4.932,HUF,0.664151,16.73521,778
22/06/2026 11:13:30,2881,4.928457,HUF,0.66375,16.73537,1217
22/06/2026 11:13:35,2885,4.932,HUF,0.66335,16.73553,785
22/06/2026 11:13:39,2889,4.934,HUF,0.66295,16.73569,826
22/06/2026 11:13:44,2894,4.93,HUF,0.662451,16.73589,784
22/06/2026 11:13:48,2898,4.934,GOC,0.662052,16.73605,780
22/06/2026 11:13:52,2903,4.932,HUF,0.661555,16.73624,4640
22/06/2026 11:13:56,2907,4.934,HUF,0.661157,16.7364,783
22/06/2026 11:14:00,2911,4.936149,HUF,0.66076,16.73656,2887
22/06/2026 11:14:04,2915,4.932,HUF,0.660363,16.73671,792
22/06/2026 11:14:09,2920,4.933,HUF,0.659868,16.73691,778
22/06/2026 11:14:14,2924,4.934,HUF,0.659472,16.73707,782
22/06/2026 11:14:17,2928,4.931,GOC,0.659077,16.73722,782
22/06/2026 11:14:22,2933,4.931,HUF,0.658584,16.73742,1444
22/06/2026 11:14:26,2937,4.936,HUF,0.65819,16.73755,1041
22/06/2026 11:14:30,2941,4.933089,HUF,0.657796,16.73773,772
22/06/2026 11:14:34,2945,4.934,HUF,0.657403,16.73788,1056
22/06/2026 11:14:40,2951,4.93361,HUF,0.656814,16.73812,1051
22/06/2026 11:14:44,2955,4.931,HUF,0.656422,16.73827,787
22/06/2026 11:14:49,2960,4.935,GOC,0.655933,16.73847,778
22/06/2026 11:14:53,2964,4.937,GOC,0.655542,16.73862,773
22/06/2026 11:14:57,2967,4.935,HUF,0.655249,16.73874,1100
22/06/2026 11:15:01,2972,4.934,HUF,0.654762,16.73893,771
22/06/2026 11:15:05,2976,4.935553,HUF,0.654372,16.73908,1649
22/06/2026 11:15:10,2981,4.9325,HUF,0.653886,16.73927,777
22/06/2026 11:15:14,2985,4.934,HUF,0.653498,16.73943,1088
22/06/2026 11:15:23,2992,4.934,GOC,0.652819,16.7397,796
22/06/2026 11:15:28,2999,4.931,GOC,0.652142,16.73997,1683
22/06/2026 11:15:32,3003,4.933,GOC,0.651755,16.74012,2751
22/06/2026 11:15:37,3007,4.932,HUF,0.651369,16.74022,1051
22/06/2026 11:15:42,3012,4.933,HUF,0.650888,16.74045,1850
22/06/2026 11:15:46,3017,4.935,HUF,0.650406,16.74065,789
22/06/2026 11:15:52,3021,4.935546,HUF,0.650022,16.7408,787
22/06/2026 11:15:56,3026,4.932262,HUF,0.649542,16.74099,781
22/06/2026 11:16:00,3031,4.933156,HUF,0.649063,16.74118,788
22/06/2026 11:16:04,3035,4.934,HUF,0.648681,16.74133,800
22/06/2026 11:16:09,3039,4.933,HUF,0.648298,16.74149,828
22/06/2026 11:16:14,3044,4.933,GOC,0.647821,16.74167,789
22/06/2026 11:16:18,3049,4.935,GOC,0.647344,16.74186,860
22/06/2026 11:16:26,3055,4.935,HUF,0.646774,16.74209,786
22/06/2026 11:16:31,3062,4.934,HUF,0.646109,16.74235,890