Thời gian,ID Gói,Điện Áp (V),Loại Khung,Tỷ lệ lỗi TX (%),Trễ TX (us)
21/06/2026 20:43:23,5240,-0.002,HUF,19.21756,798
21/06/2026 20:43:27,5245,1.594,HUF,19.29457,798
21/06/2026 20:43:32,5250,1.595,HUF,19.37143,798
21/06/2026 20:43:41,5257,1.594,HUF,19.47879,798
21/06/2026 20:43:46,5263,1.594,HUF,19.57059,798
21/06/2026 20:43:51,5268,1.594,HUF,19.64692,798
21/06/2026 20:43:55,5271,1.593588,GOC,19.69266,798
21/06/2026 20:44:01,5279,1.594,HUF,19.81436,798
21/06/2026 20:44:05,5282,1.593,HUF,19.8599,798
21/06/2026 20:44:10,5287,1.593,HUF,19.93569,798
21/06/2026 20:44:14,5292,1.594,HUF,20.01134,798
21/06/2026 20:44:18,5295,1.6,HUF,20.05666,798
21/06/2026 20:44:22,5299,1.611,HUF,20.117,798
21/06/2026 20:44:26,5304,1.627,HUF,20.19231,798
21/06/2026 20:44:31,5308,1.59,HUF,20.25245,798
21/06/2026 20:44:36,5313,1.587,HUF,20.3275,798
21/06/2026 20:44:41,5318,1.591,HUF,20.40241,798
21/06/2026 20:44:45,5322,1.592,HUF,20.46223,798
21/06/2026 20:44:49,5325,1.593,HUF,20.50704,798
21/06/2026 20:44:55,5332,1.592,HUF,20.6114,798
21/06/2026 20:45:00,5337,1.59,HUF,20.68578,798
21/06/2026 20:45:04,5340,1.585,HUF,20.73034,798
21/06/2026 20:45:09,5346,1.589025,GOC,20.81931,798
21/06/2026 20:45:14,5351,1.589806,GOC,20.89329,798
21/06/2026 20:45:19,5356,1.590619,GOC,20.96714,798
21/06/2026 20:45:23,5361,1.588962,GOC,21.04085,798
21/06/2026 20:45:27,5365,1.586,HUF,21.09972,798
21/06/2026 20:45:32,5369,1.577,HUF,21.1585,798
21/06/2026 20:45:36,5373,1.585,HUF,21.2172,798
21/06/2026 20:45:40,5378,1.585,HUF,21.27185,6355
21/06/2026 20:45:44,5382,1.585,HUF,21.33036,6355
21/06/2026 20:45:49,5386,1.585931,GOC,21.38879,6355
21/06/2026 20:45:55,5392,1.585,HUF,21.47626,6355
21/06/2026 20:45:59,5396,1.584837,GOC,21.53447,6355
21/06/2026 20:46:04,5401,1.58065,GOC,21.60711,6355
21/06/2026 20:46:08,5405,1.578,HUF,21.66512,6355
21/06/2026 20:46:12,5409,1.584,HUF,21.72305,6355
21/06/2026 20:46:16,5414,1.585,HUF,21.79535,6355
21/06/2026 20:46:20,5417,1.581,HUF,21.83866,6355
21/06/2026 20:46:24,5421,1.579931,GOC,21.89633,6355
21/06/2026 20:46:28,5426,1.581087,GOC,21.9683,6355
21/06/2026 20:46:36,5433,1.58,HUF,22.06884,6355
21/06/2026 20:46:41,5438,1.583,HUF,22.14049,6355
21/06/2026 20:46:45,5442,1.579,HUF,22.19772,6355
21/06/2026 20:46:49,5445,1.578,HUF,22.22222,16752
21/06/2026 20:46:54,5449,1.57,HUF,22.27932,16752
21/06/2026 20:46:58,5455,1.575,HUF,22.3648,16752
21/06/2026 20:47:03,5460,1.577,HUF,22.4359,16752
21/06/2026 20:47:08,5465,1.577,HUF,22.50686,16752
21/06/2026 20:47:12,5469,1.579,HUF,22.56354,16752
21/06/2026 20:47:16,5473,1.578,HUF,22.62014,16752
21/06/2026 20:47:21,5478,1.583,HUF,22.69076,16752
21/06/2026 20:47:25,5482,1.577,HUF,22.74717,16752
21/06/2026 20:47:30,5486,1.575869,GOC,22.8035,16752
21/06/2026 20:47:35,5491,1.5769,GOC,22.87379,16752
21/06/2026 20:47:39,5496,1.576337,GOC,22.94396,16752
21/06/2026 20:47:43,5499,1.576,HUF,22.986,16752
21/06/2026 20:47:47,5503,1.576,HUF,23.04198,16752
21/06/2026 20:47:52,5509,1.592,HUF,23.1258,16752
21/06/2026 20:47:56,5513,1.574,HUF,23.18157,16752
21/06/2026 20:48:00,5516,1.575556,GOC,23.22335,16752
21/06/2026 20:48:10,5526,1.574212,GOC,23.36229,16752
21/06/2026 20:48:14,5531,1.573462,GOC,23.43157,16752
21/06/2026 20:48:19,5535,1.575,HUF,23.4869,16752
21/06/2026 20:48:23,5540,1.581,HUF,23.55596,16752
21/06/2026 20:48:27,5544,1.573,HUF,23.61111,16752
21/06/2026 20:48:33,5549,1.573,HUF,23.67994,16752
21/06/2026 20:48:36,5553,1.574,HUF,23.73492,16752
21/06/2026 20:48:41,5557,1.579,HUF,23.78981,16752
21/06/2026 20:48:46,5562,1.572,HUF,23.85832,16752
21/06/2026 20:48:51,5565,1.578,HUF,23.89937,16752
21/06/2026 20:48:55,5571,1.571306,GOC,23.98133,16752
21/06/2026 20:48:59,5575,1.57,HUF,24.03587,16752
21/06/2026 20:52:47,5802,1.57,HUF,27.00793,16752
21/06/2026 20:52:52,5806,1.5529,GOC,27.05822,16752
21/06/2026 20:54:28,5900,1.553,HUF,28.22034,16752
21/06/2026 20:54:32,5908,1.551,HUF,28.31754,16752
21/06/2026 20:54:59,5934,1.547,HUF,28.63161,16752
21/06/2026 20:55:04,5935,1.542,HUF,28.64364,16752
21/06/2026 20:55:21,5956,1.541431,GOC,28.89523,16752
21/06/2026 20:55:26,5959,1.539,HUF,28.93103,16752
21/06/2026 20:55:31,5965,1.542,HUF,29.00251,16752
21/06/2026 20:55:35,5968,1.543,HUF,29.0382,16752
21/06/2026 20:55:39,5973,1.548,HUF,29.0976,16752
21/06/2026 20:55:54,5988,1.552,HUF,29.27522,16752
21/06/2026 20:55:59,5994,1.571,HUF,29.34601,16752
21/06/2026 20:56:03,5996,1.540337,GOC,29.36958,16752
21/06/2026 20:57:17,6071,3.822906,GOC,30.24214,16752
21/06/2026 20:57:22,6076,3.818812,GOC,30.29954,16752
21/06/2026 20:57:26,6080,3.818,HUF,30.3454,16752
21/06/2026 20:57:31,6086,3.817812,GOC,30.41407,16752
21/06/2026 20:57:36,6090,3.817,HUF,30.45977,16752
21/06/2026 20:57:40,6093,3.814,HUF,30.49401,16752
21/06/2026 20:57:44,6099,3.815,HUF,30.56239,16752
21/06/2026 20:57:47,6101,3.811437,GOC,30.58515,16752
21/06/2026 20:57:52,6106,3.812406,GOC,30.64199,16752
21/06/2026 20:57:55,6110,3.81,HUF,30.6874,16752
21/06/2026 20:58:00,6114,3.81,HUF,30.73274,16752
21/06/2026 20:58:04,6118,3.809,HUF,30.77803,16752
21/06/2026 20:58:08,6121,3.808312,GOC,30.81196,16752
21/06/2026 20:58:13,6127,3.809,HUF,30.87971,16752
21/06/2026 20:58:21,6131,3.807094,GOC,30.92481,16752
21/06/2026 20:58:25,6139,3.805,HUF,31.01482,16752
21/06/2026 20:58:30,6144,3.805,HUF,31.07096,16752
21/06/2026 20:58:34,6148,3.809,HUF,31.11581,16752
21/06/2026 20:58:39,6153,3.811,HUF,31.17179,16752
21/06/2026 20:58:43,6155,3.814,HUF,31.19415,16752
21/06/2026 20:58:52,6166,4.336563,GOC,31.3169,16752
21/06/2026 20:58:57,6169,4.243,HUF,31.3503,16752
21/06/2026 20:59:02,6172,4.218,HUF,31.38367,16752
21/06/2026 20:59:15,6188,4.770594,GOC,31.56108,16752
21/06/2026 20:59:19,6192,4.784,HUF,31.6053,16752
21/06/2026 20:59:48,6221,4.955781,GOC,31.92413,16752
21/06/2026 20:59:56,6230,4.945,HUF,32.02247,16752
21/06/2026 21:00:05,6238,4.884,HUF,32.10965,16752
21/06/2026 21:00:10,6241,4.938469,GOC,32.14228,16752
21/06/2026 21:00:19,6253,4.931,HUF,32.27251,16752
21/06/2026 21:00:24,6255,4.898,HUF,32.29417,16752
21/06/2026 21:00:40,6273,4.87,HUF,32.48844,16752
21/06/2026 21:00:51,6284,4.893,HUF,32.60662,16752
21/06/2026 21:04:24,6495,0.001,HUF,34.796,16752
21/06/2026 21:04:35,6507,0.006,HUF,34.91624,16752
21/06/2026 21:04:50,6522,0.002,HUF,35.06593,16752
21/06/2026 21:04:55,6528,0.123,HUF,35.12561,16752
21/06/2026 21:05:21,6553,0.243,HUF,35.37311,16752
21/06/2026 21:05:28,6554,0.345,HUF,35.38297,16752
21/06/2026 21:05:32,6562,0.446,HUF,35.46175,16752
21/06/2026 21:05:37,6568,0.524,HUF,35.52071,16752
21/06/2026 21:13:48,4,4.955,HUF,0,766
21/06/2026 21:13:52,9,4.951,HUF,0,1826
21/06/2026 21:13:59,15,4.958,HUF,0,1151
21/06/2026 21:14:03,20,4.954,HUF,0,825
21/06/2026 21:14:08,25,4.964,HUF,0,1415
21/06/2026 21:14:12,29,4.973,HUF,0,2812
21/06/2026 21:14:16,33,4.951,HUF,0,2619
21/06/2026 21:14:21,38,4.959,HUF,0,827
21/06/2026 21:14:25,42,4.933,HUF,0,785
21/06/2026 21:14:29,46,4.956438,GOC,0,2859
21/06/2026 21:14:33,50,4.945,HUF,0,1615
21/06/2026 21:14:38,54,4.955,HUF,0,799
21/06/2026 21:14:42,59,4.96,HUF,0,1028
21/06/2026 21:14:48,65,4.98,HUF,0,795
21/06/2026 21:14:53,69,4.965,HUF,0,791
21/06/2026 21:14:57,74,4.947,HUF,0,794
21/06/2026 21:15:02,78,4.953,HUF,0,921
21/06/2026 21:15:06,83,4.978,HUF,0,1257
21/06/2026 21:15:10,87,4.96,HUF,0,1133
21/06/2026 21:15:14,91,4.973969,GOC,0,783
21/06/2026 21:15:19,95,4.917,HUF,0,781
21/06/2026 21:15:23,100,4.953,HUF,0,795
21/06/2026 21:15:27,104,4.932,HUF,0,781
21/06/2026 21:15:31,107,4.991,HUF,0,957
21/06/2026 21:15:35,112,4.962,HUF,0,796
21/06/2026 21:15:41,117,4.98,HUF,0,788
21/06/2026 21:15:45,121,4.906188,GOC,0,803
21/06/2026 21:15:50,126,4.935156,GOC,0,822
21/06/2026 21:15:53,130,4.946,HUF,0,827
21/06/2026 21:15:57,134,4.94,HUF,0,784
21/06/2026 21:16:01,138,4.95,HUF,0,775
21/06/2026 21:16:06,142,4.895,HUF,0,791
21/06/2026 21:16:09,146,4.957344,GOC,0,786
21/06/2026 21:16:13,150,4.946,HUF,0,782
21/06/2026 21:16:17,154,4.962,HUF,0,1732
21/06/2026 21:16:21,157,4.961,HUF,0,787
21/06/2026 21:16:25,162,4.955,HUF,0,786
21/06/2026 21:16:29,165,4.971,HUF,0,786
21/06/2026 21:16:33,170,4.973,HUF,0,1023
21/06/2026 21:16:37,174,4.98,HUF,0,782
21/06/2026 21:16:41,178,4.971,HUF,0,784
21/06/2026 21:16:46,182,4.965,HUF,0,1360
21/06/2026 21:16:50,186,4.959188,GOC,0,784
21/06/2026 21:16:56,191,4.971,GOC,0,783
21/06/2026 21:17:00,197,4.968,HUF,0,964
21/06/2026 21:17:06,202,4.961,HUF,0,881
21/06/2026 21:17:10,1,4.972031,GOC,0,0
21/06/2026 21:17:14,3,4.981,HUF,0,1491
21/06/2026 21:17:36,1,4.947657,GOC,0,0
21/06/2026 21:17:41,3,4.943,HUF,0,782
21/06/2026 21:17:45,7,4.954,HUF,0,1651
21/06/2026 21:17:57,18,4.948,HUF,0,798
21/06/2026 21:18:01,23,4.939,HUF,0,783
21/06/2026 21:18:06,27,1.436556,GOC,0,793
21/06/2026 21:18:10,31,0.976056,GOC,0,779
21/06/2026 21:18:14,35,0.922056,GOC,0,795
21/06/2026 21:18:18,39,2.042056,GOC,0,798
21/06/2026 21:18:25,45,5.033281,GOC,0,786
21/06/2026 21:18:30,51,4.977375,GOC,0,873
21/06/2026 21:18:35,56,4.918094,GOC,0,1204
21/06/2026 21:18:39,60,4.908,HUF,0,781
21/06/2026 21:18:44,65,4.953,HUF,0,781
21/06/2026 21:18:49,70,4.953,HUF,0,1983
21/06/2026 21:18:55,75,4.95,HUF,0,791
21/06/2026 21:19:00,81,4.952188,GOC,0,783
21/06/2026 21:19:07,88,4.95,HUF,0,795
21/06/2026 21:19:11,92,4.937,HUF,0,779
21/06/2026 21:19:16,97,4.953,HUF,0,793
21/06/2026 21:19:22,103,4.953,HUF,0,792
21/06/2026 21:19:26,2,4.957,HUF,0,787
21/06/2026 21:19:31,3,4.945,HUF,0,2262
21/06/2026 21:19:51,1,2.474891,GOC,0,0
21/06/2026 21:19:57,3,2.479,HUF,0,784
21/06/2026 21:20:02,8,2.477,HUF,0,800
21/06/2026 21:20:07,13,2.486,HUF,0,819
21/06/2026 21:20:13,19,2.473,HUF,0,2973
21/06/2026 21:20:18,25,2.466,HUF,0,784
21/06/2026 21:20:24,30,2.479,HUF,0,1061
21/06/2026 21:20:31,37,2.474,HUF,0,788
21/06/2026 21:20:37,43,2.481,HUF,0,794
21/06/2026 21:20:42,48,2.478,HUF,0,804
21/06/2026 21:20:47,53,2.469,HUF,0,799
21/06/2026 21:20:52,58,2.486,HUF,0,789
21/06/2026 21:20:59,65,2.503,HUF,0,791
21/06/2026 21:21:05,3,2.476,HUF,0,791
21/06/2026 21:21:28,1,2.501922,GOC,0,0
21/06/2026 21:21:33,4,2.468,HUF,0,1367
21/06/2026 21:21:39,10,2.448,HUF,0,796
21/06/2026 21:21:46,15,2.483,HUF,0,1119
21/06/2026 21:21:52,23,2.466,HUF,0,1241
21/06/2026 21:21:57,28,2.48,HUF,0,1382
21/06/2026 21:22:02,34,2.481,HUF,0,794
21/06/2026 21:22:07,38,2.482,HUF,0,790
21/06/2026 21:22:13,44,2.472,HUF,0,786
21/06/2026 21:22:18,48,2.494,HUF,0,838
21/06/2026 21:22:23,54,2.482,HUF,0,783
21/06/2026 21:22:27,58,2.471,HUF,0,2653
21/06/2026 21:22:31,62,2.456,HUF,0,800
21/06/2026 21:22:35,66,2.461062,GOC,0,799
21/06/2026 21:22:41,71,2.475422,GOC,0,3221
21/06/2026 21:22:51,82,2.474,HUF,0,792
21/06/2026 21:22:55,86,2.475719,GOC,0,791
21/06/2026 21:23:00,91,2.466828,GOC,0,794
21/06/2026 21:23:05,96,2.459578,GOC,0,1531
21/06/2026 21:23:10,101,2.469531,GOC,0,789
21/06/2026 21:23:14,105,2.437,HUF,0,792
21/06/2026 21:23:19,110,2.467,HUF,0,1788
21/06/2026 21:23:24,114,2.476,HUF,0,799
21/06/2026 21:23:29,119,2.476,HUF,0,782
21/06/2026 21:23:33,124,2.464,HUF,0,1906
21/06/2026 21:23:38,129,2.481,HUF,0,804
21/06/2026 21:23:43,134,2.444,HUF,0,798
21/06/2026 21:23:47,138,2.430734,GOC,0,798
21/06/2026 21:23:52,142,2.469,HUF,0,907
21/06/2026 21:23:56,146,2.46675,GOC,0,783
21/06/2026 21:24:00,151,2.478437,GOC,0,2656
21/06/2026 21:24:05,156,2.470672,GOC,0,1519
21/06/2026 21:24:09,160,2.475,HUF,0,4352
21/06/2026 21:24:14,165,2.47,HUF,0,789
21/06/2026 21:24:19,169,2.478,HUF,0,791
21/06/2026 21:24:24,174,2.472,HUF,0,904
21/06/2026 21:24:29,180,2.469,HUF,0,1267
21/06/2026 21:24:32,183,2.472,HUF,0,909
21/06/2026 21:24:37,187,2.471,HUF,0,824
21/06/2026 21:24:41,191,2.472547,GOC,0,813
21/06/2026 21:24:46,197,2.472,HUF,0,1321
21/06/2026 21:24:51,201,2.478953,GOC,0,1810
21/06/2026 21:24:55,206,2.465984,GOC,0,830
21/06/2026 21:25:00,210,2.479,HUF,0,789
21/06/2026 21:25:05,215,2.475,HUF,0,804
21/06/2026 21:25:10,219,2.48,HUF,0,1768
21/06/2026 21:25:14,224,2.483,HUF,0,787
21/06/2026 21:25:19,229,2.473,HUF,0,791
21/06/2026 21:25:23,234,2.477,HUF,0,795
21/06/2026 21:25:27,238,2.493,HUF,0,797
21/06/2026 21:25:31,242,2.477,HUF,0,793
21/06/2026 21:25:44,254,2.48,HUF,0,787
21/06/2026 21:25:50,260,2.477,HUF,0,803
21/06/2026 21:25:55,265,2.471,HUF,0,1868
21/06/2026 21:26:01,271,2.493625,GOC,0,788
21/06/2026 21:26:06,277,2.491,HUF,0,4212
21/06/2026 21:26:10,281,2.478437,GOC,0,802
21/06/2026 21:26:15,285,2.452,HUF,0,786
21/06/2026 21:26:19,289,2.467,HUF,0,1800
21/06/2026 21:26:23,293,2.467,HUF,0,899
21/06/2026 21:26:28,298,2.473,HUF,0,787
21/06/2026 21:26:32,302,2.473,HUF,0,792
21/06/2026 21:26:36,306,2.468719,GOC,0,794
21/06/2026 21:26:42,312,2.464,HUF,0,1644
21/06/2026 21:26:48,318,2.481,HUF,0,796
21/06/2026 21:26:53,323,2.483,HUF,0,794
21/06/2026 21:26:58,328,2.486,HUF,0,782
21/06/2026 21:27:02,332,2.473,HUF,0,805
21/06/2026 21:27:06,337,2.481,HUF,0,805
21/06/2026 21:27:11,341,2.472781,GOC,0,1991
21/06/2026 21:27:15,345,2.482,HUF,0,793
21/06/2026 21:27:19,349,2.478,HUF,0,779
21/06/2026 21:27:25,354,2.487,HUF,0,788
21/06/2026 21:27:31,361,2.471781,GOC,0,1495
21/06/2026 21:27:35,366,2.479922,GOC,0,2020
21/06/2026 21:27:40,370,1.991156,GOC,0,1705
21/06/2026 21:27:44,374,2.332,HUF,0,800
21/06/2026 21:27:49,379,2.457,HUF,0,876
21/06/2026 21:27:53,383,2.496,HUF,0,801
21/06/2026 21:27:57,387,2.484,HUF,0,961
21/06/2026 21:28:02,392,2.477,HUF,0,801
21/06/2026 21:28:08,398,2.479,HUF,0,802
21/06/2026 21:28:13,403,2.476,HUF,0,789
21/06/2026 21:28:17,407,2.479,HUF,0,802
21/06/2026 21:28:22,411,2.479953,GOC,0,839
21/06/2026 21:28:27,416,2.478422,GOC,0,992
21/06/2026 21:28:31,421,2.484,GOC,0,1879
21/06/2026 21:28:35,425,2.47,HUF,0,796
21/06/2026 21:28:39,429,2.479,HUF,0,1221
21/06/2026 21:28:44,433,2.48,HUF,0,788
21/06/2026 21:28:48,438,2.477,HUF,0,3706
21/06/2026 21:28:55,444,2.472,HUF,0,2291
21/06/2026 21:28:58,448,2.475,HUF,0,1764
21/06/2026 21:29:03,452,2.476,HUF,0,789
21/06/2026 21:29:07,456,2.480734,GOC,0,792
21/06/2026 21:29:11,460,2.486,HUF,0,802
21/06/2026 21:29:15,464,2.496,HUF,0,1070
21/06/2026 21:29:19,468,2.479,HUF,0,1774
21/06/2026 21:29:23,473,2.472,HUF,0,780
21/06/2026 21:29:27,477,2.478,HUF,0,3034
21/06/2026 21:29:32,481,2.485938,GOC,0,827
21/06/2026 21:29:40,489,2.472,HUF,0,787
21/06/2026 21:29:49,497,2.474,HUF,0,948
21/06/2026 21:29:53,502,2.481,HUF,0,1920
21/06/2026 21:29:57,507,2.474,HUF,0,896
21/06/2026 21:30:01,511,2.473391,GOC,0,968
21/06/2026 21:30:06,516,2.478547,GOC,0,791
21/06/2026 21:30:10,520,2.478,HUF,0,1554
21/06/2026 21:30:15,524,2.474,HUF,0,1691
21/06/2026 21:30:19,529,2.492,HUF,0,1838
21/06/2026 21:30:23,532,2.489,HUF,0,793
21/06/2026 21:30:29,538,2.476,HUF,0,788
21/06/2026 21:30:33,542,0.018,HUF,0,793
21/06/2026 21:30:38,547,0.019,HUF,0,799
21/06/2026 21:30:42,551,0.019591,GOC,0,3011
21/06/2026 21:30:47,556,0.017325,GOC,0,802
21/06/2026 21:30:51,560,0.017,HUF,0,1791
21/06/2026 21:30:55,3,0.018,HUF,0,792
21/06/2026 21:31:19,1,0.0344,GOC,0,0
21/06/2026 21:31:23,3,0.034,HUF,0,1120
21/06/2026 21:31:28,6,0.0344,GOC,0,1741
21/06/2026 21:31:33,1,0.0344,GOC,0,0
21/06/2026 21:31:37,5,0.034,HUF,0,1817
21/06/2026 21:31:41,1,0.0344,GOC,0,0
21/06/2026 21:31:45,5,0.034,HUF,0,886
21/06/2026 21:31:50,9,0.034,HUF,0,2366
21/06/2026 21:31:56,13,0.034,HUF,0,1518
21/06/2026 21:32:01,17,0.034,HUF,0,1098
21/06/2026 21:32:06,20,0.034,HUF,0,861
21/06/2026 21:32:12,25,0.034,HUF,0,861
21/06/2026 21:32:15,29,0.034,HUF,0,798
21/06/2026 21:32:20,32,0.034,HUF,0,801
21/06/2026 21:32:25,36,0.0344,GOC,0,1039
21/06/2026 21:32:29,3,0.034,HUF,0,791
21/06/2026 21:32:53,1,4.941312,GOC,0,0
21/06/2026 21:32:58,3,4.942,HUF,0,787
21/06/2026 21:33:02,8,4.942,HUF,0,2456
21/06/2026 21:33:07,12,4.943,HUF,0,785
21/06/2026 21:33:12,17,4.943,HUF,0,923
21/06/2026 21:33:16,21,4.941755,GOC,0,5358
21/06/2026 21:33:21,26,4.942086,GOC,0,793
21/06/2026 21:33:24,30,4.943,HUF,0,789
21/06/2026 21:33:28,34,4.943,HUF,0,1646
21/06/2026 21:33:33,38,4.943,HUF,0,788
21/06/2026 21:33:38,43,4.942,HUF,0,1187
21/06/2026 21:33:42,47,4.943,HUF,0,809
21/06/2026 21:33:47,52,4.943,HUF,0,795
21/06/2026 21:33:52,57,4.944,HUF,0,1697
21/06/2026 21:33:56,61,4.944029,GOC,0,786
21/06/2026 21:34:00,65,4.944,HUF,0,1085
21/06/2026 21:34:06,69,4.943,HUF,0,1276
21/06/2026 21:34:10,75,4.944,HUF,0,796
21/06/2026 21:34:16,81,4.943222,GOC,0,798
21/06/2026 21:34:20,85,4.943,HUF,0,791
21/06/2026 21:34:25,2,4.94,HUF,0,2008
21/06/2026 21:34:30,3,4.94,HUF,0,792
21/06/2026 21:34:52,1,4.950438,GOC,0,0
21/06/2026 21:34:57,3,4.95,HUF,0,827
21/06/2026 21:35:02,9,4.948,HUF,0,1169
21/06/2026 21:35:06,14,4.947,HUF,0,786
21/06/2026 21:35:11,18,4.948,HUF,0,794
21/06/2026 21:35:16,23,4.947,HUF,0,4348
21/06/2026 21:35:21,28,4.948,HUF,0,788
21/06/2026 21:35:26,34,4.948,HUF,0,785
21/06/2026 21:35:31,38,4.948,HUF,0,792
21/06/2026 21:35:35,42,4.949,HUF,0,780
21/06/2026 21:35:41,47,4.948,HUF,0,785
21/06/2026 21:35:45,52,4.947,HUF,0,783
21/06/2026 21:35:49,56,4.946754,GOC,0,929
21/06/2026 21:35:54,60,4.948,HUF,0,792
21/06/2026 21:35:58,65,4.947,HUF,0,1419
21/06/2026 21:36:03,70,4.946,HUF,0,789
21/06/2026 21:36:08,75,4.946,HUF,0,792
21/06/2026 21:36:18,84,4.947,HUF,0,787
21/06/2026 21:36:22,89,4.946,HUF,0,782
21/06/2026 21:36:26,93,4.946,HUF,0,850
21/06/2026 21:36:31,98,4.947,HUF,0,1700
21/06/2026 21:36:36,103,4.947,HUF,0,790
21/06/2026 21:36:40,107,4.947,HUF,0,1578
21/06/2026 21:36:45,112,4.947,HUF,0,1296
21/06/2026 21:36:50,116,4.9474,GOC,0,910
21/06/2026 21:36:54,121,4.947603,GOC,0,1033
21/06/2026 21:36:59,125,4.948,HUF,0,807
21/06/2026 21:37:03,130,4.947,HUF,0,793
21/06/2026 21:37:10,136,4.946506,GOC,0,2053
21/06/2026 21:37:14,141,4.946478,GOC,0,789
21/06/2026 21:37:19,146,4.947342,GOC,0,776
21/06/2026 21:37:24,150,4.947,HUF,0,781
21/06/2026 21:37:28,155,4.947,HUF,0,829
21/06/2026 21:37:33,160,4.947,HUF,0,835
21/06/2026 21:37:38,165,4.947,HUF,0,1314
21/06/2026 21:37:44,170,4.947,HUF,0,830
21/06/2026 21:37:50,176,4.947586,GOC,0,810
21/06/2026 21:37:56,182,4.948,HUF,0,2099
21/06/2026 21:38:00,186,4.947475,GOC,0,785
21/06/2026 21:38:04,191,4.946317,GOC,0,781
21/06/2026 21:38:09,195,4.946,HUF,0,783
21/06/2026 21:38:18,204,4.638667,GOC,0,1711
21/06/2026 21:38:22,209,4.087,HUF,0,805
21/06/2026 21:38:26,213,3.815,HUF,0,790
21/06/2026 21:38:31,217,3.623,HUF,0,1097
21/06/2026 21:38:35,221,3.514896,GOC,0,782
21/06/2026 21:38:41,227,3.387,HUF,0,833
21/06/2026 21:38:46,232,3.332,HUF,0,803
21/06/2026 21:38:51,237,3.309,HUF,0,790
21/06/2026 21:38:55,241,3.309066,GOC,0,2837
21/06/2026 21:38:59,246,3.32498,GOC,0,797
21/06/2026 21:39:04,250,3.348,HUF,0,2217
21/06/2026 21:39:09,256,3.395448,GOC,0,1392
21/06/2026 21:39:14,260,3.432,HUF,0,778
21/06/2026 21:39:19,265,3.293,HUF,0,778
21/06/2026 21:39:23,269,3.002,HUF,0,2050
21/06/2026 21:39:27,273,2.764,HUF,0,1137
21/06/2026 21:39:31,277,2.57,HUF,0,772
21/06/2026 21:39:35,281,2.413031,GOC,0,778
21/06/2026 21:39:39,285,2.372,HUF,0,781
21/06/2026 21:39:43,290,2.652,HUF,0,1010
21/06/2026 21:39:48,293,2.804,HUF,0,786
21/06/2026 21:39:52,298,3.027,HUF,0,790
21/06/2026 21:39:56,302,3.182,HUF,0,1066
21/06/2026 21:40:00,306,3.316656,GOC,0,830
21/06/2026 21:40:04,310,3.435,HUF,0,783
21/06/2026 21:40:08,314,3.512,HUF,0,781
21/06/2026 21:40:12,318,3.606,HUF,0,1273
21/06/2026 21:40:17,323,3.711,HUF,0,1523
21/06/2026 21:40:21,327,3.366,HUF,0,2039
21/06/2026 21:40:26,332,2.994,HUF,0,785
21/06/2026 21:40:30,336,2.764265,GOC,0,781
21/06/2026 21:40:35,341,2.528141,GOC,0,1385
21/06/2026 21:40:39,345,2.378,HUF,0,774
21/06/2026 21:40:49,354,2.135,HUF,0,1382
21/06/2026 21:40:52,358,2.058,HUF,0,788
21/06/2026 21:40:56,362,1.995,HUF,0,3437
21/06/2026 21:41:00,366,1.944018,GOC,0,1777
21/06/2026 21:41:05,370,1.902,HUF,0,794
21/06/2026 21:41:10,375,1.86,HUF,0,2307
21/06/2026 21:41:14,379,1.834,HUF,0,832
21/06/2026 21:41:18,383,1.812,HUF,0,2302
21/06/2026 21:41:21,387,1.795,HUF,0,2098
21/06/2026 21:41:25,391,1.779937,GOC,0,829
21/06/2026 21:41:29,395,1.769,HUF,0,836
21/06/2026 21:41:33,399,1.759,HUF,0,793
21/06/2026 21:41:37,403,1.751,HUF,0,1131
21/06/2026 21:41:42,407,1.745,HUF,0,841
21/06/2026 21:41:45,411,1.739407,GOC,0,967
21/06/2026 21:41:49,415,1.735,HUF,0,784
21/06/2026 21:41:53,419,1.732,HUF,0,779
21/06/2026 21:41:58,423,1.728,HUF,0,801
21/06/2026 21:42:02,427,1.726,HUF,0,887
21/06/2026 21:42:07,432,1.722,HUF,0,790
21/06/2026 21:42:12,437,1.719,HUF,0,787
21/06/2026 21:42:16,441,1.717786,GOC,0,775
21/06/2026 21:42:20,445,1.717,HUF,0,990
21/06/2026 21:42:24,450,1.716,HUF,0,791
21/06/2026 21:42:28,453,1.715,HUF,0,1088
21/06/2026 21:42:32,457,1.714,HUF,0,780
21/06/2026 21:42:36,461,1.713801,GOC,0,788
21/06/2026 21:42:40,465,1.713,HUF,0,785
21/06/2026 21:42:44,469,1.713,HUF,0,1819
21/06/2026 21:42:49,474,1.712,HUF,0,800
21/06/2026 21:42:53,479,1.712,HUF,0,834
21/06/2026 21:42:59,484,1.711,HUF,0,778
21/06/2026 21:43:03,488,1.711,HUF,0,2937
21/06/2026 21:43:06,492,1.712,HUF,0,1083
21/06/2026 21:43:10,496,1.712218,GOC,0,1233
21/06/2026 21:43:15,500,1.711,HUF,0,3492
21/06/2026 21:43:19,504,1.71,HUF,0,793
21/06/2026 21:43:23,508,1.708,HUF,0,787
21/06/2026 21:43:26,512,1.707,HUF,0,784
21/06/2026 21:43:30,515,1.706,HUF,0,1176
21/06/2026 21:43:34,520,1.794,HUF,0,1582
21/06/2026 21:43:38,523,1.826,HUF,0,903
21/06/2026 21:43:41,526,1.880118,GOC,0,1668
21/06/2026 21:43:46,531,1.839772,GOC,0,782
21/06/2026 21:43:49,535,1.814,HUF,0,792
21/06/2026 21:44:01,4,1.742,HUF,0,794
21/06/2026 21:44:06,9,1.849,HUF,0,787
21/06/2026 21:44:11,14,1.932,HUF,0,823
21/06/2026 21:44:16,19,1.997,HUF,0,999
21/06/2026 21:44:20,23,2.037,HUF,0,813
21/06/2026 21:44:24,28,2.026,HUF,0,1155
21/06/2026 21:44:29,32,1.967,HUF,0,798
21/06/2026 21:44:33,36,1.990026,GOC,0,1494
21/06/2026 21:44:38,41,2.013505,GOC,0,1749
21/06/2026 21:44:43,46,1.786517,GOC,0,949
21/06/2026 21:44:47,50,1.999526,GOC,0,1447
21/06/2026 21:44:51,54,2.144,HUF,0,1491
21/06/2026 21:44:55,58,2.429,HUF,0,2637
21/06/2026 21:45:01,64,2.186,HUF,0,785
21/06/2026 21:45:05,68,1.976,HUF,0,2347
21/06/2026 21:45:10,73,1.778,HUF,0,783
21/06/2026 21:45:15,78,1.596,HUF,0,836
21/06/2026 21:45:20,82,1.482,HUF,0,2647
21/06/2026 21:45:24,87,1.332,HUF,0,887
21/06/2026 21:45:28,91,1.251234,GOC,0,1870
21/06/2026 21:45:32,95,1.27,HUF,0,894
21/06/2026 21:45:37,100,1.229,HUF,0,1067
21/06/2026 21:45:41,104,1.193,HUF,0,782
21/06/2026 21:45:45,108,1.303,HUF,0,832
21/06/2026 21:45:49,112,1.227,HUF,0,932
21/06/2026 21:45:53,116,1.191994,GOC,0,776
21/06/2026 21:45:57,120,1.166,HUF,0,800
21/06/2026 21:46:01,124,1.281,HUF,0,802
21/06/2026 21:46:05,128,1.367,HUF,0,3063
21/06/2026 21:46:09,132,1.295,HUF,0,2403
21/06/2026 21:46:13,136,1.327091,GOC,0,3774
21/06/2026 21:46:17,140,1.321,HUF,0,935
21/06/2026 21:46:22,144,1.271,HUF,0,1826
21/06/2026 21:46:26,149,1.279,HUF,0,3148
21/06/2026 21:46:30,153,1.363,HUF,0,1047
21/06/2026 21:46:35,157,1.406,HUF,0,785
21/06/2026 21:46:39,162,1.425,HUF,0,792
21/06/2026 21:46:43,166,1.472996,GOC,0,783
21/06/2026 21:46:47,169,1.486,HUF,0,2162
21/06/2026 21:46:51,174,1.326,HUF,0,1414
21/06/2026 21:46:56,178,1.32,HUF,0,798
21/06/2026 21:47:00,183,1.602,HUF,0,777
21/06/2026 21:47:08,190,1.697,HUF,0,1355
21/06/2026 21:47:12,195,1.892,HUF,0,790
21/06/2026 21:47:17,200,1.905,HUF,0,789
21/06/2026 21:47:21,204,1.764,HUF,0,780
21/06/2026 21:47:26,208,1.592,HUF,0,4929
21/06/2026 21:47:31,213,1.538,HUF,0,14058
21/06/2026 21:47:34,217,1.634,HUF,0,838
21/06/2026 21:47:38,221,1.665422,GOC,0,1915
21/06/2026 21:47:44,226,1.674845,GOC,0,1294
21/06/2026 21:47:47,230,1.68,HUF,0,896
21/06/2026 21:47:52,234,1.484,HUF,0,796
21/06/2026 21:47:56,238,1.325,HUF,0,3916
21/06/2026 21:48:00,242,1.282,HUF,0,789
21/06/2026 21:48:04,246,1.203262,GOC,0,795
21/06/2026 21:48:09,251,1.106953,GOC,0,6834
21/06/2026 21:48:13,255,1.021,HUF,0,800
21/06/2026 21:48:17,259,0.929,HUF,0,790
21/06/2026 21:48:23,266,1.056307,GOC,0,830
21/06/2026 21:48:27,270,1.33,HUF,0,3337
21/06/2026 21:48:31,273,1.517,HUF,0,781
21/06/2026 21:48:35,277,1.754,HUF,0,1719
21/06/2026 21:48:44,286,2.202214,GOC,0,777
21/06/2026 21:48:48,290,2.365,HUF,0,1036
21/06/2026 21:48:52,294,2.51,HUF,0,3535
21/06/2026 21:48:56,298,2.64,HUF,0,978
21/06/2026 21:49:01,303,2.786,HUF,0,774
21/06/2026 21:49:06,308,2.856,HUF,0,796
21/06/2026 21:49:10,313,2.839,HUF,0,798
21/06/2026 21:49:16,317,2.815,HUF,0,800
21/06/2026 21:49:20,322,2.786,HUF,0,806
21/06/2026 21:49:24,326,2.764114,GOC,0,1523
21/06/2026 21:49:29,331,2.738802,GOC,0,1108
21/06/2026 21:49:34,336,2.718185,GOC,0,799
21/06/2026 21:49:37,339,2.708,HUF,0,783
21/06/2026 21:49:41,343,2.696,HUF,0,793
21/06/2026 21:49:46,348,2.683,HUF,0,2147
21/06/2026 21:49:51,354,2.669,HUF,0,786
21/06/2026 21:49:57,359,2.661,HUF,0,777
21/06/2026 21:50:01,363,2.655,HUF,0,773
21/06/2026 21:50:06,368,2.649,HUF,0,787
21/06/2026 21:50:19,381,2.638288,GOC,0,793
21/06/2026 21:50:29,391,2.632636,GOC,0,1023
21/06/2026 21:50:34,395,2.631,HUF,0,787
21/06/2026 21:50:38,400,2.629,HUF,0,2131
21/06/2026 21:50:42,403,2.628,HUF,0,797
21/06/2026 21:50:47,408,2.627,HUF,0,788
21/06/2026 21:50:51,413,2.625,HUF,0,797
21/06/2026 21:50:51,372,2.645,HUF,0,778
21/06/2026 21:50:54,416,2.624449,GOC,0,2865
21/06/2026 21:50:58,420,2.624,HUF,0,2074
21/06/2026 21:51:02,424,2.623,HUF,0,975
21/06/2026 21:51:06,428,2.622,HUF,0,801
21/06/2026 21:51:10,432,2.621,HUF,0,804
21/06/2026 21:51:14,436,2.620761,GOC,0,956
21/06/2026 21:51:18,440,2.62,HUF,0,938
21/06/2026 21:51:23,445,2.619,HUF,0,1521
21/06/2026 21:51:27,449,2.619,HUF,0,789
21/06/2026 21:51:32,454,2.366,HUF,0,781
21/06/2026 21:51:36,458,1.934,HUF,0,794
21/06/2026 21:51:40,461,1.662914,GOC,0,1429
21/06/2026 21:51:44,466,1.294513,GOC,0,799
21/06/2026 21:51:48,469,1.115,HUF,0,817
21/06/2026 21:51:53,474,0.87,HUF,0,794
21/06/2026 21:51:58,478,0.715,HUF,0,786
21/06/2026 21:52:03,485,0.876,HUF,0,1048
21/06/2026 21:52:08,489,1.195,HUF,0,1972
21/06/2026 21:52:12,493,1.455,HUF,0,793
21/06/2026 21:52:16,497,1.667,HUF,0,798
21/06/2026 21:52:24,506,2.010582,GOC,0,1678
21/06/2026 21:52:29,510,2.119,HUF,0,2498
21/06/2026 21:52:33,514,2.208,HUF,0,2864
21/06/2026 21:52:38,519,2.296,HUF,0,928
21/06/2026 21:52:41,523,2.351,HUF,0,786
21/06/2026 21:52:45,527,2.396,HUF,0,897
21/06/2026 21:52:50,531,2.432864,GOC,0,797
21/06/2026 21:52:53,535,1.988,HUF,0,1222
21/06/2026 21:52:58,539,1.626,HUF,0,1703
21/06/2026 21:53:02,543,1.33,HUF,0,790
21/06/2026 21:53:06,547,1.09,HUF,0,4445
21/06/2026 21:53:11,552,0.851,HUF,0,1516
21/06/2026 21:53:14,1,0.0344,GOC,0,0
21/06/2026 21:53:18,3,0.034,HUF,0,3520
21/06/2026 21:53:41,1,0.0172,GOC,0,0
21/06/2026 21:53:46,3,0.017,HUF,0,2522
21/06/2026 21:53:51,7,0.017,HUF,0,1388
21/06/2026 21:53:55,12,0.017,HUF,0,4319
21/06/2026 21:54:00,16,0.0172,GOC,0,1055
21/06/2026 21:54:04,21,0.0172,GOC,0,793
21/06/2026 21:54:09,26,0.0172,GOC,0,796
21/06/2026 21:54:14,30,0.017,HUF,0,887
21/06/2026 21:54:18,34,0.017,HUF,0,1348
21/06/2026 21:54:23,39,0.017,HUF,0,781
21/06/2026 21:54:27,44,0.081,HUF,0,986
21/06/2026 21:54:32,48,0.306,HUF,0,802
21/06/2026 21:54:36,53,0.53,HUF,0,1479
21/06/2026 21:54:40,57,0.672,HUF,0,785
21/06/2026 21:54:44,61,0.787434,GOC,0,1443
21/06/2026 21:54:49,65,0.881,HUF,0,822
21/06/2026 21:54:53,69,0.958,HUF,0,796
21/06/2026 21:54:58,74,1.034,HUF,0,797
21/06/2026 21:55:05,81,1.112319,GOC,0,794
21/06/2026 21:55:09,85,1.146,HUF,0,1076
21/06/2026 21:55:14,90,1.179,HUF,0,797
21/06/2026 21:55:18,94,1.2,HUF,0,780
21/06/2026 21:55:22,99,1.221,HUF,0,776
21/06/2026 21:55:27,103,1.234,HUF,0,774
21/06/2026 21:55:31,107,1.245,HUF,0,829
21/06/2026 21:55:36,113,1.257,HUF,0,826
21/06/2026 21:55:41,117,1.264,HUF,0,780
21/06/2026 21:55:45,121,1.268652,GOC,0,814
21/06/2026 21:55:49,125,1.273,HUF,0,766
21/06/2026 21:55:54,130,1.277,HUF,0,936
21/06/2026 21:55:59,135,1.28,HUF,0,781
21/06/2026 21:56:03,139,1.282,HUF,0,794
21/06/2026 21:56:07,143,1.283,HUF,0,1616
21/06/2026 21:56:12,148,1.285,HUF,0,914
21/06/2026 21:56:17,153,1.285,HUF,0,788
21/06/2026 21:56:21,156,1.285697,GOC,0,1865
21/06/2026 21:56:26,162,1.286,HUF,0,776
21/06/2026 21:56:30,166,1.286088,GOC,0,780
21/06/2026 21:56:36,171,1.2863,GOC,0,1808
21/06/2026 21:56:41,177,1.286,HUF,0,2454
21/06/2026 21:56:45,180,1.286,HUF,0,1347
21/06/2026 21:56:49,185,1.286,HUF,0,801
21/06/2026 21:56:54,189,1.286,HUF,0,1080
21/06/2026 21:56:59,194,1.286,HUF,0,2467
21/06/2026 21:57:03,199,1.286,HUF,0,800
21/06/2026 21:57:08,203,1.286,HUF,0,913
21/06/2026 21:57:12,208,1.285,HUF,0,1851
21/06/2026 21:57:16,212,1.222,HUF,0,1021
21/06/2026 21:57:21,217,0.949,HUF,0,1634
21/06/2026 21:57:25,221,0.77637,GOC,0,3616
21/06/2026 21:57:30,226,0.604631,GOC,0,2123
21/06/2026 21:57:36,231,0.471743,GOC,0,829
21/06/2026 21:57:41,236,0.368917,GOC,0,2127
21/06/2026 21:57:45,1,0.0172,GOC,0,0
21/06/2026 21:57:49,3,0.017,HUF,0,1009
21/06/2026 21:58:11,1,0.0172,GOC,0,0
21/06/2026 21:58:16,3,0.017,HUF,0,820
21/06/2026 21:58:22,8,0.017,HUF,0,801
21/06/2026 21:58:27,13,0.017,HUF,0,3900
21/06/2026 21:58:31,18,0.017,HUF,0,788
21/06/2026 21:58:37,23,0.017,HUF,0,787
21/06/2026 21:58:41,28,0.017,HUF,0,788
21/06/2026 21:58:47,33,0.017,HUF,0,1549
21/06/2026 21:58:52,39,0.017,HUF,0,1101
21/06/2026 21:58:57,1,0.0172,GOC,0,0
21/06/2026 21:59:02,5,0.017,HUF,0,1024
21/06/2026 21:59:07,10,0.017,HUF,0,2279
21/06/2026 21:59:12,16,0.0172,GOC,0,781
21/06/2026 21:59:18,20,2.433,HUF,0,1390
21/06/2026 21:59:23,26,2.43211,GOC,0,848
21/06/2026 21:59:28,31,2.431153,GOC,0,2278
21/06/2026 21:59:33,37,2.43,HUF,0,1580
21/06/2026 21:59:39,42,2.429,HUF,0,1104
21/06/2026 21:59:44,47,2.428,HUF,0,786
21/06/2026 21:59:52,55,2.426,HUF,0,790
21/06/2026 22:00:04,3,2.421,HUF,0,780
21/06/2026 22:00:26,1,4.837687,GOC,0,0
21/06/2026 22:00:32,3,4.838,HUF,0,797
21/06/2026 22:00:37,8,4.837,HUF,0,810
21/06/2026 22:00:43,14,4.836,HUF,0,808
21/06/2026 22:00:48,20,4.836,HUF,0,792
21/06/2026 22:00:54,25,4.835,HUF,0,788
21/06/2026 22:00:59,30,4.834,HUF,0,2371
21/06/2026 22:01:05,37,4.832,HUF,0,795
21/06/2026 22:01:10,41,4.830639,GOC,0,1320
21/06/2026 22:01:14,46,4.829185,GOC,0,781
21/06/2026 22:01:19,50,4.828,HUF,0,789
21/06/2026 22:01:24,55,4.827,HUF,0,794
21/06/2026 22:01:28,60,4.826,HUF,0,793
21/06/2026 22:01:33,64,4.825,HUF,0,1248
21/06/2026 22:01:37,68,4.824,HUF,0,788
21/06/2026 22:01:41,73,4.822,HUF,0,878
21/06/2026 22:01:46,77,4.82,HUF,0,908
21/06/2026 22:01:51,82,4.819,HUF,0,2825
21/06/2026 22:01:55,87,4.818,HUF,0,2122
21/06/2026 22:02:01,3,4.814,HUF,0,1113
21/06/2026 22:02:25,1,4.809688,GOC,0,0
21/06/2026 22:02:30,3,4.81,HUF,0,800
21/06/2026 22:02:35,9,4.81,HUF,0,798
21/06/2026 22:02:40,14,4.81,HUF,0,800
21/06/2026 22:02:45,19,4.81,HUF,0,788
21/06/2026 22:02:51,24,4.809,HUF,0,785
21/06/2026 22:02:54,28,4.809,HUF,0,1270
21/06/2026 22:02:59,32,4.809,HUF,0,800
21/06/2026 22:03:03,37,4.808,HUF,0,800
21/06/2026 22:03:08,41,4.807467,GOC,0,781
21/06/2026 22:03:14,3,4.804,HUF,0,2267
21/06/2026 22:03:37,1,4.8065,GOC,0,0
21/06/2026 22:03:42,5,4.807,HUF,0,3789
21/06/2026 22:03:47,9,4.807,HUF,0,1310
21/06/2026 22:03:52,14,4.806,HUF,0,793
21/06/2026 22:03:56,19,4.806,HUF,0,779
21/06/2026 22:04:01,23,4.805,HUF,0,793
21/06/2026 22:04:06,28,4.803,HUF,0,800
21/06/2026 22:04:11,33,4.802,HUF,0,1079
21/06/2026 22:04:15,38,4.801,HUF,0,5066
21/06/2026 22:04:26,48,4.798,HUF,0,879
21/06/2026 22:04:30,53,4.797,HUF,0,792
21/06/2026 22:04:35,57,4.796,HUF,0,806
21/06/2026 22:04:39,62,4.795,HUF,0,793
21/06/2026 22:04:44,66,4.794168,GOC,0,797
21/06/2026 22:04:48,70,4.794,HUF,0,793
21/06/2026 22:04:53,3,4.788,HUF,0,803
21/06/2026 22:05:17,1,4.757375,GOC,0,0
21/06/2026 22:05:22,3,4.757,HUF,0,1120
21/06/2026 22:05:27,7,4.757,HUF,0,927
21/06/2026 22:05:32,12,4.757,HUF,0,4990
21/06/2026 22:05:36,16,4.75763,GOC,0,785
21/06/2026 22:05:41,22,4.757,HUF,0,796
21/06/2026 22:05:49,30,4.755,HUF,0,973
21/06/2026 22:05:54,34,4.754,HUF,0,795
21/06/2026 22:06:01,38,4.753,HUF,0,801
21/06/2026 22:06:05,46,4.750935,GOC,0,9945
21/06/2026 22:06:09,3,4.743,HUF,0,788
21/06/2026 22:06:34,1,4.757187,GOC,0,0
21/06/2026 22:06:39,3,4.757,HUF,0,809
21/06/2026 22:06:44,7,4.757,HUF,0,790
21/06/2026 22:06:48,12,4.756,HUF,0,790
21/06/2026 22:06:53,17,4.756,HUF,0,795
21/06/2026 22:06:58,21,4.755398,GOC,0,782
21/06/2026 22:07:03,26,4.75486,GOC,0,956
21/06/2026 22:07:08,31,0.0344,GOC,0,798
21/06/2026 22:07:12,35,0.034,HUF,0,794
21/06/2026 22:07:17,40,0.034,HUF,0,799
21/06/2026 22:07:21,45,0.034,HUF,0,795
21/06/2026 22:07:26,49,0.034,HUF,0,888
21/06/2026 22:07:30,54,2.533838,GOC,0,796
21/06/2026 22:07:35,59,2.534,HUF,0,789
21/06/2026 22:07:40,63,2.533,HUF,0,797
21/06/2026 22:07:44,68,2.532,HUF,0,798
21/06/2026 22:07:48,72,2.531,HUF,0,793
21/06/2026 22:07:52,76,2.530334,GOC,0,780
21/06/2026 22:07:57,80,2.529,HUF,0,795
21/06/2026 22:08:01,85,2.528,HUF,0,799
21/06/2026 22:08:06,89,2.527,HUF,0,867
21/06/2026 22:08:10,93,2.526,HUF,0,1014
21/06/2026 22:08:14,2,2.52,HUF,0,1279
21/06/2026 22:08:19,3,2.52,HUF,0,792
21/06/2026 22:08:42,1,2.525375,GOC,0,0
21/06/2026 22:08:46,4,2.525,HUF,0,777
21/06/2026 22:08:51,9,2.525,HUF,0,895
21/06/2026 22:08:56,14,2.524,HUF,0,6033
21/06/2026 22:09:00,18,2.524,HUF,0,884
21/06/2026 22:09:05,23,2.523,HUF,0,782
21/06/2026 22:09:10,28,2.523,HUF,0,1066
21/06/2026 22:09:13,32,2.522,HUF,0,1212
21/06/2026 22:09:18,36,2.521492,GOC,0,794
21/06/2026 22:09:23,3,2.519,HUF,0,3969
21/06/2026 22:09:47,1,2.517625,GOC,0,0
21/06/2026 22:09:53,4,2.518,HUF,0,1987
21/06/2026 22:09:59,10,2.518,HUF,0,789
21/06/2026 22:10:04,15,2.517,HUF,0,782
21/06/2026 22:10:08,19,2.517,HUF,0,797
21/06/2026 22:10:13,24,2.517,HUF,0,796
21/06/2026 22:10:18,29,2.516,HUF,0,789
21/06/2026 22:10:23,34,2.516,HUF,0,789
21/06/2026 22:10:29,40,2.515,HUF,0,966
21/06/2026 22:10:35,46,2.514233,GOC,0,802
21/06/2026 22:10:41,52,2.514,HUF,0,805
21/06/2026 22:10:46,57,2.513,HUF,0,802
21/06/2026 22:10:51,62,2.513,HUF,0,2212
21/06/2026 22:10:55,67,2.512,HUF,0,816
21/06/2026 22:11:00,71,2.511634,GOC,0,902
21/06/2026 22:11:06,77,2.511,HUF,0,787
21/06/2026 22:11:11,82,2.51,HUF,0,2938
21/06/2026 22:11:17,88,2.51,HUF,0,799
21/06/2026 22:11:22,93,2.51,HUF,0,3491
21/06/2026 22:11:26,3,2.508,HUF,0,792
21/06/2026 22:11:49,1,2.510625,GOC,0,0
21/06/2026 22:11:54,3,2.511,HUF,0,802
21/06/2026 22:12:00,9,2.511,HUF,0,800
21/06/2026 22:12:08,17,0.047,HUF,0,1558
21/06/2026 22:12:16,25,3.379,HUF,0,1950
21/06/2026 22:12:20,29,3.379,HUF,0,3248
21/06/2026 22:12:24,33,3.378,HUF,0,799
21/06/2026 22:12:28,3,3.374,HUF,0,2145
21/06/2026 22:12:52,1,3.366563,GOC,0,0
21/06/2026 22:12:58,4,3.367,HUF,0,781
21/06/2026 22:13:02,9,3.366,HUF,0,2385
21/06/2026 22:13:07,13,3.366,HUF,0,809
21/06/2026 22:13:12,18,3.366,HUF,0,800
21/06/2026 22:13:15,22,3.366,HUF,0,792
21/06/2026 22:13:20,26,0.048,GOC,0,792
21/06/2026 22:13:25,31,2.514306,GOC,0,785
21/06/2026 22:13:30,36,2.513179,GOC,0,791
21/06/2026 22:13:35,41,2.512259,GOC,0,942
21/06/2026 22:13:40,46,2.511438,GOC,0,822
21/06/2026 22:13:44,51,2.510642,GOC,0,785
21/06/2026 22:13:48,55,2.51,HUF,0,1907
21/06/2026 22:13:53,59,2.509,HUF,0,883
21/06/2026 22:13:57,64,2.508,HUF,0,800
21/06/2026 22:14:02,68,2.508,HUF,0,1670
21/06/2026 22:14:07,73,2.507,HUF,0,798
21/06/2026 22:14:12,78,2.506,HUF,0,789
21/06/2026 22:14:16,83,2.506,HUF,0,843
21/06/2026 22:14:21,87,2.505,HUF,0,2141
21/06/2026 22:14:26,92,3.36525,GOC,0,1016
21/06/2026 22:14:30,96,3.36504,GOC,0,1456
21/06/2026 22:14:34,100,3.365,HUF,0,790
21/06/2026 22:14:39,105,3.364,HUF,0,785
21/06/2026 22:14:43,109,3.363,HUF,0,795
21/06/2026 22:14:48,114,3.363,HUF,0,797
21/06/2026 22:14:52,118,3.362,HUF,0,802
21/06/2026 22:14:57,123,3.362,HUF,0,798
21/06/2026 22:15:02,128,3.361,HUF,0,2681
21/06/2026 22:15:08,133,3.36,HUF,0,1370
21/06/2026 22:15:12,138,3.36,HUF,0,854
21/06/2026 22:15:16,142,3.359,HUF,0,968
21/06/2026 22:15:22,148,3.358,HUF,0,839
21/06/2026 22:15:26,152,3.357,HUF,0,1070
21/06/2026 22:15:31,3,3.353,HUF,0,804
21/06/2026 22:15:54,1,3.33625,GOC,0,0
21/06/2026 22:15:59,3,3.336,HUF,0,1326
21/06/2026 22:16:03,7,3.336,HUF,0,779
21/06/2026 22:16:08,12,3.336,HUF,0,789
21/06/2026 22:16:13,17,3.336,HUF,0,793
21/06/2026 22:16:20,23,3.336,HUF,0,1715
21/06/2026 22:16:24,28,3.335,HUF,0,787
21/06/2026 22:16:29,33,3.335,HUF,0,796
21/06/2026 22:16:33,37,3.333,HUF,0,787
21/06/2026 22:16:37,41,3.332248,GOC,0,794
21/06/2026 22:16:42,46,3.330889,GOC,0,796
21/06/2026 22:16:46,50,3.33,HUF,0,796
21/06/2026 22:16:51,54,3.329,HUF,0,792
21/06/2026 22:16:55,59,3.327,HUF,0,788
21/06/2026 22:17:00,64,3.326,HUF,0,789
21/06/2026 22:17:05,69,0.048,HUF,0,794
21/06/2026 22:17:10,73,0.048,HUF,0,2368
21/06/2026 22:17:14,78,4.746,HUF,0,913
21/06/2026 22:17:19,82,4.741625,GOC,0,2695
21/06/2026 22:17:24,87,4.741,HUF,0,898
21/06/2026 22:17:29,93,4.739,HUF,0,1491
21/06/2026 22:17:34,97,4.738,HUF,0,798
21/06/2026 22:17:39,102,4.737,HUF,0,1205
21/06/2026 22:17:44,107,4.737,HUF,0,797
21/06/2026 22:17:50,113,4.735,HUF,0,827
21/06/2026 22:17:54,117,4.734,HUF,0,801
21/06/2026 22:18:01,124,4.733,HUF,0,790
21/06/2026 22:18:06,129,4.732,HUF,0,784
21/06/2026 22:18:12,135,4.73,HUF,0,797
21/06/2026 22:18:17,140,4.728,HUF,0,792
21/06/2026 22:18:23,145,4.726,HUF,0,1800
21/06/2026 22:18:28,151,4.723307,GOC,0,3168
21/06/2026 22:18:34,157,4.721,HUF,0,788
21/06/2026 22:18:39,162,4.719,HUF,0,787
21/06/2026 22:18:47,167,4.718,HUF,0,793
21/06/2026 22:18:54,175,4.715,HUF,0,801
21/06/2026 22:19:01,184,4.712,HUF,0,798
21/06/2026 22:19:06,189,4.71,HUF,0,794
21/06/2026 22:19:11,193,4.709,HUF,0,794
21/06/2026 22:19:15,199,4.708,HUF,0,1151
21/06/2026 22:19:20,203,4.707,HUF,0,2055
21/06/2026 22:19:25,208,4.706,HUF,0,839
21/06/2026 22:19:29,212,4.706,HUF,0,800
21/06/2026 22:19:34,217,4.705,HUF,0,793
21/06/2026 22:19:41,225,4.703,HUF,0,796
21/06/2026 22:19:45,228,4.702,HUF,0,1692
21/06/2026 22:19:50,233,4.701,HUF,0,794
21/06/2026 22:19:54,237,4.7,HUF,0,786
21/06/2026 22:19:58,241,4.699483,GOC,0,794
21/06/2026 22:20:02,245,4.699,HUF,0,796
21/06/2026 22:20:07,249,4.698,HUF,0,1356
21/06/2026 22:20:12,254,4.696,HUF,0,799
21/06/2026 22:20:16,258,4.695,HUF,0,1346
21/06/2026 22:20:20,263,4.694,HUF,0,1121
21/06/2026 22:20:24,267,4.693,HUF,0,796
21/06/2026 22:20:28,271,4.691409,GOC,0,2613
21/06/2026 22:20:32,275,4.69,HUF,0,782
21/06/2026 22:20:37,280,4.689,HUF,0,1173
21/06/2026 22:20:42,285,4.689,HUF,0,787
21/06/2026 22:20:49,292,4.687,HUF,0,787
21/06/2026 22:20:54,296,4.68688,GOC,0,5100
21/06/2026 22:20:58,301,4.68566,GOC,0,3227
21/06/2026 22:21:03,305,4.685,HUF,0,803
21/06/2026 22:21:08,311,4.682486,GOC,0,787
21/06/2026 22:21:13,316,4.681056,GOC,0,798
21/06/2026 22:21:17,320,4.68,HUF,0,910
21/06/2026 22:21:22,324,4.679,HUF,0,1330
21/06/2026 22:21:26,329,4.678,HUF,0,794
21/06/2026 22:21:30,333,4.677,HUF,0,796
21/06/2026 22:21:35,338,4.676,HUF,0,4608
21/06/2026 22:21:49,352,4.673,HUF,0,1620
21/06/2026 22:21:53,356,4.671952,GOC,0,783
21/06/2026 22:21:58,360,4.671,HUF,0,788
21/06/2026 22:22:02,364,4.67,HUF,0,1641
21/06/2026 22:22:06,368,4.669,HUF,0,785
21/06/2026 22:22:12,374,4.667,HUF,0,918
21/06/2026 22:22:16,379,4.666,HUF,0,1244
21/06/2026 22:22:20,383,4.664,HUF,0,1212
21/06/2026 22:22:24,387,4.663,HUF,0,3784
21/06/2026 22:22:29,391,4.662489,GOC,0,957
21/06/2026 22:22:26,342,4.675,HUF,0,2806
21/06/2026 22:22:33,396,4.66149,GOC,0,792
21/06/2026 22:22:39,401,4.660566,GOC,0,2148
21/06/2026 22:22:43,405,4.66,HUF,0,1130
21/06/2026 22:22:48,410,4.659,HUF,0,1562
21/06/2026 22:22:52,415,4.657,HUF,0,4333
21/06/2026 22:22:56,418,4.657,HUF,0,797
21/06/2026 22:23:00,422,4.656,HUF,0,1314
21/06/2026 22:23:05,427,4.654,HUF,0,2908
21/06/2026 22:23:08,431,4.653305,GOC,0,792
21/06/2026 22:23:13,435,4.652,HUF,0,1785
21/06/2026 22:23:17,439,4.652,HUF,0,3739
21/06/2026 22:23:23,445,4.65,HUF,0,786
21/06/2026 22:23:27,449,4.649,HUF,0,2942
21/06/2026 22:23:32,454,4.648,HUF,0,859
21/06/2026 22:23:38,459,4.647,HUF,0,804
21/06/2026 22:23:42,464,4.646,HUF,0,798
21/06/2026 22:23:48,470,4.644,HUF,0,789
21/06/2026 22:23:52,474,4.644,HUF,0,1571
21/06/2026 22:23:56,478,4.643,HUF,0,2043
21/06/2026 22:24:00,482,4.642,HUF,0,793
21/06/2026 22:24:05,487,4.641,HUF,0,788
21/06/2026 22:24:10,492,4.639,HUF,0,793
21/06/2026 22:24:15,497,4.638,HUF,0,794
21/06/2026 22:24:19,501,4.636873,GOC,0,785
21/06/2026 22:24:24,506,4.635675,GOC,0,799
21/06/2026 22:24:28,510,4.635,HUF,0,808
21/06/2026 22:24:32,514,4.634,HUF,0,788
21/06/2026 22:24:37,518,4.633,HUF,0,1307
21/06/2026 22:24:42,523,4.632,HUF,0,1452
21/06/2026 22:24:46,528,4.631,HUF,0,1254
21/06/2026 22:24:50,532,4.631,HUF,0,794
21/06/2026 22:24:55,536,4.629765,GOC,0,3341
21/06/2026 22:24:59,540,4.629,HUF,0,801
21/06/2026 22:25:03,545,4.628,HUF,0,789
21/06/2026 22:25:07,548,4.627,HUF,0,792
21/06/2026 22:25:11,553,4.626,HUF,0,2586
21/06/2026 22:25:16,558,4.625,HUF,0,795
21/06/2026 22:25:21,562,4.624,HUF,0,797
21/06/2026 22:25:25,567,4.623,HUF,0,792
21/06/2026 22:25:30,571,4.622099,GOC,0,1927
21/06/2026 22:25:34,576,4.621111,GOC,0,789
21/06/2026 22:25:39,580,4.62,HUF,0,790
21/06/2026 22:25:43,585,4.618,HUF,0,793
21/06/2026 22:25:47,589,4.617,HUF,0,2836
21/06/2026 22:25:52,593,4.615,HUF,0,1053
21/06/2026 22:25:57,598,4.614,HUF,0,786
21/06/2026 22:26:00,602,4.613,HUF,0,794
21/06/2026 22:26:04,606,4.611971,GOC,0,1509
21/06/2026 22:26:09,610,4.611,HUF,0,1155
21/06/2026 22:26:14,615,4.61,HUF,0,798
21/06/2026 22:26:18,620,4.609,HUF,0,777
21/06/2026 22:26:23,624,4.608,HUF,0,785
21/06/2026 22:26:28,629,4.607,HUF,0,882
21/06/2026 22:26:33,634,4.606,HUF,0,800
21/06/2026 22:26:37,638,4.605,HUF,0,797
21/06/2026 22:26:42,643,4.604,HUF,0,801
21/06/2026 22:27:14,674,0,HUF,2.522255,14314
21/06/2026 22:27:18,679,4.597,HUF,2.503682,1728
21/06/2026 22:27:22,683,4.596,HUF,2.489019,801
21/06/2026 22:27:26,687,4.595,HUF,2.474527,805
21/06/2026 22:27:30,691,4.594339,GOC,2.460203,2339
21/06/2026 22:27:34,695,4.594,HUF,2.446043,804
21/06/2026 22:27:39,700,4.592,HUF,2.428571,789
21/06/2026 22:27:44,705,4.591,HUF,2.411347,1383
21/06/2026 22:27:48,709,4.59,HUF,2.397743,802
21/06/2026 22:27:52,713,4.589,HUF,2.384292,1148
21/06/2026 22:27:56,717,4.588,HUF,2.37099,1054
21/06/2026 22:28:00,721,4.58684,GOC,2.357836,796
21/06/2026 22:28:04,725,4.586,HUF,2.344828,2439
21/06/2026 22:28:08,729,4.585,HUF,2.331961,1610
21/06/2026 22:28:12,733,4.584,HUF,2.319236,788
21/06/2026 22:28:16,737,4.583,HUF,2.306648,2742
21/06/2026 22:28:20,741,4.581979,GOC,2.294197,849
21/06/2026 22:28:25,746,4.580886,GOC,2.278821,804
21/06/2026 22:28:29,750,4.58,HUF,2.266667,797
21/06/2026 22:28:34,755,4.579,HUF,2.251656,802
21/06/2026 22:28:37,758,4.579,HUF,2.242744,784
21/06/2026 22:28:42,763,4.578,HUF,2.228047,799
21/06/2026 22:28:46,767,4.578,HUF,2.216428,797
21/06/2026 22:28:50,771,4.577195,GOC,2.204929,791
21/06/2026 22:28:54,775,4.577,HUF,2.193548,798
21/06/2026 22:28:59,780,4.576,HUF,2.179487,1252
21/06/2026 22:29:04,785,4.575,HUF,2.165605,3838
21/06/2026 22:29:08,789,4.575,HUF,2.154626,1542
21/06/2026 22:29:17,797,4.573,HUF,2.132999,4865
21/06/2026 22:29:21,802,4.572,HUF,2.119701,784
21/06/2026 22:29:25,806,4.571676,GOC,2.109181,788
21/06/2026 22:29:31,811,4.570905,GOC,2.096178,1383
21/06/2026 22:29:35,815,4.57,HUF,2.08589,983
21/06/2026 22:29:39,819,4.569,HUF,2.075702,804
21/06/2026 22:29:43,824,4.567,HUF,2.063107,859
21/06/2026 22:29:47,828,4.566,HUF,2.05314,798
21/06/2026 22:29:51,832,4.565,HUF,2.043269,883
21/06/2026 22:29:56,836,4.563847,GOC,2.033493,924
21/06/2026 22:30:00,841,4.562503,GOC,2.021403,1577
21/06/2026 22:30:04,845,4.561,HUF,2.011834,878
21/06/2026 22:30:08,849,4.56,HUF,2.002356,798
21/06/2026 22:30:12,853,4.559,HUF,1.992966,799
21/06/2026 22:30:16,857,4.558,HUF,1.983664,791
21/06/2026 22:30:20,860,4.557,HUF,1.976744,802
21/06/2026 22:30:24,864,4.556,HUF,1.967592,3539
21/06/2026 22:30:29,869,4.555,HUF,1.956272,797
21/06/2026 22:30:33,873,4.554,HUF,1.947308,792
21/06/2026 22:30:37,877,4.554,HUF,1.938426,2926
21/06/2026 22:30:43,883,4.553,HUF,1.925255,792
21/06/2026 22:30:48,888,4.552,HUF,1.914414,792
21/06/2026 22:30:52,892,4.551,HUF,1.90583,807
21/06/2026 22:30:56,896,4.550337,GOC,1.897321,1549
21/06/2026 22:31:01,901,4.549449,GOC,1.886792,4110
21/06/2026 22:31:05,905,4.549,HUF,1.878453,3861
21/06/2026 22:31:10,910,4.548,HUF,1.868132,794
21/06/2026 22:31:15,915,4.547,HUF,1.857924,1598
21/06/2026 22:31:19,919,4.546,HUF,1.849837,789
21/06/2026 22:31:24,924,4.545,HUF,1.839827,800
21/06/2026 22:31:28,928,4.544,HUF,1.831897,905
21/06/2026 22:31:33,933,4.543,HUF,1.822079,806
21/06/2026 22:31:37,938,4.542,HUF,1.812367,920
21/06/2026 22:31:41,942,4.541,HUF,1.804671,1315
21/06/2026 22:31:46,946,4.540464,GOC,1.79704,782
21/06/2026 22:31:50,950,4.54,HUF,1.789474,849
21/06/2026 22:31:54,954,4.539,HUF,1.781971,932
21/06/2026 22:31:59,958,4.538,HUF,1.77453,3514
21/06/2026 22:32:03,963,4.537,HUF,1.765317,807
21/06/2026 22:32:08,968,4.536,HUF,1.756198,1543
21/06/2026 22:32:13,973,4.534,HUF,1.747174,1237
21/06/2026 22:32:19,976,4.533247,GOC,1.741803,787
21/06/2026 22:32:23,982,4.531,HUF,1.731161,1532
21/06/2026 22:32:29,987,4.53,HUF,1.722391,2560
21/06/2026 22:32:35,994,4.528,HUF,1.710262,803
21/06/2026 22:32:39,999,4.527,HUF,1.701702,1010
21/06/2026 22:32:44,1003,4.526,HUF,1.694915,794
21/06/2026 22:32:49,1008,4.526,HUF,1.686508,4737
21/06/2026 22:32:53,1013,4.525,HUF,1.678184,2410
21/06/2026 22:33:04,1023,4.523,HUF,1.661779,788
21/06/2026 22:33:08,1028,4.522,HUF,1.653696,1034
21/06/2026 22:33:13,1032,4.521,HUF,1.647287,796
21/06/2026 22:33:18,1037,4.52,HUF,1.639344,1256
21/06/2026 22:33:22,1042,4.52,HUF,1.631478,1355
21/06/2026 22:33:28,1047,4.519,HUF,1.623687,816
21/06/2026 22:33:33,1052,4.517,HUF,1.61597,1985
21/06/2026 22:33:38,1056,4.515617,GOC,1.609848,994
21/06/2026 22:33:44,1063,4.512,HUF,1.599247,794
21/06/2026 22:33:49,1068,4.509,HUF,1.59176,1072
21/06/2026 22:33:53,1073,4.506,HUF,1.584343,2186
21/06/2026 22:33:58,1077,4.504,HUF,1.578459,800
21/06/2026 22:34:03,1082,4.502,HUF,1.571164,1372
21/06/2026 22:34:07,1087,4.5,HUF,1.563937,877
21/06/2026 22:34:14,1091,4.498854,GOC,1.558204,1317
21/06/2026 22:34:20,1099,4.497,HUF,1.546861,3286
21/06/2026 22:34:37,1116,4.493742,GOC,1.523297,1516
21/06/2026 22:34:42,1121,4.493074,GOC,1.516503,788
21/06/2026 22:35:08,1148,4.488,HUF,1.480836,5948
21/06/2026 22:35:14,1153,4.487,HUF,1.474415,910
21/06/2026 22:35:20,1159,4.485,HUF,1.466782,787
21/06/2026 22:35:25,1164,4.484,HUF,1.460481,889
21/06/2026 22:35:30,1169,4.482,HUF,1.454234,786
21/06/2026 22:35:34,1174,4.48,HUF,1.448041,1552
21/06/2026 22:35:39,1179,4.479,HUF,1.4419,812
21/06/2026 22:35:44,1183,4.478,HUF,1.437024,801
21/06/2026 22:35:49,1188,4.477,HUF,1.430976,1006
21/06/2026 22:35:53,1192,4.476,HUF,1.426175,824
21/06/2026 22:35:58,1197,4.475,HUF,1.420217,3907
21/06/2026 22:36:04,1203,4.474,HUF,1.413134,843
21/06/2026 22:36:09,1208,4.473,HUF,1.407285,1033
21/06/2026 22:36:14,1213,4.472,HUF,1.401484,796
21/06/2026 22:36:18,1217,4.471,HUF,1.396878,1358
21/06/2026 22:36:22,1221,4.469896,GOC,1.392301,7668
21/06/2026 22:36:28,1227,4.469,HUF,1.385493,2015
21/06/2026 22:36:33,1230,4.468,HUF,1.382114,802
21/06/2026 22:36:38,1237,4.467,HUF,1.374293,1837
21/06/2026 22:36:45,1243,4.466,HUF,1.367659,4756
21/06/2026 22:36:48,1247,4.465,HUF,1.363272,1608
21/06/2026 22:36:54,1252,4.465,HUF,1.357828,798
21/06/2026 22:36:59,1257,4.464,HUF,1.352426,891
21/06/2026 22:37:04,1262,4.463,HUF,1.347068,5062
21/06/2026 22:37:09,1268,4.462,HUF,1.340694,798
21/06/2026 22:37:16,1273,4.461,HUF,1.335428,1260
21/06/2026 22:37:22,1280,4.46,HUF,1.328125,1302
21/06/2026 22:37:27,1285,4.459,HUF,1.322957,790
21/06/2026 22:37:32,1291,4.456953,GOC,1.316809,801
21/06/2026 22:37:37,1296,4.455089,GOC,1.311728,1453
21/06/2026 22:37:42,1300,4.454,HUF,1.307692,1069
21/06/2026 22:37:47,1306,4.452169,GOC,1.301684,799
21/06/2026 22:37:52,1311,4.450778,GOC,1.29672,1357
21/06/2026 22:37:56,1315,4.45,HUF,1.292776,800
21/06/2026 22:38:00,1319,4.449,HUF,1.288855,806
21/06/2026 22:38:05,1324,4.448,HUF,1.283988,3764
21/06/2026 22:38:11,1330,4.447,HUF,1.278196,3925
21/06/2026 22:38:16,1334,4.446,HUF,1.274363,786
21/06/2026 22:38:21,1339,4.445,HUF,1.269604,800
21/06/2026 22:38:25,1343,4.444,HUF,1.265823,796
21/06/2026 22:38:31,1349,4.443,HUF,1.260193,799
21/06/2026 22:38:39,1354,4.442,HUF,1.255539,3928
21/06/2026 22:38:45,1363,4.44,HUF,1.247249,900
21/06/2026 22:38:49,1368,4.439,HUF,1.24269,1475
21/06/2026 22:38:54,1372,4.438,HUF,1.239067,6077
21/06/2026 22:38:58,1377,4.437,HUF,1.234568,3184
21/06/2026 22:39:03,1381,4.436385,GOC,1.230992,3383
21/06/2026 22:39:07,1385,4.436,HUF,1.227437,2118
21/06/2026 22:39:12,1390,4.435,HUF,1.223022,788
21/06/2026 22:39:17,1395,4.434,HUF,1.218638,1779
21/06/2026 22:39:22,1400,4.434,HUF,1.214286,9485
21/06/2026 22:39:28,1405,4.433,HUF,1.209964,792
21/06/2026 22:39:34,1412,4.432,HUF,1.203966,6918
21/06/2026 22:39:49,1424,4.43,HUF,1.19382,788
21/06/2026 22:40:06,1444,0,HUF,1.731302,18746
21/06/2026 22:40:15,1453,4.421,HUF,1.720578,796
21/06/2026 22:40:19,1458,4.419,HUF,1.714678,933
21/06/2026 22:40:24,1462,4.418,HUF,1.709986,1786
21/06/2026 22:40:28,1466,4.417655,GOC,1.705321,1762
21/06/2026 22:40:32,1470,4.417,HUF,1.70068,805
21/06/2026 22:40:37,1475,4.416,HUF,1.694915,1118
21/06/2026 22:40:41,1479,4.415,HUF,1.690331,789
21/06/2026 22:40:45,1483,4.415,HUF,1.685772,795
21/06/2026 22:40:49,1487,4.414,HUF,1.681237,1275
21/06/2026 22:40:53,1491,4.413496,GOC,1.676727,790
21/06/2026 22:40:57,1495,4.413,HUF,1.672241,792
21/06/2026 22:41:00,1498,4.413,HUF,1.668892,1828
21/06/2026 22:41:05,1502,4.412,HUF,1.664447,7755
21/06/2026 22:41:09,1508,4.411,HUF,1.657825,794
21/06/2026 22:41:13,1511,4.410648,GOC,1.654534,1125
21/06/2026 22:41:18,1516,4.409676,GOC,1.649076,1077
21/06/2026 22:41:22,1520,4.409,HUF,1.644737,800
21/06/2026 22:41:26,1524,4.408,HUF,1.64042,1724
21/06/2026 22:41:30,1528,4.407,HUF,1.636126,2330
21/06/2026 22:41:34,1532,4.405,HUF,1.631854,788
21/06/2026 22:41:38,1536,4.403998,GOC,1.627604,1014
21/06/2026 22:41:43,1541,4.402646,GOC,1.622323,795
21/06/2026 22:41:46,1544,4.402,HUF,1.619171,786
21/06/2026 22:41:50,1548,4.401,HUF,1.614987,4061
21/06/2026 22:41:55,1552,4.4,HUF,1.610825,802
21/06/2026 22:41:58,1556,4.399036,GOC,1.606684,799
21/06/2026 22:42:02,1560,4.398,HUF,1.602564,887
21/06/2026 22:42:06,1564,4.397,HUF,1.598465,790
21/06/2026 22:42:10,1567,4.396,HUF,1.595405,782
21/06/2026 22:42:14,1572,4.395,HUF,1.590331,1788
21/06/2026 22:42:18,1576,4.39324,GOC,1.586294,1829
21/06/2026 22:42:23,1580,4.392,HUF,1.582278,2429
21/06/2026 22:42:26,1584,4.391,HUF,1.578283,797
21/06/2026 22:42:31,1588,4.39,HUF,1.574307,2456
21/06/2026 22:42:35,1593,4.388,HUF,1.569366,1251
21/06/2026 22:42:40,1597,4.388,HUF,1.565435,1914
21/06/2026 22:42:43,1601,4.386815,GOC,1.561524,822
21/06/2026 22:42:47,1605,4.386,HUF,1.557632,792
21/06/2026 22:42:51,1609,4.386,HUF,1.55376,868
21/06/2026 22:42:55,1613,4.385,HUF,1.549907,833
21/06/2026 22:42:59,1616,4.384429,GOC,1.54703,796
21/06/2026 22:43:02,1620,4.384,HUF,1.54321,1004
21/06/2026 22:43:07,1624,4.383,HUF,1.539409,789
21/06/2026 22:43:10,1628,4.383,HUF,1.535627,788
21/06/2026 22:43:14,1632,4.382,HUF,1.531863,795
21/06/2026 22:43:19,1636,4.381237,GOC,1.528117,783
21/06/2026 22:43:24,1641,4.380327,GOC,1.523461,786
21/06/2026 22:43:28,1645,4.38,HUF,1.519757,1182
21/06/2026 22:43:32,1649,4.379,HUF,1.51607,795
21/06/2026 22:43:38,1655,4.378,HUF,1.510574,800
21/06/2026 22:43:43,1660,4.377,HUF,1.506024,787
21/06/2026 22:43:47,1664,4.376,HUF,1.502404,788
21/06/2026 22:43:51,1669,4.375,HUF,1.497903,967
21/06/2026 22:43:55,1672,4.374,HUF,1.495215,787
21/06/2026 22:43:59,1676,4.373164,GOC,1.491647,789
21/06/2026 22:44:03,1680,4.372,HUF,1.488095,1810
21/06/2026 22:44:07,1684,4.371,HUF,1.484561,805
21/06/2026 22:44:11,1688,4.371,HUF,1.481043,3473
21/06/2026 22:44:15,1692,4.37,HUF,1.477541,799
21/06/2026 22:44:20,1696,4.368838,GOC,1.474057,803
21/06/2026 22:44:24,1701,4.367685,GOC,1.469724,788
21/06/2026 22:44:28,1705,4.367,HUF,1.466276,794
21/06/2026 22:44:32,1709,4.366,HUF,1.462844,786
21/06/2026 22:44:36,1713,4.365,HUF,1.459428,882
21/06/2026 22:44:39,1717,4.364,HUF,1.456028,796
21/06/2026 22:44:43,1720,4.364,HUF,1.453488,810
21/06/2026 22:44:47,1725,4.363,HUF,1.449275,794
21/06/2026 22:44:51,1729,4.362,HUF,1.445922,800
21/06/2026 22:44:55,1732,4.362,HUF,1.443418,3301
21/06/2026 22:45:00,1737,4.361,HUF,1.439263,793
21/06/2026 22:45:04,1741,4.360229,GOC,1.435956,795
21/06/2026 22:45:09,1746,4.359289,GOC,1.431844,786
21/06/2026 22:45:13,1750,4.358,HUF,1.428571,789
21/06/2026 22:45:17,1754,4.357,HUF,1.425314,789
21/06/2026 22:45:22,1759,4.356,HUF,1.421262,802
21/06/2026 22:45:26,1763,4.355,HUF,1.418037,1274
21/06/2026 22:45:31,1768,4.354,HUF,1.414027,799
21/06/2026 22:45:35,1772,4.353,HUF,1.410835,1228
21/06/2026 22:45:39,1776,4.352036,GOC,1.407658,1382
21/06/2026 22:45:44,1781,4.350768,GOC,1.403706,1791
21/06/2026 22:45:49,1785,4.35,HUF,1.40056,797
21/06/2026 22:45:53,1790,4.349,HUF,1.396648,851
21/06/2026 22:45:57,1794,4.348,HUF,1.393534,788
21/06/2026 22:46:02,1798,4.347,HUF,1.390434,794
21/06/2026 22:46:07,1803,4.345,HUF,1.386578,793
21/06/2026 22:46:11,1807,4.344,HUF,1.383509,789
21/06/2026 22:46:15,1812,4.343,HUF,1.379691,2186
21/06/2026 22:46:19,1816,4.342422,GOC,1.376652,923
21/06/2026 22:46:24,1820,4.342,HUF,1.373626,795
21/06/2026 22:46:27,1824,4.341,HUF,1.370614,799
21/06/2026 22:46:32,1829,4.34,HUF,1.366867,3451
21/06/2026 22:46:37,1833,4.339,HUF,1.363884,791
21/06/2026 22:46:41,1837,4.338,HUF,1.360915,796
21/06/2026 22:46:45,1842,4.337,HUF,1.35722,795
21/06/2026 22:46:51,1847,4.336,HUF,1.353546,966
21/06/2026 22:46:55,1852,4.335,HUF,1.349892,783
21/06/2026 22:46:59,1856,4.334099,GOC,1.346983,797
21/06/2026 22:47:04,1860,4.333,HUF,1.344086,802
21/06/2026 22:47:08,1865,4.333,HUF,1.340483,1299
21/06/2026 22:47:12,1869,4.332,HUF,1.337614,812
21/06/2026 22:47:17,1873,4.331,HUF,1.334757,806
21/06/2026 22:47:21,1877,4.331,HUF,1.331913,804
21/06/2026 22:47:25,1882,4.33,HUF,1.328374,1491
21/06/2026 22:47:29,1886,4.329308,GOC,1.325557,785
21/06/2026 22:47:34,1890,4.329,HUF,1.322751,798
21/06/2026 22:47:38,1894,4.328,HUF,1.319958,797
21/06/2026 22:47:42,1898,4.328,HUF,1.317176,947
21/06/2026 22:47:46,1903,4.327,HUF,1.313715,796
21/06/2026 22:47:51,1907,4.326,HUF,1.31096,795
21/06/2026 22:47:55,1912,4.325,HUF,1.307531,798
21/06/2026 22:48:00,1916,4.324764,GOC,1.304802,1402
21/06/2026 22:48:04,1920,4.324,HUF,1.302083,1595
21/06/2026 22:48:08,1924,4.323,HUF,1.299376,791
21/06/2026 22:48:13,1929,4.322,HUF,1.296008,809
21/06/2026 22:48:17,1933,4.321,HUF,1.293326,806
21/06/2026 22:48:22,1938,4.32,HUF,1.28999,893
21/06/2026 22:48:27,1943,4.319,HUF,1.28667,816
21/06/2026 22:48:31,1947,4.318,HUF,1.284027,803
21/06/2026 22:48:35,1951,4.31697,GOC,1.281394,802
21/06/2026 22:48:39,1955,4.316,HUF,1.278772,799
21/06/2026 22:48:43,1959,4.315,HUF,1.276161,4861
21/06/2026 22:48:47,1963,4.314,HUF,1.273561,2584
21/06/2026 22:48:52,1968,4.313,HUF,1.270325,786
21/06/2026 22:48:56,1972,4.313,HUF,1.267748,2359
21/06/2026 22:49:01,1977,4.312,HUF,1.264542,798
21/06/2026 22:49:05,1981,4.311214,GOC,1.261989,793
21/06/2026 22:49:09,1985,4.31,HUF,1.259446,791
21/06/2026 22:49:13,1989,4.31,HUF,1.256913,794
21/06/2026 22:49:18,1994,4.309,HUF,1.253761,866
21/06/2026 22:49:22,1998,4.308,HUF,1.251251,784
21/06/2026 22:49:26,2002,4.307,HUF,1.248751,787
21/06/2026 22:49:30,2006,4.305552,GOC,1.246261,791
21/06/2026 22:49:35,2011,4.304249,GOC,1.243163,790
21/06/2026 22:49:39,2015,4.303,HUF,1.240695,1034
21/06/2026 22:49:43,2019,4.302,HUF,1.238237,789
21/06/2026 22:49:48,2024,4.302,HUF,1.235178,2742
21/06/2026 22:49:53,2029,4.3,HUF,1.232134,802
21/06/2026 22:49:57,2032,4.3,HUF,1.230315,798
21/06/2026 22:50:01,2037,4.298,HUF,1.227295,2052
21/06/2026 22:50:06,2042,4.297,HUF,1.22429,2284
21/06/2026 22:50:10,2046,4.295029,GOC,1.221896,804
21/06/2026 22:50:15,2050,4.293,HUF,1.219512,795
21/06/2026 22:50:19,2055,4.292,HUF,1.216545,1085
21/06/2026 22:50:23,2059,4.291,HUF,1.214182,789
21/06/2026 22:50:28,2063,4.29,HUF,1.211827,794
21/06/2026 22:50:32,2068,4.288,HUF,1.208897,999
21/06/2026 22:50:36,2072,4.287,HUF,1.206564,1024
21/06/2026 22:50:40,2076,4.286527,GOC,1.204239,858
21/06/2026 22:50:45,2081,4.285634,GOC,1.201345,791
21/06/2026 22:50:50,2085,4.285,HUF,1.199041,791
21/06/2026 22:50:55,2090,4.284,HUF,1.196172,798
21/06/2026 22:51:00,2095,4.284,HUF,1.193317,802
21/06/2026 22:51:04,2100,4.283,HUF,1.190476,794
21/06/2026 22:51:09,2104,4.282,HUF,1.188213,798
21/06/2026 22:51:13,2109,4.282,HUF,1.185396,792
21/06/2026 22:51:17,2113,4.281,HUF,1.183152,800
21/06/2026 22:51:22,2117,4.28,HUF,1.180916,819
21/06/2026 22:51:27,2122,4.28,HUF,1.178134,802
21/06/2026 22:51:31,2126,4.278887,GOC,1.175917,785
21/06/2026 22:51:35,2131,4.27781,GOC,1.173158,788
21/06/2026 22:51:39,2135,4.277,HUF,1.17096,789
21/06/2026 22:51:43,2139,4.276,HUF,1.16877,786
21/06/2026 22:51:47,2143,4.275,HUF,1.166589,1244
21/06/2026 22:53:13,2174,0,HUF,2.345906,19932
21/06/2026 22:53:40,2246,4.254226,GOC,2.315227,4520
21/06/2026 22:53:44,2258,4.253,HUF,2.302923,839
21/06/2026 22:53:52,2263,4.252,HUF,2.297835,1757
21/06/2026 22:55:36,2370,4.229,HUF,2.278481,2517
21/06/2026 22:55:40,2375,4.228,HUF,2.273684,1602
21/06/2026 22:55:44,2379,4.227,HUF,2.269861,2341
21/06/2026 22:55:49,2383,4.226,HUF,2.266051,3802
21/06/2026 22:55:53,2387,4.225,HUF,2.262254,1639
21/06/2026 22:55:58,2392,4.224,HUF,2.257525,798
21/06/2026 22:56:02,2397,4.223,HUF,2.252816,2736
21/06/2026 22:56:06,2400,4.223,HUF,2.25,8390
21/06/2026 22:56:10,2404,4.222,HUF,2.246256,1867
21/06/2026 22:56:14,2408,4.221,HUF,2.242525,793
21/06/2026 22:56:19,2413,4.221,HUF,2.237878,3736
21/06/2026 22:56:24,2418,4.22,HUF,2.315964,7187
21/06/2026 22:56:28,2422,4.219,HUF,2.312139,10184
21/06/2026 22:56:35,2429,4.218,HUF,2.346645,4875
21/06/2026 22:56:40,2434,4.217,HUF,2.341824,3391
21/06/2026 22:56:45,2439,4.216,HUF,2.337023,4380
21/06/2026 22:56:49,2443,4.216,HUF,2.333197,11755
21/06/2026 22:56:53,2447,4.215,HUF,2.329383,1033
21/06/2026 22:56:57,2451,4.213991,GOC,2.325581,13898
21/06/2026 22:57:01,2455,4.213,HUF,2.321792,2465
21/06/2026 22:57:39,2492,0,HUF,3.049759,793
21/06/2026 22:57:43,2497,4.202,HUF,3.043652,4158
21/06/2026 22:57:47,2500,4.202,HUF,3.04,798
21/06/2026 22:57:53,2507,4.201,HUF,3.031512,1264
21/06/2026 22:57:57,2511,4.200472,GOC,3.026683,783
21/06/2026 22:58:01,2515,4.2,HUF,3.021869,1047
21/06/2026 22:58:05,2519,4.199,HUF,3.01707,5056
21/06/2026 22:58:09,2523,4.199,HUF,3.012287,794
21/06/2026 22:58:13,2527,4.198,HUF,3.007519,788
21/06/2026 22:58:19,2533,4.196,HUF,3.000395,797
21/06/2026 22:58:23,2537,4.196,HUF,2.995664,787
21/06/2026 22:58:26,2540,4.195,HUF,2.992126,862
21/06/2026 22:58:30,2545,4.194,HUF,2.986248,1447
21/06/2026 22:58:35,2549,4.194,HUF,2.981561,789
21/06/2026 22:58:38,2553,4.193,HUF,2.97689,2211
21/06/2026 22:58:44,2556,4.19226,GOC,2.973396,2087
21/06/2026 22:58:48,2562,4.191,HUF,2.966433,783
21/06/2026 22:58:52,2566,4.190071,GOC,2.961808,838
21/06/2026 22:59:06,2579,4.184,HUF,2.946879,974
21/06/2026 22:59:10,2583,4.183,HUF,2.942315,804
21/06/2026 22:59:14,2588,4.181,HUF,2.93663,1622
21/06/2026 22:59:18,2592,4.18,HUF,2.932099,1528
21/06/2026 22:59:23,2596,4.179025,GOC,2.927581,9097
21/06/2026 22:59:26,2600,4.178,HUF,2.923077,792
21/06/2026 22:59:31,2605,4.177,HUF,2.917466,1199
21/06/2026 22:59:35,2608,4.176,HUF,2.91411,789
21/06/2026 22:59:39,2612,4.175,HUF,2.909648,1880
21/06/2026 22:59:42,2616,4.174177,GOC,2.905199,794
21/06/2026 22:59:46,2620,4.173,HUF,2.900764,1140
21/06/2026 22:59:50,2624,4.172,HUF,2.896342,2026
21/06/2026 22:59:55,2628,4.172,HUF,2.891933,803
21/06/2026 22:59:58,2632,4.171,HUF,2.887538,790
21/06/2026 23:00:02,2636,4.170398,GOC,2.883156,1637
21/06/2026 23:00:06,2640,4.17,HUF,2.878788,1846
21/06/2026 23:00:10,2643,4.169,HUF,2.87552,797
21/06/2026 23:00:14,2648,4.169,HUF,2.870091,2050
21/06/2026 23:00:19,2653,4.168,HUF,2.864681,1654
21/06/2026 23:00:25,2658,4.167,HUF,2.859293,803
21/06/2026 23:00:29,2663,4.166,HUF,2.853924,799
21/06/2026 23:00:33,2667,4.166,HUF,2.849644,2160
21/06/2026 23:00:37,2671,4.165161,GOC,2.845376,799
21/06/2026 23:00:43,2675,4.165,HUF,2.841121,849
21/06/2026 23:00:48,2681,4.163355,GOC,2.834763,2348
21/06/2026 23:00:52,2685,4.163,HUF,2.83054,783
21/06/2026 23:00:56,2689,4.161,HUF,2.826329,796
21/06/2026 23:01:02,2695,4.16,HUF,2.820037,803
21/06/2026 23:01:06,2700,4.159,HUF,2.814815,792
21/06/2026 23:01:15,2708,4.156,HUF,2.806499,872
21/06/2026 23:01:20,2713,4.154,HUF,2.801327,2583
21/06/2026 23:01:25,2717,4.153,HUF,2.797203,1399
21/06/2026 23:01:30,2723,4.152,HUF,2.791039,795
21/06/2026 23:01:36,2729,4.151,HUF,2.784903,789
21/06/2026 23:01:40,2733,4.15,HUF,2.780827,784
21/06/2026 23:01:44,2737,4.15,HUF,2.776763,1505
21/06/2026 23:01:48,2741,4.14934,GOC,2.772711,794
21/06/2026 23:01:53,2745,4.149,HUF,2.76867,796
21/06/2026 23:01:58,2751,4.147862,GOC,2.762632,1278
21/06/2026 23:02:04,2757,4.147,HUF,2.756619,806
21/06/2026 23:02:09,2762,4.146,HUF,2.751629,785
21/06/2026 23:02:13,2766,4.145581,GOC,2.74765,804
21/06/2026 23:02:17,2770,4.145,HUF,2.743682,801
21/06/2026 23:02:21,2774,4.144,HUF,2.739726,792
21/06/2026 23:02:25,2778,4.143,HUF,2.735781,3066
21/06/2026 23:02:30,2783,4.143,HUF,2.730866,1931
21/06/2026 23:02:34,2787,4.142,HUF,2.726947,800
21/06/2026 23:02:37,2790,4.141,HUF,2.724015,786
21/06/2026 23:02:42,2795,4.14,HUF,2.719141,791
21/06/2026 23:02:46,2799,4.14,HUF,2.715255,788
21/06/2026 23:02:52,2803,4.139,HUF,2.711381,795
21/06/2026 23:02:59,2810,4.138,HUF,2.704626,1726
21/06/2026 23:03:02,2815,4.137,HUF,2.699822,800
21/06/2026 23:03:06,2819,4.136,HUF,2.695992,1482
21/06/2026 23:03:12,2825,4.135,HUF,2.690265,797
21/06/2026 23:03:16,2829,4.134,HUF,2.686462,798
21/06/2026 23:03:21,2833,4.133,HUF,2.682668,789
21/06/2026 23:03:25,2837,4.132,HUF,2.678886,788
21/06/2026 23:03:29,2842,4.13,HUF,2.674173,786
21/06/2026 23:03:33,2846,4.128838,GOC,2.670414,1559
21/06/2026 23:03:37,2850,4.128,HUF,2.666667,788
21/06/2026 23:03:43,2855,4.126,HUF,2.661997,799
21/06/2026 23:03:48,2860,4.125,HUF,2.657343,795
21/06/2026 23:03:52,2865,4.124,HUF,2.652705,788
21/06/2026 23:03:57,2870,4.123,HUF,2.648084,3068
21/06/2026 23:04:03,2875,4.122,HUF,2.643478,1980
21/06/2026 23:04:07,2880,4.122,HUF,2.638889,846
21/06/2026 23:04:11,2884,4.121,HUF,2.635229,2194
21/06/2026 23:04:15,2888,4.121,HUF,2.631579,795
21/06/2026 23:04:20,2892,4.121,HUF,2.627939,3942
21/06/2026 23:04:24,2896,4.119922,GOC,2.62431,796
21/06/2026 23:04:29,2901,4.119274,GOC,2.619786,801
21/06/2026 23:04:32,2905,4.119,HUF,2.616179,782
21/06/2026 23:04:36,2909,4.118,HUF,2.612582,2590
21/06/2026 23:04:41,2913,4.118,HUF,2.608994,802
21/06/2026 23:04:45,2917,4.117,HUF,2.605417,791
21/06/2026 23:04:49,2921,4.116276,GOC,2.601849,1540
21/06/2026 23:04:54,2926,4.115417,GOC,2.597403,901
21/06/2026 23:05:00,2931,4.114606,GOC,2.592972,802
21/06/2026 23:05:04,2936,4.113593,GOC,2.588556,792
21/06/2026 23:05:08,2940,4.113,HUF,2.585034,802
21/06/2026 23:05:12,2945,4.112,HUF,2.580645,806
21/06/2026 23:05:16,2949,4.111,HUF,2.577145,1238
21/06/2026 23:05:21,2953,4.111,HUF,2.573654,786
21/06/2026 23:05:25,2957,4.11,HUF,2.570172,791
21/06/2026 23:05:29,2961,4.108828,GOC,2.5667,790
21/06/2026 23:05:34,2966,4.108001,GOC,2.562373,1761
21/06/2026 23:05:38,2970,4.107,HUF,2.558923,794
21/06/2026 23:05:43,2975,4.106,HUF,2.554622,791
21/06/2026 23:05:47,2979,4.106,HUF,2.551192,1683
21/06/2026 23:05:51,2984,4.104,HUF,2.546917,2617
21/06/2026 23:05:55,2987,4.104,HUF,2.544359,960
21/06/2026 23:05:59,2991,4.102596,GOC,2.540956,791
21/06/2026 23:06:03,2995,4.101,HUF,2.537563,787
21/06/2026 23:06:07,2999,4.1,HUF,2.534178,837
21/06/2026 23:06:11,3003,4.099,HUF,2.530802,4254
21/06/2026 23:06:16,3008,4.098,HUF,2.526596,788
21/06/2026 23:06:20,3012,4.097,HUF,2.523241,823
21/06/2026 23:06:26,3018,4.096,HUF,2.518224,895
21/06/2026 23:06:30,3022,4.095,HUF,2.514891,1209
21/06/2026 23:06:34,3026,4.093754,GOC,2.511566,3250
21/06/2026 23:06:38,3030,4.093,HUF,2.508251,820
21/06/2026 23:06:42,3034,4.092,HUF,2.504944,799
21/06/2026 23:06:46,3038,4.091,HUF,2.501646,789
21/06/2026 23:06:51,3043,4.09,HUF,2.497535,12792
21/06/2026 23:06:55,3047,4.09,HUF,2.494256,850
21/06/2026 23:06:59,3051,4.088754,GOC,2.490987,1041
21/06/2026 23:07:04,3056,4.087785,GOC,2.486911,891
21/06/2026 23:07:08,3060,4.087,HUF,2.48366,786
21/06/2026 23:07:12,3064,4.086,HUF,2.480418,1096
21/06/2026 23:07:17,3068,4.085,HUF,2.477184,2296
21/06/2026 23:07:21,3072,4.085,HUF,2.473958,797
21/06/2026 23:07:25,3076,4.084107,GOC,2.470741,789
21/06/2026 23:07:29,3080,4.083,HUF,2.467532,941
21/06/2026 23:07:33,3084,4.083,HUF,2.464332,807
21/06/2026 23:07:37,3088,4.082,HUF,2.46114,785
21/06/2026 23:07:40,3092,4.081,HUF,2.457956,797
21/06/2026 23:07:45,3097,4.08,HUF,2.453988,796
21/06/2026 23:07:49,3100,4.078,HUF,2.451613,2430
21/06/2026 23:07:55,3107,4.076,HUF,2.44609,797
21/06/2026 23:07:59,3111,4.074629,GOC,2.442945,801
21/06/2026 23:08:06,3115,4.073,HUF,2.439807,2596
21/06/2026 23:08:11,3122,4.072,HUF,2.434337,800
21/06/2026 23:08:15,3126,4.070637,GOC,2.431222,949
21/06/2026 23:08:20,3131,4.069551,GOC,2.42734,2041
21/06/2026 23:08:23,3135,4.069,HUF,2.424242,793
21/06/2026 23:08:27,3139,4.068,HUF,2.421153,863
21/06/2026 23:08:32,3143,4.067,HUF,2.418072,1193
21/06/2026 23:08:36,3147,4.067,HUF,2.414999,794
21/06/2026 23:08:40,3152,4.065,HUF,2.411168,1429
21/06/2026 23:08:45,3156,4.064624,GOC,2.408112,1542
21/06/2026 23:08:49,3160,4.064,HUF,2.405063,1810
21/06/2026 23:08:54,3165,4.063,HUF,2.401264,797
21/06/2026 23:08:58,3170,4.062,HUF,2.397476,1006
21/06/2026 23:09:03,3174,4.061,HUF,2.394455,794
21/06/2026 23:09:08,3178,4.06,HUF,2.391441,2241
21/06/2026 23:09:12,3183,4.06,HUF,2.387685,1266
21/06/2026 23:09:16,3188,4.059,HUF,2.38394,790
21/06/2026 23:09:21,3192,4.058,HUF,2.380952,916
21/06/2026 23:09:27,3198,4.057,HUF,2.376485,794
21/06/2026 23:09:32,3203,4.057,HUF,2.372776,794
21/06/2026 23:09:36,3207,4.056,HUF,2.369816,802
21/06/2026 23:09:40,3211,4.055386,GOC,2.366864,1146
21/06/2026 23:09:45,3216,4.05446,GOC,2.363184,970
21/06/2026 23:09:50,3221,4.053644,GOC,2.359516,2143
21/06/2026 23:09:54,3225,4.053,HUF,2.356589,799
21/06/2026 23:10:01,3229,4.052,HUF,2.35367,1987
21/06/2026 23:10:06,3237,4.051,HUF,2.347853,793
21/06/2026 23:10:09,3241,4.050863,GOC,2.344955,791
21/06/2026 23:10:14,3245,4.05,HUF,2.342065,803
21/06/2026 23:10:19,3249,4.049,HUF,2.339181,785
21/06/2026 23:10:24,3255,4.048,HUF,2.334869,3597
21/06/2026 23:10:28,3259,4.047,HUF,2.332004,1477
21/06/2026 23:10:32,3264,4.046,HUF,2.328431,1986
21/06/2026 23:10:37,3268,4.045,HUF,2.325581,801
21/06/2026 23:10:41,3272,4.044,HUF,2.322738,794
21/06/2026 23:10:47,3277,4.043,HUF,2.319194,855
21/06/2026 23:10:51,3282,4.041,HUF,2.315661,800
21/06/2026 23:10:56,3287,4.04,HUF,2.312139,788
21/06/2026 23:11:01,3292,4.039,HUF,2.308627,798
21/06/2026 23:11:05,3296,4.038361,GOC,2.305825,793
21/06/2026 23:11:10,3300,4.038,HUF,2.30303,1047
21/06/2026 23:11:17,3305,4.037,HUF,2.299546,790
21/06/2026 23:11:22,3312,4.036,HUF,2.294686,799
21/06/2026 23:11:27,3317,4.035,HUF,2.291227,790
21/06/2026 23:11:32,3322,4.035,HUF,2.287778,798
21/06/2026 23:11:36,3327,4.034,HUF,2.28434,781
21/06/2026 23:11:41,3332,4.033,HUF,2.280912,792
21/06/2026 23:11:45,3336,4.032928,GOC,2.278177,799
21/06/2026 23:11:50,3341,4.032216,GOC,2.274768,798
21/06/2026 23:11:55,3346,4.031384,GOC,2.271369,788
21/06/2026 23:12:00,3351,4.030577,GOC,2.26798,1983
21/06/2026 23:12:05,3355,4.03,HUF,2.265276,1660
21/06/2026 23:12:09,3359,4.029,HUF,2.262578,791
21/06/2026 23:12:13,3364,4.028,HUF,2.259215,795
21/06/2026 23:12:17,3368,4.027,HUF,2.256532,834
21/06/2026 23:12:23,3373,4.026,HUF,2.253187,788
21/06/2026 23:12:27,3378,4.033,HUF,2.249852,793
21/06/2026 23:12:32,3382,4.032,HUF,2.247191,796
21/06/2026 23:12:41,3391,4.03072,GOC,2.241227,793
21/06/2026 23:12:45,3395,4.03,HUF,2.238586,1973
21/06/2026 23:12:50,3400,4.029,HUF,2.235294,976
21/06/2026 23:12:54,3405,4.028,HUF,2.232012,800
21/06/2026 23:12:58,3409,4.027,HUF,2.229393,794
21/06/2026 23:13:02,3413,4.025,HUF,2.22678,1511
21/06/2026 23:13:07,3417,4.025,HUF,2.224173,792
21/06/2026 23:13:11,3422,4.024,HUF,2.220923,835
21/06/2026 23:13:16,3426,4.022858,GOC,2.21833,783
21/06/2026 23:13:20,3431,4.021619,GOC,2.215098,2996
21/06/2026 23:13:25,3435,4.021,HUF,2.212518,794
21/06/2026 23:13:32,3440,4.019,HUF,2.209302,793
21/06/2026 23:13:39,3446,4.017882,GOC,2.205456,880
21/06/2026 23:13:43,3453,4.016,HUF,2.200984,782
21/06/2026 23:13:46,3457,4.016,HUF,2.198438,788
21/06/2026 23:13:51,3461,4.014954,GOC,2.195897,789
21/06/2026 23:13:55,3465,4.014,HUF,2.193362,795
21/06/2026 23:13:59,3469,4.014,HUF,2.190833,1093
21/06/2026 23:14:03,3473,4.013,HUF,2.18831,3417
21/06/2026 23:14:07,3477,4.012,HUF,2.185792,2606
21/06/2026 23:14:12,3482,4.011,HUF,2.182654,3075
21/06/2026 23:14:16,3486,4.010423,GOC,2.180149,800
21/06/2026 23:14:21,3491,4.00968,GOC,2.177027,792
21/06/2026 23:14:26,3495,4.009,HUF,2.174535,3781
21/06/2026 23:14:31,3501,4.008374,GOC,2.170808,840
21/06/2026 23:14:35,3505,4.008,HUF,2.168331,1583
21/06/2026 23:14:39,3509,4.007,HUF,2.165859,790
21/06/2026 23:14:43,3513,4.006,HUF,2.163393,798
21/06/2026 23:14:48,3518,4.005,HUF,2.160318,1399
21/06/2026 23:14:52,3522,4.005,HUF,2.157865,794
21/06/2026 23:14:57,3527,4.004,HUF,2.154806,795
21/06/2026 23:15:02,3532,4.003,HUF,2.151755,986
21/06/2026 23:15:06,3536,4.002319,GOC,2.149321,793
21/06/2026 23:15:11,3540,4.001,HUF,2.146893,803
21/06/2026 23:15:15,3545,4,HUF,2.143865,795
21/06/2026 23:15:19,3549,3.999,HUF,2.141448,800
21/06/2026 23:15:24,3554,3.998,HUF,2.138436,969
21/06/2026 23:15:28,3558,3.997,HUF,2.136032,3344
21/06/2026 23:15:32,3562,3.996,HUF,2.133633,1208
21/06/2026 23:15:38,3567,3.995,HUF,2.130642,788
21/06/2026 23:15:42,3572,3.994,HUF,2.12766,802
21/06/2026 23:15:47,3576,3.993828,GOC,2.12528,789
21/06/2026 23:15:51,3581,3.992812,GOC,2.122312,805
21/06/2026 23:15:57,3586,3.991907,GOC,2.119353,805
21/06/2026 23:16:01,3591,3.990997,GOC,2.116402,946
21/06/2026 23:16:05,3595,3.99,HUF,2.114047,871
21/06/2026 23:16:09,3599,3.989,HUF,2.111698,794
21/06/2026 23:16:13,3603,3.988,HUF,2.109353,2054
21/06/2026 23:16:18,3607,3.987,HUF,2.107014,801
21/06/2026 23:16:22,3612,3.985,HUF,2.104097,1965
21/06/2026 23:16:27,3617,3.985,HUF,2.101189,791
21/06/2026 23:16:32,3621,3.983916,GOC,2.098868,953
21/06/2026 23:16:36,3625,3.983,HUF,2.096552,846
21/06/2026 23:16:42,3630,3.983,HUF,2.093664,781
21/06/2026 23:16:47,3636,3.981829,GOC,2.090209,1081
21/06/2026 23:16:51,3641,3.980979,GOC,2.087339,798
21/06/2026 23:16:55,3645,3.98,HUF,2.085048,795
21/06/2026 23:16:59,3649,3.978,HUF,2.082762,2746
21/06/2026 23:17:04,3654,3.977,HUF,2.079912,795
21/06/2026 23:17:09,3658,3.976,HUF,2.077638,798
21/06/2026 23:17:13,3662,3.974,HUF,2.075369,1219
21/06/2026 23:17:18,3667,3.973,HUF,2.072539,789
21/06/2026 23:17:22,3671,3.971487,GOC,2.070281,1314
21/06/2026 23:17:27,3676,3.970158,GOC,2.067465,784
21/06/2026 23:17:31,3680,3.969,HUF,2.065217,788
21/06/2026 23:17:35,3684,3.968,HUF,2.062975,2964
21/06/2026 23:17:39,3689,3.967,HUF,2.060179,1893
21/06/2026 23:17:43,3692,3.966,HUF,2.058505,787
21/06/2026 23:17:49,3697,3.965,HUF,2.055721,8456
21/06/2026 23:17:53,3702,3.964,HUF,2.052944,2506
21/06/2026 23:17:57,3706,3.963169,GOC,2.050729,788
21/06/2026 23:18:02,3711,3.961971,GOC,2.047966,789
21/06/2026 23:18:07,3716,3.960696,GOC,2.04521,797
21/06/2026 23:18:11,3721,3.959387,GOC,2.042462,788
21/06/2026 23:18:16,3725,3.958,HUF,2.040268,1461
21/06/2026 23:18:20,3729,3.958,HUF,2.03808,795
21/06/2026 23:18:28,3735,3.957,HUF,2.034806,4141
21/06/2026 23:18:32,3741,3.955496,GOC,2.031542,1193
21/06/2026 23:18:37,3746,3.954832,GOC,2.028831,802
21/06/2026 23:18:41,3750,3.954,HUF,2.026667,1089
21/06/2026 23:18:45,3754,3.953,HUF,2.024507,1291
21/06/2026 23:18:50,3759,3.953,HUF,2.021814,787
21/06/2026 23:18:54,3763,3.952,HUF,2.019665,1448
21/06/2026 23:18:58,3767,3.952,HUF,2.017521,795
21/06/2026 23:19:02,3771,3.950978,GOC,2.015381,4684
21/06/2026 23:19:06,3775,3.95,HUF,2.013245,805
21/06/2026 23:19:11,3780,3.949,HUF,2.010582,785
21/06/2026 23:19:16,3784,3.949,HUF,2.008457,790
21/06/2026 23:19:19,3788,3.948,HUF,2.006336,824
21/06/2026 23:19:23,3792,3.947,HUF,2.004219,795
21/06/2026 23:19:28,3796,3.946638,GOC,2.002108,977
21/06/2026 23:19:32,3801,3.94558,GOC,1.999474,800
21/06/2026 23:19:37,3805,3.945,HUF,1.997372,1227
21/06/2026 23:19:41,3810,3.944,HUF,1.994751,1338
21/06/2026 23:19:46,3815,3.943,HUF,1.992136,809
21/06/2026 23:19:51,3820,3.942,HUF,1.989529,789
21/06/2026 23:19:56,3824,3.941,HUF,1.987448,793
21/06/2026 23:20:00,3829,3.94,HUF,1.984852,802
21/06/2026 23:20:05,3833,3.94,HUF,1.982781,791
21/06/2026 23:20:09,3838,3.939,HUF,1.980198,805
21/06/2026 23:20:14,3842,3.938,HUF,1.978136,1035
21/06/2026 23:20:18,3847,3.937,HUF,1.975565,800
21/06/2026 23:20:23,3851,3.936731,GOC,1.973513,790
21/06/2026 23:20:27,3855,3.936,HUF,1.971466,833
21/06/2026 23:20:33,3862,3.935,HUF,1.967892,1001
21/06/2026 23:20:37,3865,3.934,HUF,1.966365,804
21/06/2026 23:20:42,3870,3.933,HUF,1.963824,786
21/06/2026 23:20:47,3875,3.933,HUF,1.96129,798
21/06/2026 23:20:55,3883,3.931,HUF,1.95725,799
21/06/2026 23:21:00,3889,3.93,HUF,1.95423,845
21/06/2026 23:21:05,3893,3.929,HUF,1.952222,787
21/06/2026 23:21:10,3898,3.928,HUF,1.949718,821
21/06/2026 23:21:14,3903,3.928,HUF,1.94722,794
21/06/2026 23:21:24,3912,3.926,HUF,1.94274,2141
21/06/2026 23:21:28,3916,3.925509,GOC,1.940756,797
21/06/2026 23:21:32,3921,3.924668,GOC,1.938281,797
21/06/2026 23:21:36,2,3.922,HUF,0,1751
21/06/2026 23:21:41,3,3.922,HUF,0,798
22/06/2026 07:48:17,113,-0.001,HUF,98.23009,3253
22/06/2026 07:51:45,58,0,HUF,98.27586,0
22/06/2026 07:51:49,61,0.048,GOC,98.36066,0
22/06/2026 07:51:54,68,0.048,HUF,98.52941,0
22/06/2026 07:51:58,70,0.048,HUF,98.57143,0
22/06/2026 07:52:07,82,0.048,HUF,98.78049,0
22/06/2026 07:52:11,83,0.048,HUF,98.79518,0
22/06/2026 07:52:15,3,0.048,HUF,66.66667,0
22/06/2026 07:52:42,5,0.048,HUF,80,0
22/06/2026 07:52:50,9,0.048,HUF,88.88889,0
22/06/2026 07:52:54,14,0.048,HUF,92.85714,0
22/06/2026 07:53:26,1,0.048,GOC,0,0
22/06/2026 07:53:31,3,0.048,HUF,0,800
22/06/2026 07:53:36,7,0.048,HUF,0,800
22/06/2026 07:53:41,11,0.048,GOC,0,806
22/06/2026 07:53:45,16,0.048,GOC,0,798
22/06/2026 07:53:49,20,0.048,HUF,0,1020
22/06/2026 07:53:54,25,0.048,HUF,0,1974
22/06/2026 07:53:59,30,0.048,HUF,0,803
22/06/2026 07:54:04,35,0.048,HUF,0,6170
22/06/2026 07:54:09,40,0.048,HUF,0,792
22/06/2026 07:54:13,44,0.048,HUF,0,796
22/06/2026 07:54:18,49,0.048,HUF,0,1068
22/06/2026 07:54:24,54,0.048,HUF,0,3023
22/06/2026 07:54:28,59,0.048,HUF,0,794
22/06/2026 07:54:32,63,0.048,HUF,0,796
22/06/2026 07:54:36,67,0.048,HUF,0,929
22/06/2026 07:54:40,71,0.048,GOC,0,810
22/06/2026 07:54:44,75,0.048,HUF,0,796
22/06/2026 07:54:49,79,1.452375,GOC,0,1573
22/06/2026 07:54:53,84,0.479,HUF,0,797
22/06/2026 07:54:57,88,0.048,HUF,0,821
22/06/2026 07:55:02,93,0.048,HUF,0,792
22/06/2026 07:55:06,97,0.048,HUF,0,1765
22/06/2026 07:55:12,102,0.048,HUF,0,820
22/06/2026 07:55:16,106,0.048,GOC,0,789
22/06/2026 07:55:20,111,0.048,GOC,0,792
22/06/2026 07:55:24,114,0.048,HUF,0,1818
22/06/2026 07:55:28,119,0.048,HUF,0,9842
22/06/2026 07:55:33,124,0.048,HUF,0,806
22/06/2026 07:55:38,129,0.048,HUF,0,1268
22/06/2026 07:55:44,134,0.048,HUF,0,792
22/06/2026 07:55:48,138,0.048,HUF,0,799
22/06/2026 07:55:52,143,0.048,HUF,0,788
22/06/2026 07:55:57,147,0.048,HUF,0,806
22/06/2026 07:56:01,152,0.048,HUF,0,795
22/06/2026 07:56:06,156,0.048,GOC,0,791
22/06/2026 07:56:11,162,0.048,HUF,0,2314
22/06/2026 07:56:16,166,0.048,GOC,0,795
22/06/2026 07:56:22,172,0.054,HUF,0,790
22/06/2026 07:56:27,177,0.053,HUF,0,16416
22/06/2026 07:56:35,185,0.051,HUF,0,1478
22/06/2026 07:56:40,190,0.05,HUF,0,797
22/06/2026 07:56:44,194,0.05,HUF,0,803
22/06/2026 07:56:49,199,0.049,HUF,0,1309
22/06/2026 07:56:53,203,0.049,HUF,0,786
22/06/2026 07:56:58,208,0.049,HUF,0,1429
22/06/2026 07:57:02,3,0.048,HUF,0,1494
22/06/2026 07:57:34,4,0.048,HUF,0,978
22/06/2026 07:57:50,5,0.048,HUF,0,763
22/06/2026 07:57:57,6,0.048558,GOC,0,775
22/06/2026 07:58:02,7,0.057,HUF,0,749
22/06/2026 07:58:07,12,0.06,HUF,0,895
22/06/2026 07:58:11,17,0.063,HUF,0,804
22/06/2026 07:58:16,21,0.066361,GOC,0,794
22/06/2026 07:58:20,25,0.066,HUF,0,2490
22/06/2026 07:58:29,30,0.066,HUF,0,790
22/06/2026 07:58:35,40,0.062,HUF,0,799
22/06/2026 07:58:40,45,0.063,HUF,0,803
22/06/2026 07:58:45,50,5.430625,GOC,0,787
22/06/2026 07:58:49,55,0.048,GOC,0,1151
22/06/2026 07:58:54,59,0.048,HUF,0,921
22/06/2026 07:58:59,64,0.071,HUF,0,786
22/06/2026 07:59:03,68,0.088,HUF,0,904
22/06/2026 07:59:09,73,0.101,HUF,0,789
22/06/2026 07:59:14,79,0.164,GOC,0,841
22/06/2026 07:59:18,83,0.458,HUF,0,792
22/06/2026 07:59:23,89,0.08375,GOC,0,793
22/06/2026 07:59:27,93,0.139,HUF,0,803
22/06/2026 07:59:32,97,0.139,HUF,0,823
22/06/2026 07:59:37,102,0.154,HUF,0,788
22/06/2026 07:59:41,106,0.164539,GOC,0,796
22/06/2026 07:59:46,111,0.175857,GOC,0,791
22/06/2026 07:59:51,116,0.181042,GOC,0,790
22/06/2026 07:59:55,120,0.18,HUF,0,794
22/06/2026 08:00:00,124,0.193,HUF,0,788
22/06/2026 08:00:04,2,0.202,HUF,0,1593
22/06/2026 08:00:10,3,0.203,HUF,0,800
22/06/2026 08:00:30,1,0.18925,GOC,0,0
22/06/2026 08:00:35,3,0.188,HUF,0,1090
22/06/2026 08:00:40,6,0.170035,GOC,0,789
22/06/2026 08:00:46,3,0.072,HUF,0,794
22/06/2026 08:00:52,10,0.076,HUF,0,798
22/06/2026 08:00:57,15,0.103,HUF,0,787
22/06/2026 08:01:02,20,0.129,HUF,0,793
22/06/2026 08:01:07,25,0.145,HUF,0,4672
22/06/2026 08:01:12,30,0.141,HUF,0,921
22/06/2026 08:01:17,35,0.048,GOC,0,1158
22/06/2026 08:01:23,41,0.048,GOC,0,793
22/06/2026 08:01:29,46,0.048,GOC,0,1732
22/06/2026 08:01:33,52,0.048,HUF,0,799
22/06/2026 08:01:39,57,0.048,HUF,0,1541
22/06/2026 08:01:44,62,0.048,HUF,0,6861
22/06/2026 08:01:49,67,0.048,HUF,0,1231
22/06/2026 08:01:54,72,0.1,HUF,0,944
22/06/2026 08:02:00,78,0.057,HUF,0,798
22/06/2026 08:02:04,82,0.055,HUF,0,2397
22/06/2026 08:02:10,87,0.053,HUF,0,803
22/06/2026 08:02:15,93,0.052,HUF,0,791
22/06/2026 08:02:22,100,0.051,HUF,0,932
22/06/2026 08:02:26,104,0.05,HUF,0,795
22/06/2026 08:02:31,109,0.05,HUF,0,797
22/06/2026 08:02:38,114,0.049,HUF,0,800
22/06/2026 08:02:43,120,0.049,HUF,0,802
22/06/2026 08:02:47,125,0.049,HUF,0,865
22/06/2026 08:02:52,130,0.049,HUF,0,790
22/06/2026 08:02:57,135,4.576,HUF,0,805
22/06/2026 08:03:03,141,4.572602,GOC,0,813
22/06/2026 08:03:08,146,4.571888,GOC,0,2922
22/06/2026 08:03:13,151,4.570445,GOC,0,807
22/06/2026 08:03:18,155,4.569,HUF,0,3191
22/06/2026 08:03:23,160,4.567,HUF,0,800
22/06/2026 08:03:27,165,4.565,HUF,0,805
22/06/2026 08:03:32,170,4.562,HUF,0,790
22/06/2026 08:03:36,174,4.56,HUF,0,802
22/06/2026 08:03:41,179,0.048,HUF,0,798
22/06/2026 08:03:46,184,0.786,HUF,0,791
22/06/2026 08:03:51,188,0.785,HUF,0,867
22/06/2026 08:03:55,193,0.785,HUF,0,803
22/06/2026 08:03:59,197,0.048,HUF,0,792
22/06/2026 08:04:04,201,4.54925,GOC,0,794
22/06/2026 08:04:08,206,4.548608,GOC,0,2259
22/06/2026 08:04:13,210,4.548,HUF,0,796
22/06/2026 08:04:17,215,4.547,HUF,0,806
22/06/2026 08:04:23,220,4.545,HUF,0,1291
22/06/2026 08:04:35,229,4.542,HUF,0,1852
22/06/2026 08:04:40,237,4.538,HUF,0,796
22/06/2026 08:04:46,243,4.536,HUF,0,1785
22/06/2026 08:04:53,248,4.533,HUF,0,794
22/06/2026 08:04:58,255,4.53,HUF,0,793
22/06/2026 08:05:03,260,4.528,HUF,0,798
22/06/2026 08:05:09,266,4.525755,GOC,0,796
22/06/2026 08:05:13,271,4.524005,GOC,0,788
22/06/2026 08:05:18,275,4.523,HUF,0,1322
22/06/2026 08:05:24,3,4.503,HUF,0,1483
22/06/2026 08:05:51,1,4.465375,GOC,0,0
22/06/2026 08:05:56,3,4.465,HUF,0,954
22/06/2026 08:06:00,8,4.465,HUF,0,808
22/06/2026 08:06:05,13,4.465,HUF,0,2267
22/06/2026 08:06:09,17,4.464,HUF,0,1099
22/06/2026 08:06:15,22,4.463,HUF,0,1097
22/06/2026 08:06:19,27,0.018,HUF,0,887
22/06/2026 08:06:23,31,0.756836,GOC,0,796
22/06/2026 08:06:27,35,0.757,HUF,0,804
22/06/2026 08:06:32,39,0.018,GOC,0,806
22/06/2026 08:06:36,44,0.018,HUF,0,2555
22/06/2026 08:06:40,48,0.018,HUF,0,962
22/06/2026 08:06:45,53,0.018,HUF,0,797
22/06/2026 08:06:51,58,0.018,HUF,0,799
22/06/2026 08:06:55,63,0.018,HUF,0,865
22/06/2026 08:07:00,68,0.018,HUF,0,809
22/06/2026 08:07:06,73,0.018,HUF,0,804
22/06/2026 08:07:11,78,1.012187,GOC,0,2432
22/06/2026 08:07:17,84,1.038,HUF,0,805
22/06/2026 08:07:21,89,1.058,HUF,0,1033
22/06/2026 08:07:26,94,1.073,HUF,0,810
22/06/2026 08:07:34,99,1.082,HUF,0,798
22/06/2026 08:07:39,106,1.0947,GOC,0,812
22/06/2026 08:07:43,110,1.1,HUF,0,2345
22/06/2026 08:07:49,115,1.817125,GOC,0,14051
22/06/2026 08:07:53,120,1.857,HUF,0,798
22/06/2026 08:07:58,125,2.286,HUF,0,811
22/06/2026 08:08:03,131,2.600602,GOC,0,808
22/06/2026 08:08:08,135,2.62,HUF,0,808
22/06/2026 08:08:13,140,1.983,HUF,0,1036
22/06/2026 08:08:18,145,1.921,HUF,0,4472
22/06/2026 08:08:24,151,1.852607,GOC,0,796
22/06/2026 08:08:29,156,1.805383,GOC,0,800
22/06/2026 08:08:34,161,1.767099,GOC,0,906
22/06/2026 08:08:39,166,1.735871,GOC,0,805
22/06/2026 08:08:43,170,1.715,HUF,0,795
22/06/2026 08:08:49,175,1.693,HUF,0,808
22/06/2026 08:08:54,182,2.95,GOC,0,808
22/06/2026 08:08:59,186,2.930764,GOC,0,809
22/06/2026 08:09:04,191,2.935967,GOC,0,801
22/06/2026 08:09:09,196,2.547059,GOC,0,988
22/06/2026 08:09:14,201,2.494319,GOC,0,808
22/06/2026 08:09:20,206,2.435389,GOC,0,805
22/06/2026 08:09:24,211,2.897987,GOC,0,3112
22/06/2026 08:09:31,217,2.606187,GOC,0,804
22/06/2026 08:09:37,223,2.575,HUF,0,797
22/06/2026 08:09:42,229,3.059,HUF,0,799
22/06/2026 08:09:47,233,3.104,HUF,0,1251
22/06/2026 08:09:55,241,3.207378,GOC,0,809
22/06/2026 08:09:59,246,3.271966,GOC,0,805
22/06/2026 08:10:04,251,3.341361,GOC,0,796
22/06/2026 08:10:10,256,3.645487,GOC,0,809
22/06/2026 08:10:17,2,3.805,HUF,0,800
22/06/2026 08:10:22,3,3.805,HUF,0,791
22/06/2026 08:10:43,1,0.380875,GOC,0,0
22/06/2026 08:10:48,3,0.379,HUF,0,8583
22/06/2026 08:10:53,8,0.331,HUF,0,831
22/06/2026 08:10:58,12,0.93225,GOC,0,2775
22/06/2026 08:11:03,17,0.703,HUF,0,802
22/06/2026 08:11:07,22,0.288,HUF,0,799
22/06/2026 08:11:21,35,3.574,HUF,0,807
22/06/2026 08:11:25,40,3.484375,GOC,0,1965
22/06/2026 08:11:31,46,1.7845,GOC,0,811
22/06/2026 08:11:37,52,1.153,HUF,0,802
22/06/2026 08:11:41,56,3.743515,GOC,0,791
22/06/2026 08:11:46,61,3.771514,GOC,0,795
22/06/2026 08:11:49,26,0.328494,GOC,0,1641
22/06/2026 08:11:51,66,3.816055,GOC,0,1120
22/06/2026 08:11:55,70,1.043,HUF,0,794
22/06/2026 08:11:59,74,4.567438,GOC,0,806
22/06/2026 08:12:06,79,4.593,HUF,0,796
22/06/2026 08:12:12,86,4.644535,GOC,0,801
22/06/2026 08:12:16,91,4.686343,GOC,0,801
22/06/2026 08:12:21,95,4.719,HUF,0,802
22/06/2026 08:12:29,103,4.771,HUF,0,1319
22/06/2026 08:12:34,108,4.795,HUF,0,801
22/06/2026 08:12:39,113,4.814,HUF,0,796
22/06/2026 08:12:45,119,4.832,HUF,0,906
22/06/2026 08:12:50,124,4.844,HUF,0,802
22/06/2026 08:12:55,129,4.854,HUF,0,801
22/06/2026 08:12:59,134,4.862,HUF,0,1746
22/06/2026 08:13:03,138,4.867,HUF,0,944
22/06/2026 08:13:08,143,4.874,HUF,0,794
22/06/2026 08:13:14,148,4.879,HUF,0,874
22/06/2026 08:13:19,153,4.884,HUF,0,1623
22/06/2026 08:13:24,158,4.887,HUF,0,797
22/06/2026 08:13:30,164,4.888,HUF,0,799
22/06/2026 08:13:35,169,4.892,HUF,0,934
22/06/2026 08:13:41,175,4.892,HUF,0,8826
22/06/2026 08:13:50,180,4.892,HUF,0,790
22/06/2026 08:13:54,189,4.897,HUF,0,1178
22/06/2026 08:13:59,193,4.899,HUF,0,834
22/06/2026 08:14:04,198,4.901,HUF,0,793
22/06/2026 08:14:09,203,4.903,HUF,0,815
22/06/2026 08:14:14,208,4.905,HUF,0,793
22/06/2026 08:14:18,212,4.907,HUF,0,846
22/06/2026 08:14:23,217,4.909,HUF,0,1800
22/06/2026 08:14:27,221,4.910835,GOC,0,792
22/06/2026 08:14:33,227,4.913,HUF,0,797
22/06/2026 08:14:38,232,4.913,HUF,0,1978
22/06/2026 08:14:43,237,4.914,HUF,0,1104
22/06/2026 08:14:47,241,4.915931,GOC,0,815
22/06/2026 08:14:54,246,4.915916,GOC,0,808
22/06/2026 08:15:03,252,4.915,HUF,0,892
22/06/2026 08:15:20,273,4.912,HUF,0,808
22/06/2026 08:15:24,278,4.911,HUF,0,807
22/06/2026 08:15:29,283,4.91,HUF,0,834
22/06/2026 08:15:30,263,4.913,HUF,0,807
22/06/2026 08:15:34,288,4.91,HUF,0,797
22/06/2026 08:15:42,296,4.909903,GOC,0,812
22/06/2026 08:15:46,300,4.91,HUF,0,802
22/06/2026 08:15:51,305,4.91,HUF,0,800
22/06/2026 08:15:55,309,4.91,HUF,0,809
22/06/2026 08:15:59,313,4.911,HUF,0,805
22/06/2026 08:16:03,317,4.912,HUF,0,14440
22/06/2026 08:16:08,321,4.912157,GOC,0,832
22/06/2026 08:16:12,326,4.913076,GOC,0,972
22/06/2026 08:16:16,330,4.913,HUF,0,801
22/06/2026 08:16:21,334,4.913,HUF,0,795
22/06/2026 08:16:25,339,4.913,HUF,0,792
22/06/2026 08:16:30,343,4.912,HUF,0,796
22/06/2026 08:16:36,3,4.906,HUF,0,797
22/06/2026 08:16:57,1,4.897,GOC,0,0
22/06/2026 08:17:03,3,4.911,HUF,0,787
22/06/2026 08:17:17,12,4.915,HUF,0,1745
22/06/2026 08:17:24,4,4.904,HUF,0,776
22/06/2026 08:17:30,12,4.921,HUF,0,785
22/06/2026 08:17:37,17,4.917,HUF,0,1578
22/06/2026 08:17:45,27,0.25,HUF,0,802
22/06/2026 08:17:51,32,0.252,HUF,0,776
22/06/2026 08:17:55,37,0.239,HUF,0,780
22/06/2026 08:18:03,41,0.808062,GOC,0,793
22/06/2026 08:18:07,49,0.46,HUF,0,778
22/06/2026 08:18:12,54,4.915,HUF,0,1364
22/06/2026 08:18:16,58,4.912,HUF,0,796
22/06/2026 08:18:21,62,4.938,HUF,0,1425
22/06/2026 08:18:25,67,4.917,HUF,0,4132
22/06/2026 08:18:29,71,4.912562,GOC,0,787
22/06/2026 08:18:33,75,4.92,HUF,0,775
22/06/2026 08:18:38,80,1.400125,GOC,0,994
22/06/2026 08:18:44,86,0.292563,GOC,0,837
22/06/2026 08:18:48,90,0.378,HUF,0,780
22/06/2026 08:18:53,95,0.363,HUF,0,1821
22/06/2026 08:18:59,100,4.916313,GOC,0,783
22/06/2026 08:19:04,106,4.919312,GOC,0,777
22/06/2026 08:19:12,110,4.92,HUF,0,787
22/06/2026 08:19:20,121,4.920063,GOC,0,1125
22/06/2026 08:19:25,3,4.92,HUF,0,787
22/06/2026 08:19:49,1,4.940688,GOC,0,0
22/06/2026 08:19:53,3,4.951,HUF,0,1835
22/06/2026 08:19:58,7,4.936,HUF,0,794
22/06/2026 08:20:02,12,4.953,HUF,0,784
22/06/2026 08:20:07,17,4.948,HUF,0,789
22/06/2026 08:20:11,21,4.952625,GOC,0,814
22/06/2026 08:20:15,25,4.949,HUF,0,1220
22/06/2026 08:20:19,29,4.951,HUF,0,791
22/06/2026 08:20:24,34,4.951,HUF,0,1095
22/06/2026 08:20:28,38,4.949,HUF,0,804
22/06/2026 08:20:33,43,4.944,HUF,0,782
22/06/2026 08:20:39,49,4.938,HUF,0,3600
22/06/2026 08:20:45,3,4.941,HUF,0,794
22/06/2026 08:21:11,1,4.953188,GOC,0,0
22/06/2026 08:21:15,7,4.941,HUF,0,2162
22/06/2026 08:21:20,12,4.949,HUF,0,1271
22/06/2026 08:21:26,16,4.914375,GOC,0,828
22/06/2026 08:21:31,22,4.946,HUF,0,782
22/06/2026 08:21:35,26,4.9365,GOC,0,783
22/06/2026 08:21:40,3,4.933,HUF,0,1513
22/06/2026 08:21:50,4,4.944,HUF,0,777
22/06/2026 08:22:02,1,4.940813,GOC,0,0
22/06/2026 08:22:07,6,4.944,GOC,0,793
22/06/2026 08:22:16,10,4.934,HUF,0,791
22/06/2026 08:22:22,21,4.940938,GOC,0,875
22/06/2026 08:22:27,25,4.954,HUF,0,2096
22/06/2026 08:22:32,31,4.94425,GOC,0,787
22/06/2026 08:22:44,42,4.95,HUF,0,782
22/06/2026 08:23:03,51,4.936875,GOC,0,778
22/06/2026 08:23:03,61,4.94425,GOC,0,1260
22/06/2026 08:23:11,66,4.941,GOC,0,801
22/06/2026 08:23:18,76,4.95025,GOC,0,1223
22/06/2026 08:23:23,81,4.942375,GOC,0,781
22/06/2026 08:23:31,86,4.943813,GOC,0,781
22/06/2026 08:23:39,95,4.95,HUF,0,1775
22/06/2026 08:23:47,102,4.994,HUF,0,1162
22/06/2026 08:23:52,109,4.989,HUF,0,2078
22/06/2026 08:24:01,115,4.998,HUF,0,783
22/06/2026 08:24:08,125,4.941,HUF,0,13187
22/06/2026 08:24:14,131,4.936125,GOC,0,783
22/06/2026 08:24:19,137,4.94,HUF,0,780
22/06/2026 08:24:26,142,4.945,HUF,0,787
22/06/2026 08:25:05,173,4.945,HUF,0,776
22/06/2026 08:25:15,192,4.944,HUF,0,785
22/06/2026 08:25:29,201,4.935125,GOC,0,5907
22/06/2026 08:25:40,218,4.951,HUF,0,780
22/06/2026 08:25:57,226,4.943375,GOC,0,1475
22/06/2026 08:26:18,243,4.942,HUF,0,792
22/06/2026 08:26:32,264,4.944,HUF,0,779
22/06/2026 08:26:48,280,4.945,HUF,0,785
22/06/2026 08:27:04,295,4.948,HUF,0,790
22/06/2026 08:27:16,312,4.94,HUF,0,892
22/06/2026 08:27:30,322,4.94,HUF,0,782
22/06/2026 08:27:40,3,4.937,HUF,0,860
22/06/2026 08:28:07,4,4.951,HUF,0,840
22/06/2026 08:28:29,1,4.944688,GOC,0,0
22/06/2026 08:30:40,105,2.305125,GOC,0,791
22/06/2026 08:31:40,160,4.459813,GOC,0,811
22/06/2026 08:31:47,173,2.990438,GOC,0,802
22/06/2026 08:31:53,181,4.396594,GOC,0,806
22/06/2026 08:32:09,186,4.472694,GOC,0,796
22/06/2026 08:32:16,199,4.643,HUF,0,913
22/06/2026 08:32:21,209,4.745,HUF,0,1002
22/06/2026 08:32:27,215,4.797,HUF,0,794
22/06/2026 08:32:35,223,4.88,HUF,0,2151
22/06/2026 08:32:41,228,4.895,HUF,0,801
22/06/2026 08:32:46,234,4.903,HUF,0,1011
22/06/2026 08:32:47,75,4.31,HUF,0,818
22/06/2026 08:32:55,239,4.906,HUF,0,1170
22/06/2026 08:33:01,249,4.908,HUF,0,792
22/06/2026 08:33:06,254,5.558938,GOC,0,796
22/06/2026 08:33:11,259,2.911062,GOC,0,802
22/06/2026 08:33:16,264,1.920437,GOC,0,793
22/06/2026 08:33:25,269,3.036,GOC,0,1287
22/06/2026 08:33:31,278,4.677,HUF,0,1039
22/06/2026 08:33:36,284,4.669,HUF,0,843
22/06/2026 08:33:46,291,4.658574,GOC,0,888
22/06/2026 08:33:52,300,4.65,HUF,0,796
22/06/2026 08:33:57,305,4.645,HUF,0,792
22/06/2026 08:34:01,309,4.642,HUF,0,821
22/06/2026 08:34:06,314,4.638,HUF,0,925
22/06/2026 08:34:11,319,4.632,HUF,0,1094
22/06/2026 08:34:15,323,4.631,HUF,0,910
22/06/2026 08:34:21,328,4.627,HUF,0,852
22/06/2026 08:34:26,334,4.623,HUF,0,793
22/06/2026 08:34:30,338,4.62,HUF,0,794
22/06/2026 08:34:34,342,4.617,HUF,0,793
22/06/2026 08:34:39,2,4.612,HUF,0,798
22/06/2026 08:34:43,3,4.611,HUF,0,1011
22/06/2026 08:35:06,1,4.596367,GOC,0,0
22/06/2026 08:35:10,4,4.595,HUF,0,1349
22/06/2026 08:35:14,8,4.593,HUF,0,18116
22/06/2026 08:35:18,13,4.59,HUF,0,797
22/06/2026 08:35:22,17,4.589,HUF,0,832
22/06/2026 08:35:26,20,4.586,HUF,0,1208
22/06/2026 08:35:29,24,4.583,HUF,0,791
22/06/2026 08:35:34,28,4.579,HUF,0,2832
22/06/2026 08:35:38,33,4.579,HUF,0,10562
22/06/2026 08:35:42,37,4.576,HUF,0,1316
22/06/2026 08:35:47,41,4.575609,GOC,0,2037
22/06/2026 08:35:50,45,4.574,HUF,0,1369
22/06/2026 08:35:54,48,4.574,HUF,0,786
22/06/2026 08:35:58,52,4.573,HUF,0,838
22/06/2026 08:36:01,56,4.570195,GOC,0,31007
22/06/2026 08:36:05,60,4.568,HUF,0,981
22/06/2026 08:36:08,63,4.565,HUF,0,2136
22/06/2026 08:36:13,67,4.563,HUF,0,801
22/06/2026 08:36:17,71,4.562191,GOC,0,843
22/06/2026 08:36:21,75,4.557,HUF,0,803
22/06/2026 08:36:24,79,4.558,HUF,0,32529
22/06/2026 08:36:30,84,4.555,HUF,0,795
22/06/2026 08:36:34,88,4.554,HUF,0,1138
22/06/2026 08:36:38,92,4.552,HUF,0,791
22/06/2026 08:36:42,96,4.550691,GOC,0,794
22/06/2026 08:36:46,100,4.55,HUF,0,45774
22/06/2026 08:36:50,104,4.548,HUF,0,1322
22/06/2026 08:36:53,107,4.547,HUF,0,863
22/06/2026 08:36:56,111,4.545404,GOC,0,807
22/06/2026 08:37:00,114,4.544,HUF,0,793
22/06/2026 08:37:05,119,4.544,HUF,0,797
22/06/2026 08:37:09,123,4.541,HUF,0,4305
22/06/2026 08:37:14,3,4.54,HUF,0,799
22/06/2026 08:37:22,4,4.537,HUF,0,784
22/06/2026 08:37:37,1,4.560155,GOC,0,0
22/06/2026 08:37:42,4,4.559,HUF,0,5018
22/06/2026 08:37:46,8,4.558,HUF,0,795
22/06/2026 08:37:50,12,4.557,HUF,0,1401
22/06/2026 08:37:54,16,4.559443,GOC,0,3157
22/06/2026 08:37:57,19,4.555,HUF,0,860
22/06/2026 08:38:02,24,4.556,HUF,0,781
22/06/2026 08:38:08,31,4.552253,GOC,0,779
22/06/2026 08:38:13,35,4.551,HUF,0,32458
22/06/2026 08:38:16,39,4.546,HUF,0,804
22/06/2026 08:38:20,42,4.547,HUF,0,1664
22/06/2026 08:38:25,47,4.537,HUF,0,1703
22/06/2026 08:38:31,53,4.536,HUF,0,15245
22/06/2026 08:38:35,57,4.532,HUF,0,784
22/06/2026 08:38:38,1,4.528971,GOC,0,0
22/06/2026 08:38:43,3,4.53,HUF,0,784
22/06/2026 08:38:49,4,4.528,HUF,0,779
22/06/2026 08:39:05,1,4.487771,GOC,0,0
22/06/2026 08:39:10,4,4.487,HUF,0,14590
22/06/2026 08:39:13,8,4.486,HUF,0,1031
22/06/2026 08:39:17,11,4.483379,GOC,0,789
22/06/2026 08:39:21,16,4.481283,GOC,0,801
22/06/2026 08:39:24,19,4.478,HUF,0,2959
22/06/2026 08:39:28,23,4.478,HUF,0,796
22/06/2026 08:39:32,27,4.476,HUF,0,795
22/06/2026 08:39:36,30,4.475,HUF,0,805
22/06/2026 08:39:40,1,4.473872,GOC,0,0
22/06/2026 08:39:44,3,4.474,HUF,0,804
22/06/2026 08:39:50,4,4.472,HUF,0,786
22/06/2026 08:40:07,1,4.459542,GOC,0,0
22/06/2026 08:40:11,4,4.459,HUF,0,3753
22/06/2026 08:40:19,8,4.458,HUF,0,787
22/06/2026 08:40:24,16,4.456986,GOC,0,794
22/06/2026 08:40:29,21,4.455655,GOC,0,788
22/06/2026 08:40:33,26,4.454241,GOC,0,794
22/06/2026 08:40:38,30,4.452,HUF,0,10008
22/06/2026 08:40:41,34,4.451,HUF,0,5547
22/06/2026 08:40:46,1,4.451636,GOC,0,0
22/06/2026 08:40:50,3,4.448,HUF,0,16781
22/06/2026 08:40:56,4,4.445,HUF,0,12481
22/06/2026 08:41:12,1,4.433552,GOC,0,0
22/06/2026 08:41:17,4,4.433,HUF,0,821
22/06/2026 08:41:21,8,4.434,HUF,0,14581
22/06/2026 08:41:25,13,4.431,HUF,0,799
22/06/2026 08:41:30,17,4.43,HUF,0,794
22/06/2026 08:41:35,23,4.429,HUF,0,809
22/06/2026 08:41:40,28,4.427,HUF,0,49392
22/06/2026 08:41:44,31,4.426188,GOC,0,16994
22/06/2026 08:41:48,35,4.425,HUF,0,800
22/06/2026 08:41:52,1,4.424416,GOC,0,0
22/06/2026 08:41:56,3,4.424,HUF,0,953
22/06/2026 08:42:03,4,4.423,HUF,0,789
22/06/2026 08:42:20,1,4.409753,GOC,0,0
22/06/2026 08:42:24,5,4.406,HUF,0,778
22/06/2026 08:42:29,10,0.048,GOC,0,797
22/06/2026 08:42:33,14,0.048,HUF,0,7932
22/06/2026 08:42:38,19,4.812,HUF,0,801
22/06/2026 08:42:42,23,4.806,HUF,0,1832
22/06/2026 08:42:47,27,0.048,HUF,0,806
22/06/2026 08:42:51,32,0.048,HUF,0,791
22/06/2026 08:42:55,36,0.810362,GOC,0,13360
22/06/2026 08:42:59,40,0.811,HUF,0,794
22/06/2026 08:43:04,44,0.81,HUF,0,800
22/06/2026 08:43:07,48,0.811,HUF,0,1245
22/06/2026 08:43:12,52,0.809,HUF,0,803
22/06/2026 08:43:16,56,0.809352,GOC,0,794
22/06/2026 08:43:19,60,0.811,HUF,0,12388
22/06/2026 08:43:23,64,0.809,HUF,0,796
22/06/2026 08:43:27,67,0.811,HUF,0,802
22/06/2026 08:43:31,72,0.809,HUF,0,1230
22/06/2026 08:43:35,2,0.809,HUF,0,807
22/06/2026 08:43:40,3,0.809,HUF,0,787
22/06/2026 08:43:45,4,0.808,HUF,0,771
22/06/2026 08:44:01,1,0.787581,GOC,0,0
22/06/2026 08:44:05,3,0.787,HUF,0,778
22/06/2026 08:44:09,8,0.788,HUF,0,784
22/06/2026 08:44:14,13,0.028,HUF,0,827
22/06/2026 08:44:19,17,4.396,HUF,0,781
22/06/2026 08:44:23,22,4.394,HUF,0,6108
22/06/2026 08:44:27,26,4.391326,GOC,0,794
22/06/2026 08:44:32,30,4.391,HUF,0,776
22/06/2026 08:44:37,36,4.386181,GOC,0,775
22/06/2026 08:44:44,40,4.384,HUF,0,794
22/06/2026 08:44:48,47,0.028,HUF,0,926
22/06/2026 08:44:52,51,0.786702,GOC,0,819
22/06/2026 08:44:57,56,0.785555,GOC,0,853
22/06/2026 08:45:01,60,1.262477,GOC,0,1577
22/06/2026 08:45:06,65,1.111,HUF,0,989
22/06/2026 08:45:11,1,0.127828,GOC,0,0
22/06/2026 08:45:16,7,2.381125,GOC,0,786
22/06/2026 08:45:21,11,6.424,GOC,0,792
22/06/2026 08:45:25,16,6.424,GOC,0,872
22/06/2026 08:45:29,20,6.424,HUF,0,4163
22/06/2026 08:45:33,23,6.424,HUF,0,808
22/06/2026 08:45:37,28,6.424,HUF,0,777
22/06/2026 08:45:42,33,6.424,HUF,0,791
22/06/2026 08:45:47,38,6.424,HUF,0,12156
22/06/2026 08:45:52,42,0.142,HUF,0,11902
22/06/2026 08:45:56,47,0.028031,GOC,0,790
22/06/2026 08:46:01,52,3.903375,GOC,0,976
22/06/2026 08:46:07,57,3.807437,GOC,0,2160
22/06/2026 08:46:12,62,0.03,HUF,0,8121
22/06/2026 08:46:16,67,6.159812,GOC,0,791
22/06/2026 08:46:20,71,0.038632,GOC,0,788
22/06/2026 08:46:24,75,5.271094,GOC,0,986
22/06/2026 08:46:28,79,0.029,HUF,0,781
22/06/2026 08:46:37,84,4.1335,GOC,0,7664
22/06/2026 08:46:42,92,5.576586,GOC,0,882
22/06/2026 08:46:48,98,0.028,HUF,0,780
22/06/2026 08:46:53,103,3.571563,GOC,0,785
22/06/2026 08:46:57,108,0.553016,GOC,0,18006
22/06/2026 08:47:01,112,0.029,HUF,0,784
22/06/2026 08:47:08,116,0.065304,GOC,0,780
22/06/2026 08:47:12,123,0.071,HUF,0,838
22/06/2026 08:47:16,127,0.029,HUF,0,790
22/06/2026 08:47:22,133,0.028,HUF,0,783
22/06/2026 08:47:27,137,4.516875,GOC,0,844
22/06/2026 08:47:31,142,0.463789,GOC,0,794
22/06/2026 08:47:38,148,4.227687,GOC,0,2925
22/06/2026 08:47:42,153,0.028,HUF,0,1214
22/06/2026 08:47:46,157,3.826875,GOC,0,9763
22/06/2026 08:47:49,160,0.028,HUF,0,790
22/06/2026 08:47:53,164,0.32817,GOC,0,802
22/06/2026 08:47:59,170,0.028427,GOC,0,779
22/06/2026 08:48:02,173,6.194843,GOC,0,781
22/06/2026 08:48:07,178,5.808844,GOC,0,8062
22/06/2026 08:48:11,182,0.028,HUF,0,1142
22/06/2026 08:48:17,187,0.028004,GOC,0,9151
22/06/2026 08:48:21,191,4.977188,GOC,0,781
22/06/2026 08:48:27,198,6.230149,GOC,0,1222
22/06/2026 08:48:32,202,0.03,HUF,0,8737
22/06/2026 08:48:36,207,1.781422,GOC,0,2170
22/06/2026 08:48:42,3,4.849312,GOC,0,790
22/06/2026 08:48:52,4,0.028,GOC,0,12815
22/06/2026 08:49:24,5,5.551188,GOC,0,755
22/06/2026 08:49:29,7,6.279926,GOC,0,766
22/06/2026 08:49:32,11,0.057521,GOC,0,773
22/06/2026 08:49:36,15,0.248187,GOC,0,11838
22/06/2026 08:49:41,20,6.037133,GOC,0,1505
22/06/2026 08:49:46,24,0.081,HUF,0,3004
22/06/2026 08:49:51,4,5.907562,GOC,0,785
22/06/2026 08:49:55,9,1.510937,GOC,0,779
22/06/2026 08:50:00,13,0.02803,GOC,0,3084
22/06/2026 08:50:04,17,4.132406,GOC,0,774
22/06/2026 08:50:08,21,0.028024,GOC,0,777
22/06/2026 08:50:11,25,4.775187,GOC,0,1711
22/06/2026 08:50:16,29,0.028,GOC,0,5929
22/06/2026 08:50:20,34,5.829782,GOC,0,789
22/06/2026 08:50:26,39,0.028,HUF,0,2110
22/06/2026 08:50:30,44,2.943531,GOC,0,1545
22/06/2026 08:50:35,48,5.638515,GOC,0,789
22/06/2026 08:50:42,52,0.029,HUF,0,1069
22/06/2026 08:50:46,60,4.767125,GOC,0,1717
22/06/2026 08:50:50,64,2.221329,GOC,0,779
22/06/2026 08:50:54,68,2.221,HUF,0,784
22/06/2026 08:50:58,72,2.222,HUF,0,3017
22/06/2026 08:51:04,76,2.220777,GOC,0,781
22/06/2026 08:51:09,83,2.219,HUF,0,788
22/06/2026 08:51:13,87,2.219,HUF,0,844
22/06/2026 08:51:17,91,2.2177,GOC,0,24770
22/06/2026 08:51:22,95,2.217,HUF,0,25150
22/06/2026 08:51:25,99,2.216,HUF,0,780
22/06/2026 08:51:29,103,2.218,HUF,0,800
22/06/2026 08:51:33,107,2.215,HUF,0,774
22/06/2026 08:51:38,111,2.21537,GOC,0,786
22/06/2026 08:51:43,117,2.213,HUF,0,15298
22/06/2026 08:51:47,121,2.211876,GOC,0,793
22/06/2026 08:51:52,126,2.211464,GOC,0,814
22/06/2026 08:51:57,131,2.210413,GOC,0,2083
22/06/2026 08:52:00,134,2.21,HUF,0,800
22/06/2026 08:52:05,138,2.209,HUF,0,21029
22/06/2026 08:52:09,143,2.207,HUF,0,4016
22/06/2026 08:52:13,147,2.208,HUF,0,786
22/06/2026 08:52:18,152,2.206,HUF,0,777
22/06/2026 08:52:22,156,2.205984,GOC,0,783
22/06/2026 08:52:26,159,2.206,HUF,0,1188
22/06/2026 08:52:30,164,2.206,HUF,0,2255
22/06/2026 08:52:34,168,2.205,HUF,0,778
22/06/2026 08:52:39,173,2.205,HUF,0,1937
22/06/2026 08:52:43,177,2.205,HUF,0,781
22/06/2026 08:52:47,181,2.204206,GOC,0,779
22/06/2026 08:53:08,202,2.202,HUF,6.435644,5724
22/06/2026 08:53:12,206,2.201257,GOC,6.31068,12600
22/06/2026 08:53:17,211,2.20033,GOC,6.161137,778
22/06/2026 08:53:21,215,2.201,HUF,6.046512,14428
22/06/2026 08:53:25,219,2.2,HUF,5.936073,782
22/06/2026 08:53:28,222,2.199,HUF,5.855856,1179
22/06/2026 08:53:33,227,2.198,HUF,5.726872,791
22/06/2026 08:53:37,231,2.199505,GOC,5.627706,3200
22/06/2026 08:53:42,235,2.198,HUF,5.531915,780
22/06/2026 08:54:02,256,2.195951,GOC,11.71875,4490
22/06/2026 08:54:11,260,2.195,HUF,11.53846,782
22/06/2026 08:54:15,269,2.192,HUF,11.15242,788
22/06/2026 08:54:19,272,2.192,HUF,11.02941,789
22/06/2026 08:54:24,278,2.189,HUF,10.79137,782
22/06/2026 08:54:29,283,2.188,HUF,10.60071,786
22/06/2026 08:54:33,286,2.186969,GOC,10.48951,1918
22/06/2026 08:54:37,291,2.187439,GOC,10.30928,784
22/06/2026 08:54:41,295,2.186,HUF,10.16949,780
22/06/2026 08:54:46,300,2.185,HUF,10,777
22/06/2026 08:54:50,304,2.184,HUF,9.868422,1894
22/06/2026 08:54:54,308,2.183,HUF,9.740259,777
22/06/2026 08:54:59,313,2.183,HUF,9.584664,786
22/06/2026 08:55:04,318,2.182,HUF,9.433963,4267
22/06/2026 08:55:09,323,2.181,HUF,9.287926,782
22/06/2026 08:55:14,328,2.18,HUF,9.146341,783
22/06/2026 08:55:18,332,2.179,HUF,9.036144,8733
22/06/2026 08:55:22,336,2.179007,GOC,8.928572,779
22/06/2026 08:55:27,340,2.179,HUF,8.823529,11672
22/06/2026 08:55:31,344,2.178,HUF,8.72093,792
22/06/2026 08:55:35,349,2.178,HUF,8.595989,789
22/06/2026 08:55:39,353,2.176,HUF,8.498584,1084
22/06/2026 08:55:43,357,2.176,HUF,8.403361,791
22/06/2026 08:55:47,361,2.175745,GOC,8.310249,786
22/06/2026 08:55:51,365,2.176,HUF,8.219178,2486
22/06/2026 08:55:55,369,2.175,HUF,8.130081,785
22/06/2026 08:56:00,374,2.175,HUF,8.021391,3595
22/06/2026 08:56:04,378,2.175,HUF,7.936508,10465
22/06/2026 08:56:09,383,2.175,HUF,7.832898,1853
22/06/2026 08:56:14,388,2.174,HUF,7.731958,3605
22/06/2026 08:56:19,393,2.173,HUF,7.633588,984
22/06/2026 08:56:23,397,2.173,HUF,7.556675,790
22/06/2026 08:56:27,401,2.172233,GOC,7.481297,1156
22/06/2026 08:56:32,405,2.172,HUF,7.407407,775
22/06/2026 08:56:36,410,2.172,HUF,7.317073,6535
22/06/2026 08:56:40,414,2.172,HUF,7.246377,912
22/06/2026 08:56:44,418,2.171,HUF,7.177033,1083
22/06/2026 08:56:49,423,2.171,HUF,7.092199,856
22/06/2026 08:56:53,427,2.17,HUF,7.025761,782
22/06/2026 08:56:58,431,2.169716,GOC,6.960557,859
22/06/2026 08:57:02,436,2.169472,GOC,6.880734,772
22/06/2026 08:57:07,441,2.168226,GOC,6.802722,959
22/06/2026 08:57:13,446,2.169057,GOC,6.726457,778
22/06/2026 08:57:17,451,2.167553,GOC,6.651885,1979
22/06/2026 08:57:21,455,2.167,HUF,6.593407,792
22/06/2026 08:57:26,460,2.167,HUF,6.521739,780
22/06/2026 08:57:31,464,2.165,HUF,6.465517,787
22/06/2026 08:57:35,469,2.164,HUF,6.396589,895
22/06/2026 08:57:39,473,2.164,HUF,6.342494,787
22/06/2026 08:57:44,477,2.164,HUF,6.289309,776
22/06/2026 08:57:48,481,2.162662,GOC,6.237006,781
22/06/2026 08:57:53,486,2.163062,GOC,6.17284,1440
22/06/2026 08:57:57,490,2.162,HUF,6.122449,951
22/06/2026 08:58:01,494,2.162,HUF,6.072875,777
22/06/2026 08:58:10,504,2.16,HUF,5.952381,784
22/06/2026 08:58:14,508,2.158,HUF,5.905512,774
22/06/2026 08:58:19,512,2.159,HUF,5.859375,1825
22/06/2026 08:58:23,517,2.157,HUF,5.802708,1718
22/06/2026 08:58:30,523,2.156,HUF,5.736137,777
22/06/2026 08:58:33,527,2.156,HUF,5.6926,1543
22/06/2026 08:58:37,531,2.155949,GOC,5.649717,779
22/06/2026 08:58:44,536,2.155493,GOC,5.597015,784
22/06/2026 08:58:49,542,2.155,HUF,5.535055,1025
22/06/2026 08:58:53,547,2.155,HUF,5.484461,783
22/06/2026 08:58:57,551,2.154934,GOC,5.444646,786
22/06/2026 08:59:01,555,2.155,HUF,5.405406,781
22/06/2026 08:59:05,559,2.154,HUF,5.366726,780
22/06/2026 08:59:11,565,2.153,HUF,5.309734,788
22/06/2026 08:59:15,569,2.154,HUF,5.272408,778
22/06/2026 08:59:20,574,2.153,HUF,5.226481,783
22/06/2026 08:59:26,580,2.152,HUF,5.172414,787
22/06/2026 08:59:37,590,2.151,HUF,5.084745,784
22/06/2026 08:59:41,594,2.15,HUF,5.050505,775
22/06/2026 08:59:45,599,2.15,HUF,5.008348,780
22/06/2026 08:59:49,603,2.148,HUF,4.975124,884
22/06/2026 08:59:54,608,2.148,HUF,4.934211,788
22/06/2026 08:59:58,612,2.147,HUF,4.901961,796
22/06/2026 09:00:02,616,2.146617,GOC,4.87013,790
22/06/2026 09:00:08,621,2.146749,GOC,4.830918,778
22/06/2026 09:00:12,626,2.14452,GOC,4.792332,788
22/06/2026 09:00:17,630,2.145,HUF,4.761905,773
22/06/2026 09:00:21,634,2.144,HUF,4.731861,771
22/06/2026 09:00:24,638,2.144,HUF,4.702194,1017
22/06/2026 09:00:28,642,2.144,HUF,4.672897,791
22/06/2026 09:00:34,647,2.143,HUF,4.636785,4878
22/06/2026 09:00:41,652,2.143,HUF,4.601227,788
22/06/2026 09:00:45,659,2.141,HUF,4.552352,4084
22/06/2026 09:00:49,663,2.141,HUF,4.524887,778
22/06/2026 09:00:54,667,2.141,HUF,4.497751,779
22/06/2026 09:00:58,671,2.140723,GOC,4.470939,810
22/06/2026 09:01:02,675,2.139,HUF,4.444445,789
22/06/2026 09:01:07,680,2.139,HUF,4.411765,792
22/06/2026 09:01:11,684,2.139,HUF,4.385965,788
22/06/2026 09:01:15,689,2.139,HUF,4.354136,786
22/06/2026 09:01:20,693,2.138,HUF,4.329004,800
22/06/2026 09:01:24,697,2.138,HUF,4.304161,775
22/06/2026 09:01:28,702,2.138,HUF,4.273504,777
22/06/2026 09:01:32,706,2.137796,GOC,4.249292,781
22/06/2026 09:01:37,711,2.137434,GOC,4.219409,790
22/06/2026 09:01:46,719,2.137,HUF,4.172462,788
22/06/2026 09:01:49,723,2.137,HUF,4.149378,861
22/06/2026 09:01:54,728,2.136,HUF,4.120879,1077
22/06/2026 09:01:58,732,2.135,HUF,4.098361,785
22/06/2026 09:02:02,736,2.135405,GOC,4.076087,778
22/06/2026 09:02:08,741,2.134597,GOC,4.048583,790
22/06/2026 09:02:12,746,2.131707,GOC,4.021448,786
22/06/2026 09:02:17,751,2.13168,GOC,3.994674,785
22/06/2026 09:02:22,756,2.128091,GOC,3.968254,778
22/06/2026 09:02:27,761,2.128247,GOC,3.942181,806
22/06/2026 09:02:31,765,2.128,HUF,3.921569,777
22/06/2026 09:02:35,768,2.128,HUF,3.90625,885
22/06/2026 09:02:39,773,2.128,HUF,3.880983,1000
22/06/2026 09:02:43,777,2.128,HUF,3.861004,783
22/06/2026 09:02:48,781,2.127376,GOC,3.841229,776
22/06/2026 09:02:53,787,2.127,HUF,3.811944,792
22/06/2026 09:02:58,791,2.12607,GOC,3.792667,787
22/06/2026 09:03:02,796,2.125427,GOC,3.768844,794
22/06/2026 09:03:07,801,2.124346,GOC,3.745318,886
22/06/2026 09:03:11,805,2.124,HUF,3.726708,781
22/06/2026 09:03:19,813,2.125,HUF,3.690037,806
22/06/2026 09:03:23,817,2.123,HUF,3.671971,791
22/06/2026 09:03:27,821,2.123378,GOC,3.65408,781
22/06/2026 09:03:31,825,2.123,HUF,3.636364,789
22/06/2026 09:03:36,830,2.123,HUF,3.614458,2987
22/06/2026 09:03:41,835,2.123,HUF,3.592814,791
22/06/2026 09:03:45,839,2.122,HUF,3.575685,792
22/06/2026 09:03:50,843,2.123,HUF,3.558719,848
22/06/2026 09:03:56,850,2.121,HUF,3.529412,8643
22/06/2026 09:04:01,854,2.121,HUF,3.512881,918
22/06/2026 09:04:05,859,2.121,HUF,3.492433,791
22/06/2026 09:04:09,863,2.121,HUF,3.476246,786
22/06/2026 09:04:14,867,2.12,HUF,3.460207,1763
22/06/2026 09:04:18,872,2.119,HUF,3.440367,773
22/06/2026 09:04:23,877,2.119,HUF,3.420753,1196
22/06/2026 09:04:29,882,2.118,HUF,3.401361,991
22/06/2026 09:04:34,887,2.118,HUF,3.382187,1331
22/06/2026 09:04:39,892,2.116,HUF,3.363229,773
22/06/2026 09:04:43,896,2.11671,GOC,3.348214,948
22/06/2026 09:04:47,901,2.115399,GOC,3.329634,775
22/06/2026 09:04:51,905,2.115,HUF,3.314917,793
22/06/2026 09:04:56,909,2.115,HUF,3.30033,783
22/06/2026 09:04:59,913,2.115,HUF,3.285871,991
22/06/2026 09:05:04,918,0.028,GOC,3.267974,1942
22/06/2026 09:05:08,922,0.028,HUF,3.253796,3120
22/06/2026 09:05:12,926,0.028,GOC,3.239741,776
22/06/2026 09:05:16,930,0.028,HUF,3.225806,785
22/06/2026 09:05:20,934,0.028,HUF,3.211992,1312
22/06/2026 09:05:24,938,0.028,HUF,3.198294,789
22/06/2026 09:05:29,943,0.028,HUF,3.181336,776
22/06/2026 09:05:33,947,0.028,HUF,3.167899,1033
22/06/2026 09:05:38,951,0.028,GOC,3.154574,788
22/06/2026 09:05:44,957,0.028,HUF,3.134796,2560
22/06/2026 09:05:50,962,0.028,HUF,3.118503,776
22/06/2026 09:05:55,969,0.028,HUF,3.095975,794
22/06/2026 09:05:59,973,0.028,HUF,3.083248,1166
22/06/2026 09:06:03,977,0.028,HUF,3.070624,945
22/06/2026 09:06:07,981,0.028,GOC,3.058104,850
22/06/2026 09:06:11,985,0.028,HUF,3.045685,983
22/06/2026 09:06:15,989,0.028,HUF,3.033367,2919
22/06/2026 09:06:19,993,0.028,HUF,3.021148,777
22/06/2026 09:06:26,997,0.028,HUF,3.009027,787
22/06/2026 09:06:31,1004,0.028,HUF,2.988048,6943
22/06/2026 09:06:35,1009,0.028,HUF,2.973241,784
22/06/2026 09:06:38,1012,0.028,HUF,2.964427,788
22/06/2026 09:06:42,1016,0.028,GOC,2.952756,1180
22/06/2026 09:06:46,1020,0.028,HUF,2.941176,3439
22/06/2026 09:06:51,1025,0.028,HUF,2.926829,1681
22/06/2026 09:06:55,1029,0.028,HUF,2.915452,900
22/06/2026 09:06:59,1032,0.028,HUF,2.906977,3341
22/06/2026 09:07:02,1036,0.028,GOC,2.895753,787
22/06/2026 09:07:06,1039,0.028,HUF,2.887392,783
22/06/2026 09:07:10,1044,0.028,HUF,2.873563,782
22/06/2026 09:07:14,1048,0.028,HUF,2.862595,783
22/06/2026 09:07:19,1052,0.028,HUF,2.851711,788
22/06/2026 09:07:23,1057,0.028,HUF,2.838221,1394
22/06/2026 09:07:27,1060,0.028,HUF,2.830189,779
22/06/2026 09:07:31,1065,0.028,HUF,2.816901,786
22/06/2026 09:07:34,1068,0.028,HUF,2.808989,785
22/06/2026 09:07:39,1072,0.028,HUF,2.798507,829
22/06/2026 09:07:43,1077,0.028,HUF,2.785515,1302
22/06/2026 09:07:49,1083,0.028,HUF,2.770083,1078
22/06/2026 09:07:54,1087,0.028,HUF,2.75989,1047
22/06/2026 09:07:59,1093,0.028,HUF,2.744739,1463
22/06/2026 09:08:03,1097,0.028,HUF,2.734731,787
22/06/2026 09:08:07,1101,0.028,GOC,2.724796,781
22/06/2026 09:08:12,1105,0.028,HUF,2.714932,807
22/06/2026 09:08:17,1111,0.028,GOC,2.70027,788
22/06/2026 09:08:22,1115,0.028,HUF,2.690583,806
22/06/2026 09:08:26,1119,0.028,HUF,2.680965,779
22/06/2026 09:08:30,1124,0.028,HUF,2.669039,775
22/06/2026 09:08:34,1128,0.028,HUF,2.659575,791
22/06/2026 09:08:38,1132,0.028,HUF,2.650177,782
22/06/2026 09:08:42,1136,0.028,GOC,2.640845,789
22/06/2026 09:08:46,1140,0.028,HUF,2.631579,3838
22/06/2026 09:08:50,1144,0.028,HUF,2.622378,782
22/06/2026 09:08:53,1147,0.028,HUF,2.615519,977
22/06/2026 09:08:57,1151,0.028,GOC,2.606429,1382
22/06/2026 09:09:02,1155,0.028,HUF,2.597403,775
22/06/2026 09:09:07,1160,0.028,HUF,2.586207,785
22/06/2026 09:09:12,1166,0.028,GOC,2.572899,788
22/06/2026 09:09:16,1170,0.028,HUF,2.564103,790
22/06/2026 09:09:21,1174,0.028,HUF,2.555366,779
22/06/2026 09:09:26,1179,0.028,HUF,2.544529,943
22/06/2026 09:09:41,1195,0.028,HUF,2.51046,795
22/06/2026 09:09:46,1199,0.028,HUF,2.502085,784
22/06/2026 09:09:50,1204,0.028,HUF,2.491694,778
22/06/2026 09:09:54,1208,0.028,HUF,2.483444,785
22/06/2026 09:09:58,1212,0.028,HUF,2.475248,786
22/06/2026 09:10:02,1216,0.028,GOC,2.467105,1642
22/06/2026 09:10:06,1219,0.028,HUF,2.461034,786
22/06/2026 09:10:11,1225,0.028,HUF,2.44898,1244
22/06/2026 09:10:15,1228,0.028,HUF,2.442997,1054
22/06/2026 09:10:19,1233,0.028,HUF,2.43309,1114
22/06/2026 09:10:24,1237,0.028,HUF,2.425222,781
22/06/2026 09:10:27,1241,0.028,GOC,2.417405,791
22/06/2026 09:10:31,1245,0.028,HUF,2.409638,792
22/06/2026 09:10:37,1250,0.028,HUF,2.4,790
22/06/2026 09:10:41,1254,0.028,HUF,2.392344,822
22/06/2026 09:10:45,1258,0.028,HUF,2.384738,789
22/06/2026 09:10:50,1263,0.028,HUF,2.375297,787
22/06/2026 09:10:54,1267,0.028,HUF,2.367798,781
22/06/2026 09:10:59,1272,0.028,HUF,2.358491,790
22/06/2026 09:11:03,1276,0.028,GOC,2.351097,787
22/06/2026 09:11:08,1281,0.028,GOC,2.34192,788
22/06/2026 09:11:13,1286,0.028,GOC,2.332815,1118
22/06/2026 09:11:18,1291,0.028,GOC,2.32378,933
22/06/2026 09:11:22,1296,0.028,GOC,2.314815,815
22/06/2026 09:11:28,1300,0.028,HUF,2.307692,795
22/06/2026 09:11:32,1306,0.028,GOC,2.29709,788
22/06/2026 09:11:37,1311,0.028,GOC,2.28833,786
22/06/2026 09:11:42,1315,0.028,HUF,2.281369,774
22/06/2026 09:11:46,1319,0.028,HUF,2.27445,785
22/06/2026 09:11:51,1324,0.028,HUF,2.265861,1671
22/06/2026 09:11:55,1329,0.028,HUF,2.257336,783
22/06/2026 09:11:59,1333,0.028,HUF,2.250563,779
22/06/2026 09:12:03,1337,0.028,HUF,2.243829,776
22/06/2026 09:12:08,1341,0.028,GOC,2.237136,1050
22/06/2026 09:12:12,1345,0.028,HUF,2.230483,780
22/06/2026 09:12:17,1350,0.028,HUF,2.222222,952
22/06/2026 09:12:21,1354,0.028,HUF,2.215657,782
22/06/2026 09:12:26,1360,0.028,HUF,2.205882,1820
22/06/2026 09:12:31,1365,0.028,HUF,2.197802,10597
22/06/2026 09:12:36,1369,0.028,HUF,2.191381,785
22/06/2026 09:12:40,1374,0.028,HUF,2.183406,782
22/06/2026 09:12:44,1378,0.028,HUF,2.177068,781
22/06/2026 09:12:49,1382,0.028,HUF,2.170767,1070
22/06/2026 09:12:54,1388,0.028,HUF,2.161383,787
22/06/2026 09:12:59,1392,0.028,HUF,2.155172,778
22/06/2026 09:13:03,1396,0.028,GOC,2.148997,785
22/06/2026 09:13:08,1401,0.028,GOC,2.141328,789
22/06/2026 09:13:12,1405,0.028,HUF,2.135231,1690
22/06/2026 09:13:15,1409,0.028,HUF,2.129169,781
22/06/2026 09:13:20,1413,0.028,HUF,2.123142,776
22/06/2026 09:13:25,1418,0.028,HUF,2.115656,776
22/06/2026 09:13:29,1423,0.028,HUF,2.108222,773
22/06/2026 09:13:33,1427,0.028,HUF,2.102313,776
22/06/2026 09:13:38,1432,0.028,HUF,2.094972,793
22/06/2026 09:13:43,1436,0.028,GOC,2.089136,774
22/06/2026 09:13:48,1441,0.028,GOC,2.081888,789
22/06/2026 09:13:52,1446,0.028,GOC,2.074689,783
22/06/2026 09:13:56,1450,0.028,HUF,2.068965,800
22/06/2026 09:14:01,1454,0.028,HUF,2.063274,1913
22/06/2026 09:14:04,1458,0.028,HUF,2.057613,787
22/06/2026 09:14:09,1463,0.028,HUF,2.050581,793
22/06/2026 09:14:14,1467,0.028,HUF,2.04499,907
22/06/2026 09:14:18,1472,0.028,HUF,2.038043,1021
22/06/2026 09:14:23,1476,0.028,GOC,2.03252,776
22/06/2026 09:14:31,1484,0.028,HUF,2.021564,794
22/06/2026 09:14:35,1489,0.028,HUF,2.014775,780
22/06/2026 09:14:39,1493,0.028,HUF,2.009377,1761
22/06/2026 09:14:53,1506,0.028,GOC,1.992032,791
22/06/2026 09:14:52,1497,0.028,HUF,2.004008,1861
22/06/2026 09:14:58,1511,0.028,GOC,1.98544,3100
22/06/2026 09:15:05,1516,0.028,GOC,1.978892,778
22/06/2026 09:15:09,1523,0.028,HUF,1.969796,782
22/06/2026 09:15:14,1527,0.028,HUF,1.964637,787
22/06/2026 09:15:18,1532,0.028,HUF,1.958225,788
22/06/2026 09:15:21,1534,0.028,HUF,1.955671,783
22/06/2026 09:15:25,1538,0.028,HUF,1.950585,781
22/06/2026 09:15:29,1542,0.028,HUF,1.945525,792
22/06/2026 09:15:33,1547,0.028,HUF,1.939237,778
22/06/2026 09:15:37,1551,0.028,GOC,1.934236,790
22/06/2026 09:15:42,1556,0.028,GOC,1.928021,786
22/06/2026 09:15:46,1559,0.028,HUF,1.92431,826
22/06/2026 09:15:50,1564,0.028,HUF,1.918159,4304
22/06/2026 09:15:54,1568,0.028,HUF,1.913265,791
22/06/2026 09:15:58,1572,0.028,HUF,1.908397,778
22/06/2026 09:16:02,1576,0.028,GOC,1.903553,1250
22/06/2026 09:16:06,1580,0.028,HUF,1.898734,785
22/06/2026 09:16:12,1585,0.028,HUF,1.892745,780
22/06/2026 09:16:16,1589,0.028,HUF,1.88798,779
22/06/2026 09:16:20,1594,0.028,HUF,1.882058,782
22/06/2026 09:16:25,1598,0.028,HUF,1.877347,790
22/06/2026 09:16:29,1603,0.028,HUF,1.871491,793
22/06/2026 09:16:33,1607,0.028,HUF,1.866833,2892
22/06/2026 09:16:38,1612,0.028,HUF,1.861042,1087
22/06/2026 09:16:42,1616,0.028,GOC,1.856436,783
22/06/2026 09:16:46,1620,0.028,HUF,1.851852,777
22/06/2026 09:16:55,1629,0.028,HUF,1.841621,787
22/06/2026 09:16:59,1633,0.028,HUF,1.83711,1468
22/06/2026 09:17:03,1637,0.028,HUF,1.832621,781
22/06/2026 09:17:07,1641,0.028,GOC,1.828154,1707
22/06/2026 09:17:11,1645,0.028,HUF,1.823708,779
22/06/2026 09:17:15,1648,0.028,HUF,1.820388,1744
22/06/2026 09:17:19,1653,0.028,HUF,1.814882,794
22/06/2026 09:17:23,1657,0.028,HUF,1.810501,2010
22/06/2026 09:17:28,1661,0.028,GOC,1.806141,778
22/06/2026 09:17:32,1665,0.028,HUF,1.801802,1121
22/06/2026 09:17:37,1670,0.028,HUF,1.796407,1351
22/06/2026 09:17:41,1674,0.028,HUF,1.792115,949
22/06/2026 09:17:46,1680,0.028,HUF,1.785714,2823
22/06/2026 09:17:49,1683,0.028,HUF,1.782531,776
22/06/2026 09:17:53,1687,0.028,HUF,1.778305,813
22/06/2026 09:17:57,1691,0.028,GOC,1.774098,787
22/06/2026 09:18:01,1695,0.028,HUF,1.769912,888
22/06/2026 09:18:06,1699,0.028,HUF,1.765745,775
22/06/2026 09:18:11,1704,0.028,HUF,1.760563,786
22/06/2026 09:18:15,1709,0.028,HUF,1.755412,776
22/06/2026 09:18:19,1713,0.028,HUF,1.751314,776
22/06/2026 09:18:24,1718,0.028,HUF,1.746217,777
22/06/2026 09:18:29,1723,0.028,HUF,1.741149,2392
22/06/2026 09:18:33,1727,0.028,HUF,1.737116,789
22/06/2026 09:18:38,1732,0.028,HUF,1.732102,786
22/06/2026 09:18:43,1737,0.028,HUF,1.727116,1034
22/06/2026 09:18:48,1742,0.028,HUF,1.722158,874
22/06/2026 09:18:53,1747,0.028,HUF,1.71723,1706
22/06/2026 09:18:58,1752,0.028,HUF,1.712329,778
22/06/2026 09:19:03,1756,0.028,GOC,1.708428,778
22/06/2026 09:19:06,1760,0.028,HUF,1.704545,783
22/06/2026 09:19:12,1766,0.028,GOC,1.698754,826
22/06/2026 09:19:17,1771,0.028,GOC,1.693958,777
22/06/2026 09:19:22,1776,0.028,GOC,1.689189,783
22/06/2026 09:19:26,1779,0.028,HUF,1.686341,790
22/06/2026 09:19:31,1784,0.028,HUF,1.681614,782
22/06/2026 09:19:36,1790,0.028,HUF,1.675978,776
22/06/2026 09:19:41,1795,0.028,HUF,1.671309,1715
22/06/2026 09:19:45,1799,0.028,HUF,1.667593,832
22/06/2026 09:19:49,1803,0.028,HUF,1.663893,777
22/06/2026 09:19:54,1807,4.603,HUF,1.66021,1289
22/06/2026 09:19:58,1812,4.598,HUF,1.655629,1245
22/06/2026 09:20:02,1816,4.597613,GOC,1.651982,776
22/06/2026 09:20:07,1821,0.028,GOC,1.647447,789
22/06/2026 09:20:12,1826,0.028,GOC,1.642935,788
22/06/2026 09:20:17,1831,0.028,GOC,1.638449,777
22/06/2026 09:20:21,1835,0.028,HUF,1.634877,776
22/06/2026 09:20:26,1840,0.028,HUF,1.630435,788
22/06/2026 09:20:29,1843,0.028,HUF,1.627781,3539
22/06/2026 09:20:33,1847,0.028,HUF,1.624256,793
22/06/2026 09:20:38,1852,0.028,HUF,1.61987,1178
22/06/2026 09:20:42,1856,0.028,GOC,1.616379,839
22/06/2026 09:20:46,1860,0.028,HUF,1.612903,781
22/06/2026 09:20:51,1865,0.028,HUF,1.608579,797
22/06/2026 09:20:55,1869,0.028,HUF,1.605137,883
22/06/2026 09:21:00,1874,0.028,HUF,1.600854,774
22/06/2026 09:21:04,1878,0.028,HUF,1.597444,786
22/06/2026 09:21:09,1883,0.028,HUF,1.593202,778
22/06/2026 09:21:14,1888,0.028,HUF,1.588983,1238
22/06/2026 09:21:19,1892,0.028,HUF,1.585624,777
22/06/2026 09:21:23,1896,0.028,GOC,1.582278,780
22/06/2026 09:21:28,1902,0.028,HUF,1.577287,849
22/06/2026 09:21:32,1906,0.028,GOC,1.573977,781
22/06/2026 09:21:36,1910,0.028,HUF,1.57068,784
22/06/2026 09:21:41,1914,0.028,HUF,1.567398,785
22/06/2026 09:21:45,1919,0.028,HUF,1.563314,773
22/06/2026 09:22:03,1936,0.028,GOC,1.96281,3395
22/06/2026 09:22:07,1940,0.028,HUF,1.958763,781
22/06/2026 09:22:11,1945,0.028,HUF,1.953728,788
22/06/2026 09:22:16,1950,0.028,HUF,1.948718,839
22/06/2026 09:22:20,1954,0.028,HUF,1.944729,784
22/06/2026 09:22:28,1960,0.028,HUF,1.938776,789
22/06/2026 09:22:33,1967,0.028,HUF,1.931876,790
22/06/2026 09:22:38,1971,0.028,GOC,1.927955,783
22/06/2026 09:22:42,1976,0.028,GOC,1.923077,2138
22/06/2026 09:22:46,1980,0.028,HUF,1.919192,820
22/06/2026 09:22:51,1984,0.028,HUF,1.915323,788
22/06/2026 09:22:55,1989,0.028,HUF,1.910508,1174
22/06/2026 09:22:59,1993,0.028,HUF,1.906673,773
22/06/2026 09:23:03,1997,0.028,HUF,1.902854,787
22/06/2026 09:23:08,2001,0.028,GOC,1.899051,787
22/06/2026 09:23:12,2006,0.028,GOC,1.894317,782
22/06/2026 09:23:16,2010,0.028,HUF,1.890547,1049
22/06/2026 09:23:20,2014,0.028,HUF,1.886792,780
22/06/2026 09:23:25,2019,0.028,HUF,1.88212,780
22/06/2026 09:23:29,2022,0.028,HUF,1.879327,783
22/06/2026 09:23:33,2027,0.028,HUF,1.874692,779
22/06/2026 09:23:41,2032,0.028,HUF,1.870079,776
22/06/2026 09:23:45,2039,0.028,HUF,1.863659,803
22/06/2026 09:23:49,2043,0.028,HUF,1.86001,779
22/06/2026 09:23:53,2047,0.028,HUF,1.856375,857
22/06/2026 09:23:58,2052,0.028,HUF,1.851852,784
22/06/2026 09:24:02,2056,0.028,GOC,1.848249,970
22/06/2026 09:24:07,2061,0.028,GOC,1.843765,785
22/06/2026 09:24:11,2065,0.028,HUF,1.840194,774
22/06/2026 09:24:15,2069,0.028,HUF,1.836636,792
22/06/2026 09:24:19,2073,0.028,HUF,1.833092,785
22/06/2026 09:24:23,2077,0.028,HUF,1.829562,779
22/06/2026 09:24:29,2082,0.028,HUF,1.825168,773
22/06/2026 09:24:33,2087,0.028,HUF,1.820795,777
22/06/2026 09:24:37,2091,0.028,GOC,1.817312,945
22/06/2026 09:24:41,2095,0.028,HUF,1.813843,788
22/06/2026 09:24:47,2101,0.028,GOC,1.808663,785
22/06/2026 09:24:51,2105,0.028,HUF,1.805226,777
22/06/2026 09:24:56,2110,0.028,HUF,1.800948,876
22/06/2026 09:25:01,2114,0.028,HUF,1.79754,785
22/06/2026 09:25:05,2119,0.028,HUF,1.793299,1950
22/06/2026 09:25:09,2123,0.028,HUF,1.78992,786
22/06/2026 09:25:14,2127,0.028,HUF,1.786554,791
22/06/2026 09:25:19,2132,0.028,HUF,1.782364,785
22/06/2026 09:25:25,2138,0.028,HUF,1.777362,790
22/06/2026 09:25:29,2143,0.028,HUF,1.773215,794
22/06/2026 09:25:33,2147,0.028,HUF,1.769912,782
22/06/2026 09:25:37,2151,0.028,GOC,1.76662,1396
22/06/2026 09:25:42,2156,0.028,GOC,1.762523,784
22/06/2026 09:25:46,2160,0.028,HUF,1.759259,824
22/06/2026 09:25:51,2164,0.028,HUF,1.756007,1751
22/06/2026 09:25:55,2168,0.028,HUF,1.752768,781
22/06/2026 09:25:59,2173,0.028,HUF,1.748734,1606
22/06/2026 09:26:05,2177,0.028,HUF,1.745521,794
22/06/2026 09:26:09,2183,0.028,HUF,1.740724,778
22/06/2026 09:26:13,2187,0.028,HUF,1.73754,789
22/06/2026 09:26:17,2191,0.028,GOC,1.734368,789
22/06/2026 09:26:22,2195,0.028,HUF,1.731207,2299
22/06/2026 09:26:27,2200,0.028,HUF,1.727273,866
22/06/2026 09:26:31,2205,0.028,HUF,1.723356,9494
22/06/2026 09:26:35,2209,0.028,HUF,1.720235,799
22/06/2026 09:26:39,2213,0.028,HUF,1.717126,1229
22/06/2026 09:26:44,2218,0.028,HUF,1.713255,775
22/06/2026 09:26:49,2223,0.028,HUF,1.709402,1032
22/06/2026 09:26:53,2227,0.028,HUF,1.706331,789
22/06/2026 09:26:57,2231,0.028,GOC,1.703272,804
22/06/2026 09:27:01,2235,0.028,HUF,1.700224,833
22/06/2026 09:27:06,2240,0.028,HUF,1.696429,779
22/06/2026 09:27:17,2244,0.028,HUF,1.693405,789
22/06/2026 09:27:21,2255,0.028,HUF,1.685144,777
22/06/2026 09:27:25,2259,0.028,HUF,1.68216,782
22/06/2026 09:27:29,2263,0.028,HUF,1.679187,777
22/06/2026 09:27:33,2267,0.028,HUF,1.676224,778
22/06/2026 09:27:36,2269,0.028,HUF,1.674747,777
22/06/2026 09:27:42,2275,0.028,HUF,1.67033,788
22/06/2026 09:27:47,2280,0.028,HUF,1.666667,778
22/06/2026 09:27:51,2285,0.028,HUF,1.66302,816
22/06/2026 09:27:55,2289,0.028,HUF,1.660114,781
22/06/2026 09:27:59,2293,0.028,HUF,1.657218,3406
22/06/2026 09:28:03,2297,0.028,HUF,1.654332,776
22/06/2026 09:28:08,2301,0.028,GOC,1.651456,781
22/06/2026 09:28:12,2305,0.028,HUF,1.64859,777
22/06/2026 09:28:16,2310,0.028,HUF,1.645022,11360
22/06/2026 09:28:20,2314,0.028,HUF,1.642178,827
22/06/2026 09:28:24,2318,0.028,HUF,1.639344,787
22/06/2026 09:28:28,2322,0.028,HUF,1.63652,783
22/06/2026 09:28:33,2326,0.028,GOC,1.633706,823
22/06/2026 09:28:37,2331,0.028,GOC,1.630202,785
22/06/2026 09:28:41,2335,0.028,HUF,1.627409,837
22/06/2026 09:28:45,2339,0.028,HUF,1.624626,781
22/06/2026 09:28:50,2343,0.028,HUF,1.621852,779
22/06/2026 09:28:54,2348,0.028,HUF,1.618399,792
22/06/2026 09:28:58,2352,0.028,HUF,1.615646,980
22/06/2026 09:29:03,2357,0.028,HUF,1.612219,792
22/06/2026 09:29:06,2359,0.028,HUF,1.610852,1572
22/06/2026 09:29:12,2364,0.028,HUF,1.607445,786
22/06/2026 09:29:17,2370,0.028,HUF,1.603376,791
22/06/2026 09:29:21,2374,0.028,HUF,1.600674,780
22/06/2026 09:29:25,2378,0.028,HUF,1.597982,1151
22/06/2026 09:29:30,2384,0.028,HUF,1.59396,775
22/06/2026 09:29:33,2387,0.028,HUF,1.591956,789
22/06/2026 09:29:38,2392,0.028,GOC,1.588629,781
22/06/2026 09:29:42,2396,0.028,GOC,1.585977,1045
22/06/2026 09:29:46,2400,0.028,HUF,1.583333,791
22/06/2026 09:29:50,2404,0.028,HUF,1.580699,1735
22/06/2026 09:29:55,2409,0.028,HUF,1.577418,787
22/06/2026 09:29:59,2413,0.028,HUF,1.574803,803
22/06/2026 09:30:03,2417,0.028,HUF,1.572197,788
22/06/2026 09:30:08,2422,0.028,GOC,1.568951,784
22/06/2026 09:30:12,2425,0.028,HUF,1.56701,978
22/06/2026 09:30:15,2429,0.028,HUF,1.56443,780
22/06/2026 09:30:20,2433,0.028,HUF,1.561858,788
22/06/2026 09:30:24,2438,0.028,HUF,1.558655,776
22/06/2026 09:30:29,2443,0.028,HUF,1.555465,2377
22/06/2026 09:30:33,2447,0.028,HUF,1.552922,897
22/06/2026 09:30:37,2451,0.028,GOC,1.550388,1581
22/06/2026 09:30:43,2457,0.028,HUF,1.546602,786
22/06/2026 09:30:47,2461,0.028,GOC,1.544088,2280
22/06/2026 09:30:53,2467,0.028,HUF,1.540332,789
22/06/2026 09:30:58,2471,0.028,GOC,1.537839,788
22/06/2026 09:31:03,2477,0.028,HUF,1.534114,1179
22/06/2026 09:31:07,2481,0.028,GOC,1.53164,845
22/06/2026 09:31:11,2484,0.028,HUF,1.529791,788
22/06/2026 09:31:15,2489,0.028,HUF,1.526718,855
22/06/2026 09:31:19,2493,0.028,HUF,1.524268,1330
22/06/2026 09:31:24,2497,0.028,HUF,1.521826,2700
22/06/2026 09:31:28,2502,0.028,HUF,1.518785,1515
22/06/2026 09:31:33,2507,0.028,HUF,1.515756,790
22/06/2026 09:31:39,2512,0.028,HUF,1.512739,780
22/06/2026 09:31:43,2517,0.028,HUF,1.509734,782
22/06/2026 09:31:47,2520,0.028,HUF,1.507936,774
22/06/2026 09:31:51,2525,0.028,HUF,1.504951,791
22/06/2026 09:31:56,2529,0.028,HUF,1.50257,773
22/06/2026 09:32:00,2534,0.028,HUF,1.499605,773
22/06/2026 09:32:04,2538,0.028,HUF,1.497242,774
22/06/2026 09:32:08,2542,0.028,HUF,1.494886,1232
22/06/2026 09:32:12,2546,0.028,GOC,1.492537,908
22/06/2026 09:32:17,2550,0.028,HUF,1.490196,842
22/06/2026 09:32:22,2555,0.028,HUF,1.48728,790
22/06/2026 09:32:27,2561,0.028,GOC,1.483795,780
22/06/2026 09:32:32,2566,0.028,GOC,1.480904,774
22/06/2026 09:32:37,2570,0.028,HUF,1.478599,781
22/06/2026 09:32:42,2576,0.028,GOC,1.475155,2916
22/06/2026 09:32:47,2580,0.028,HUF,1.472868,816
22/06/2026 09:32:51,2585,0.028,HUF,1.470019,777
22/06/2026 09:32:55,2589,0.028,HUF,1.467748,794
22/06/2026 09:32:59,2593,0.028,HUF,1.465484,774
22/06/2026 09:33:12,2606,0.028,GOC,1.458173,812
22/06/2026 09:33:18,2611,0.028,GOC,1.455381,781
22/06/2026 09:33:23,2617,0.028,HUF,1.452044,801
22/06/2026 09:33:31,2621,0.028,GOC,1.449828,794
22/06/2026 09:33:35,2629,0.028,HUF,1.445417,787
22/06/2026 09:33:40,2633,0.028,HUF,1.443221,790
22/06/2026 09:33:45,2638,0.028,HUF,1.440485,780
22/06/2026 09:33:49,2642,0.028,HUF,1.438304,778
22/06/2026 09:33:54,2648,0.028,HUF,1.435045,780
22/06/2026 09:33:58,2651,0.028,GOC,1.433421,778
22/06/2026 09:34:02,2656,0.028,GOC,1.430723,959
22/06/2026 09:34:07,2661,0.028,GOC,1.428035,851
22/06/2026 09:34:11,2665,0.028,HUF,1.425891,837
22/06/2026 09:34:16,2670,0.028,HUF,1.423221,775
22/06/2026 09:34:21,2675,0.028,HUF,1.420561,777
22/06/2026 09:34:25,2679,0.028,HUF,1.41844,1335
22/06/2026 09:34:30,2684,0.028,HUF,1.415797,835
22/06/2026 09:34:34,2688,0.028,HUF,1.41369,785
22/06/2026 09:34:38,2692,0.028,HUF,1.41159,802
22/06/2026 09:34:46,2700,0.028,HUF,1.407407,774
22/06/2026 09:34:51,2705,0.028,HUF,1.404806,1152
22/06/2026 09:34:55,2708,0.028,HUF,1.40325,789
22/06/2026 09:34:58,2598,0.028,HUF,1.462664,776
22/06/2026 09:34:58,2712,0.028,HUF,1.40118,777
22/06/2026 09:35:02,2716,0.028,GOC,1.399116,822
22/06/2026 09:35:07,2721,0.028,GOC,1.396545,780
22/06/2026 09:35:12,2726,0.028,GOC,1.393984,783
22/06/2026 09:35:17,2731,0.028,GOC,1.391432,775
22/06/2026 09:35:22,2736,0.028,GOC,1.388889,782
22/06/2026 09:35:27,2740,0.028,HUF,1.386861,778
22/06/2026 09:35:31,2745,0.028,HUF,1.384335,789
22/06/2026 09:35:37,2750,0.028,HUF,1.381818,864
22/06/2026 09:35:42,2756,0.028,GOC,1.37881,780
22/06/2026 09:35:48,2761,0.028,GOC,1.376313,830
22/06/2026 09:35:52,2766,0.028,GOC,1.373825,783
22/06/2026 09:35:57,2771,0.028,GOC,1.371346,890
22/06/2026 09:36:01,2775,0.028,HUF,1.369369,872
22/06/2026 09:36:06,2780,0.028,HUF,1.366907,775
22/06/2026 09:36:12,2784,0.028,HUF,1.364943,771
22/06/2026 09:36:17,2791,0.028,GOC,1.361519,779
22/06/2026 09:36:21,2795,0.028,HUF,1.359571,917
22/06/2026 09:36:26,2799,0.028,HUF,1.357628,1806
22/06/2026 09:36:31,2804,0.028,HUF,1.355207,999
22/06/2026 09:36:35,2808,0.028,HUF,1.353276,1484
22/06/2026 09:36:39,2812,0.028,HUF,1.351351,783
22/06/2026 09:36:43,2817,0.028,HUF,1.348953,789
22/06/2026 09:36:48,2822,0.028,HUF,1.346563,777
22/06/2026 09:36:53,2827,0.028,HUF,1.344181,786
22/06/2026 09:37:01,2835,0.028,HUF,1.340388,781
22/06/2026 09:37:07,2840,0.028,HUF,1.338028,832
22/06/2026 09:37:11,2845,0.028,HUF,1.335677,779
22/06/2026 09:37:17,2850,0.028,HUF,1.333333,824
22/06/2026 09:37:23,2857,0.028,HUF,1.330066,784
22/06/2026 09:37:29,2862,0.028,HUF,1.327743,777
22/06/2026 09:37:33,2866,0.028,GOC,1.32589,787
22/06/2026 09:37:38,2871,0.028,GOC,1.323581,779
22/06/2026 09:37:43,2877,0.028,HUF,1.32082,3567
22/06/2026 09:37:48,2881,0.028,GOC,1.318986,783
22/06/2026 09:37:52,2886,0.028,GOC,1.316701,783
22/06/2026 09:37:57,2890,0.028,HUF,1.314879,777
22/06/2026 09:38:01,2895,0.028,HUF,1.312608,872
22/06/2026 09:38:06,2900,0.028,HUF,1.310345,784
22/06/2026 09:38:11,2904,0.028,HUF,1.30854,793
22/06/2026 09:38:16,2910,0.028,HUF,1.305842,777
22/06/2026 09:38:20,2914,0.028,HUF,1.304049,792
22/06/2026 09:38:25,2919,0.028,HUF,1.301816,783
22/06/2026 09:38:30,2924,0.028,HUF,1.29959,824
22/06/2026 09:38:35,2929,0.028,HUF,1.297371,776
22/06/2026 09:38:39,2933,0.028,HUF,1.295602,783
22/06/2026 09:38:44,2938,0.028,HUF,1.293397,837
22/06/2026 09:38:48,2942,0.028,HUF,1.291638,1346
22/06/2026 09:38:53,2947,0.028,HUF,1.289447,823
22/06/2026 09:38:57,2951,0.028,GOC,1.287699,782
22/06/2026 09:39:02,2956,0.028,GOC,1.285521,791
22/06/2026 09:39:07,2961,0.028,GOC,1.28335,1680
22/06/2026 09:39:12,2965,0.028,HUF,1.281619,1871
22/06/2026 09:39:18,2972,0.028,HUF,1.2786,966
22/06/2026 09:39:23,2976,0.028,GOC,1.276882,1034
22/06/2026 09:39:31,2981,0.028,GOC,1.27474,973
22/06/2026 09:39:35,2989,0.028,HUF,1.271328,5172
22/06/2026 09:39:39,2993,0.028,HUF,1.269629,946
22/06/2026 09:39:44,2997,0.028,HUF,1.267935,776
22/06/2026 09:39:48,3002,0.028,HUF,1.265823,903
22/06/2026 09:39:52,3006,0.028,GOC,1.264138,1639
22/06/2026 09:39:57,3011,0.028,GOC,1.262039,953
22/06/2026 09:40:02,3016,0.028,GOC,1.259947,777
22/06/2026 09:40:07,3021,0.028,GOC,1.257862,791
22/06/2026 09:40:12,3026,0.028,GOC,1.255783,784
22/06/2026 09:40:20,3031,0.028,GOC,1.253712,780
22/06/2026 09:40:26,3039,0.028,HUF,1.250411,1800
22/06/2026 09:40:30,3044,0.028,HUF,1.248357,1931
22/06/2026 09:40:34,3048,0.028,HUF,1.246719,782
22/06/2026 09:40:42,3056,0.028,GOC,1.243456,1683
22/06/2026 09:40:47,3060,0.028,HUF,1.24183,918
22/06/2026 09:40:51,3065,0.028,HUF,1.239804,789
22/06/2026 09:40:56,3070,0.028,HUF,1.237785,777
22/06/2026 09:41:00,3074,0.028,HUF,1.236174,1093
22/06/2026 09:41:04,3078,0.028,HUF,1.234568,1644
22/06/2026 09:41:08,3082,0.028,HUF,1.232966,797
22/06/2026 09:41:12,3086,0.028,GOC,1.231367,783
22/06/2026 09:41:18,3091,0.028,GOC,1.229376,789
22/06/2026 09:41:22,3095,0.028,HUF,1.227787,783
22/06/2026 09:41:26,3100,0.028,HUF,1.225806,776
22/06/2026 09:41:30,3104,0.028,HUF,1.224227,790
22/06/2026 09:41:34,3108,0.028,HUF,1.222651,786
22/06/2026 09:41:42,3116,0.028,GOC,1.219512,781
22/06/2026 09:41:47,3121,0.028,GOC,1.217559,1541
22/06/2026 09:41:50,3124,0.028,HUF,1.216389,781
22/06/2026 09:41:54,3128,0.028,HUF,1.214834,910
22/06/2026 09:42:00,3132,0.028,HUF,1.213282,779
22/06/2026 09:42:04,3138,0.028,HUF,1.210962,791
22/06/2026 09:42:09,3143,0.028,HUF,1.209036,782
22/06/2026 09:42:13,3147,0.028,HUF,1.207499,788
22/06/2026 09:42:20,3151,0.028,GOC,1.205966,795
22/06/2026 09:42:23,3157,0.028,HUF,1.203674,800
22/06/2026 09:42:30,3163,0.028,HUF,1.201391,843
22/06/2026 09:42:35,3169,0.028,HUF,1.199116,791
22/06/2026 09:42:40,3173,0.028,HUF,1.197605,781
22/06/2026 09:42:44,3178,0.028,HUF,1.195721,781
22/06/2026 09:42:49,3183,0.028,HUF,1.193842,1187
22/06/2026 09:42:53,3187,0.028,HUF,1.192344,1045
22/06/2026 09:42:57,3191,0.028,GOC,1.190849,782
22/06/2026 09:43:04,3198,0.028,HUF,1.188243,808
22/06/2026 09:43:08,3202,0.028,HUF,1.186758,5708
22/06/2026 09:43:13,3206,0.028,GOC,1.185278,846
22/06/2026 09:43:17,3211,0.028,GOC,1.183432,790
22/06/2026 09:43:22,3216,0.028,GOC,1.181592,791
22/06/2026 09:43:27,3221,0.028,GOC,1.179758,1174
22/06/2026 09:43:32,3226,0.028,GOC,1.177929,1794
22/06/2026 09:43:36,3230,0.028,HUF,1.176471,784
22/06/2026 09:43:41,3235,0.028,HUF,1.174652,1012
22/06/2026 09:43:45,3239,0.028,HUF,1.173202,781
22/06/2026 09:43:52,3243,0.028,HUF,1.171755,786
22/06/2026 09:43:56,3250,0.028,HUF,1.169231,785
22/06/2026 09:44:00,3254,0.028,HUF,1.167794,779
22/06/2026 09:44:04,3258,0.028,HUF,1.16636,776
22/06/2026 09:44:09,3263,0.028,HUF,1.164572,788
22/06/2026 09:44:13,3267,0.028,HUF,1.163147,788
22/06/2026 09:44:17,3271,0.028,GOC,1.161724,783
22/06/2026 09:44:21,3275,0.028,HUF,1.160305,787
22/06/2026 09:44:25,3279,0.028,HUF,1.15889,784
22/06/2026 09:44:29,3283,0.028,HUF,1.157478,792
22/06/2026 09:44:37,3291,0.028,GOC,1.154664,782
22/06/2026 09:44:45,3299,0.028,HUF,1.151864,779
22/06/2026 09:44:49,3303,0.028,HUF,1.150469,878
22/06/2026 09:44:54,3307,0.028,HUF,1.149078,780
22/06/2026 09:44:58,3312,0.028,HUF,1.147343,1323
22/06/2026 09:45:03,3316,0.028,GOC,1.145959,1875
22/06/2026 09:45:06,3320,0.028,HUF,1.144578,780
22/06/2026 09:45:11,3325,0.028,HUF,1.142857,781
22/06/2026 09:45:15,3329,0.028,HUF,1.141484,781
22/06/2026 09:45:21,3335,0.028,HUF,1.13943,870
22/06/2026 09:45:25,3339,0.028,HUF,1.138065,784
22/06/2026 09:45:30,3344,0.028,HUF,1.136364,861
22/06/2026 09:45:34,3348,0.028,HUF,1.135006,839
22/06/2026 09:45:39,3352,0.028,HUF,1.133652,778
22/06/2026 09:45:43,3357,0.028,HUF,1.131963,876
22/06/2026 09:45:47,3360,0.028,HUF,1.130952,782
22/06/2026 09:45:51,3364,0.028,HUF,1.129608,785
22/06/2026 09:45:55,3368,0.028,HUF,1.128266,779
22/06/2026 09:45:59,3373,0.028,HUF,1.126594,774
22/06/2026 09:46:03,3377,0.028,HUF,1.125259,783
22/06/2026 09:46:12,3386,0.028,GOC,1.122268,1809
22/06/2026 09:46:16,3390,0.028,HUF,1.120944,2251
22/06/2026 09:46:21,3395,0.028,HUF,1.119293,775
22/06/2026 09:46:26,3399,0.028,HUF,1.117976,1359
22/06/2026 09:46:29,3403,0.028,HUF,1.116662,1245
22/06/2026 09:46:34,3408,0.028,HUF,1.115023,791
22/06/2026 09:46:38,3412,0.028,HUF,1.113716,777
22/06/2026 09:46:42,3415,0.028,HUF,1.112738,786
22/06/2026 09:46:46,3420,0.028,HUF,1.111111,787
22/06/2026 09:46:50,3424,0.028,HUF,1.109813,852
22/06/2026 09:46:54,3428,0.028,HUF,1.108518,785
22/06/2026 09:46:59,3432,0.028,HUF,1.107226,777
22/06/2026 09:47:04,3437,0.028,HUF,1.105615,781
22/06/2026 09:47:09,3442,0.028,HUF,1.104009,781
22/06/2026 09:47:12,3446,0.028,GOC,1.102728,781
22/06/2026 09:47:17,3451,0.028,GOC,1.10113,779
22/06/2026 09:47:23,3457,0.028,HUF,1.099219,785
22/06/2026 09:47:28,3461,0.028,GOC,1.097949,786
22/06/2026 09:47:32,3466,0.028,GOC,1.096365,1824
22/06/2026 09:47:36,3470,0.028,HUF,1.095101,1063
22/06/2026 09:47:40,3474,0.028,HUF,1.09384,787
22/06/2026 09:47:45,3479,0.028,HUF,1.092268,1411
22/06/2026 09:47:49,3482,0.028,HUF,1.091327,770
22/06/2026 09:47:53,3487,0.028,HUF,1.089762,785
22/06/2026 09:47:57,3491,0.028,GOC,1.088513,785
22/06/2026 09:48:01,3495,0.028,HUF,1.087268,1827
22/06/2026 09:48:05,3498,0.028,HUF,1.086335,786
22/06/2026 09:48:09,3503,0.028,HUF,1.084785,980
22/06/2026 09:48:12,3506,0.028,GOC,1.083856,782
22/06/2026 09:48:16,3510,0.028,HUF,1.082621,825
22/06/2026 09:48:19,3513,0.028,HUF,1.081697,943
22/06/2026 09:48:24,3518,0.028,HUF,1.080159,800
22/06/2026 09:48:28,3522,0.028,HUF,1.078932,887
22/06/2026 09:48:33,3526,0.028,GOC,1.077708,785
22/06/2026 09:48:36,3530,0.028,HUF,1.076487,784
22/06/2026 09:48:40,3534,0.028,HUF,1.075269,788
22/06/2026 09:48:44,3538,0.028,HUF,1.074053,775
22/06/2026 09:48:50,3544,0.028,HUF,1.072235,1287
22/06/2026 09:48:54,3548,0.028,HUF,1.071026,788
22/06/2026 09:48:59,3553,0.028,HUF,1.069519,785
22/06/2026 09:49:03,3557,0.028,HUF,1.068316,788
22/06/2026 09:49:08,3562,0.028,HUF,1.066816,786
22/06/2026 09:49:12,3566,0.028,GOC,1.06562,774
22/06/2026 09:49:16,3570,0.028,HUF,1.064426,777
22/06/2026 09:49:21,3575,0.028,HUF,1.062937,789
22/06/2026 09:49:29,3583,0.028,HUF,1.060564,778
22/06/2026 09:49:33,3587,0.028,HUF,1.059381,782
22/06/2026 09:49:37,3591,0.028,GOC,1.058201,782
22/06/2026 09:49:41,3595,0.028,HUF,1.057024,2189
22/06/2026 09:49:45,3599,0.028,HUF,1.055849,790
22/06/2026 09:49:49,3603,0.028,HUF,1.054677,777
22/06/2026 09:49:53,3606,0.028,GOC,1.053799,1830
22/06/2026 09:49:57,3610,0.028,HUF,1.052632,8451
22/06/2026 09:50:01,3615,0.028,HUF,1.051176,792
22/06/2026 09:50:06,3619,0.028,HUF,1.050014,785
22/06/2026 09:50:10,3624,0.028,HUF,1.048565,784
22/06/2026 09:50:15,3627,0.028,HUF,1.047698,890
22/06/2026 09:50:19,3633,0.028,HUF,1.045968,783
22/06/2026 09:50:23,3637,0.028,HUF,1.044817,971
22/06/2026 09:50:31,3642,0.028,HUF,1.043383,784
22/06/2026 09:50:34,3648,0.028,HUF,1.041667,777
22/06/2026 09:50:39,3653,0.028,HUF,1.040241,964
22/06/2026 09:50:43,3657,0.028,HUF,1.039103,781
22/06/2026 09:50:46,3660,0.028,HUF,1.038251,773
22/06/2026 09:50:50,3664,0.028,HUF,1.037118,780
22/06/2026 09:50:55,3669,0.028,HUF,1.035705,790
22/06/2026 09:50:59,3673,0.028,HUF,1.034577,791
22/06/2026 09:51:03,3677,0.028,HUF,1.033451,790
22/06/2026 09:51:07,3681,0.028,GOC,1.032328,778
22/06/2026 09:51:10,3684,0.028,HUF,1.031488,783
22/06/2026 09:51:14,3688,0.028,HUF,1.030369,779
22/06/2026 09:51:19,3693,0.028,HUF,1.028974,781
22/06/2026 09:51:23,3697,0.028,HUF,1.02786,853
22/06/2026 09:51:27,3701,0.028,GOC,1.026749,780
22/06/2026 09:51:31,3705,0.028,HUF,1.025641,784
22/06/2026 09:51:34,3708,0.028,HUF,1.024811,785
22/06/2026 09:51:39,3713,0.028,HUF,1.023431,908
22/06/2026 09:51:43,3716,0.028,GOC,1.022605,784
22/06/2026 09:51:47,3721,0.028,GOC,1.021231,793
22/06/2026 09:51:51,3725,0.028,HUF,1.020134,787
22/06/2026 09:51:55,3729,0.028,HUF,1.01904,776
22/06/2026 09:52:00,3734,0.028,HUF,1.017675,792
22/06/2026 09:52:04,3738,0.028,HUF,1.016586,787
22/06/2026 09:52:08,3742,0.028,HUF,1.0155,789
22/06/2026 09:52:12,3746,0.028,GOC,1.014415,1446
22/06/2026 09:52:18,3752,0.028,HUF,1.012793,794
22/06/2026 09:52:24,3758,0.028,HUF,1.011176,787
22/06/2026 09:52:29,3762,0.028,HUF,1.010101,774
22/06/2026 09:52:33,3767,0.028,HUF,1.00876,917
22/06/2026 09:52:37,3771,0.028,GOC,1.00769,784
22/06/2026 09:52:41,3775,0.028,HUF,1.006623,784
22/06/2026 09:52:45,3779,0.029,HUF,1.005557,780
22/06/2026 09:52:49,3783,0.028,HUF,1.004494,783
22/06/2026 09:52:54,3788,0.028,HUF,1.003168,1754
22/06/2026 09:52:57,3791,0.028,GOC,1.002374,861
22/06/2026 09:53:02,3796,0.028,GOC,1.001054,782
22/06/2026 09:53:06,3800,0.028,HUF,1,933
22/06/2026 09:53:09,3803,0.028,HUF,0.999211,786
22/06/2026 09:53:13,3807,0.028,HUF,0.998161,2157
22/06/2026 09:53:17,3811,0.028,GOC,0.997114,838
22/06/2026 09:53:21,3815,0.028,HUF,0.996068,1078
22/06/2026 09:53:26,3819,0.028,HUF,0.995025,788
22/06/2026 09:53:30,3824,0.028,HUF,0.993724,1015
22/06/2026 09:53:35,3829,0.028,HUF,0.992426,1395
22/06/2026 09:53:39,3833,0.034,HUF,0.991391,781
22/06/2026 09:53:42,3836,0.028,GOC,0.990615,3321
22/06/2026 09:53:50,3843,0.028,HUF,0.988811,853
22/06/2026 09:53:54,3847,0.028,HUF,0.987783,793
22/06/2026 09:53:58,3852,0.028,HUF,0.986501,791
22/06/2026 09:54:04,3855,0.028,HUF,0.985733,788
22/06/2026 09:54:08,3862,0.028,HUF,0.983946,790
22/06/2026 09:54:12,3866,0.028008,GOC,0.982928,1465
22/06/2026 09:54:16,3870,0.028,HUF,0.981912,1507
22/06/2026 09:54:21,3875,0.028,HUF,0.980645,791
22/06/2026 09:54:25,3879,0.028,HUF,0.979634,780
22/06/2026 09:54:30,3884,0.028,HUF,0.978373,792
22/06/2026 09:54:34,3888,0.028,HUF,0.977366,1704
22/06/2026 09:54:38,3892,0.028,HUF,0.976362,793
22/06/2026 09:54:42,3896,0.028,GOC,0.975359,1213
22/06/2026 09:54:50,3903,0.028,HUF,0.97361,778
22/06/2026 09:54:53,3907,0.028,HUF,0.972613,781
22/06/2026 09:54:58,3912,0.031,HUF,0.97137,833
22/06/2026 09:55:02,3916,0.028,GOC,0.970378,790
22/06/2026 09:55:07,3920,0.028,HUF,0.969388,1111
22/06/2026 09:55:11,3925,0.028,HUF,0.968153,1172
22/06/2026 09:55:14,3928,0.028,HUF,0.967413,998
22/06/2026 09:55:19,3933,0.028,HUF,0.966184,1014
22/06/2026 09:55:24,3938,0.028,HUF,0.964957,783
22/06/2026 09:55:28,3942,0.028,HUF,0.963978,783
22/06/2026 09:55:33,3947,0.028,HUF,0.962756,848
22/06/2026 09:55:37,3951,0.028018,GOC,0.961782,775
22/06/2026 09:55:41,3955,0.028,HUF,0.960809,870
22/06/2026 09:55:46,3960,0.028,HUF,0.959596,775
22/06/2026 09:55:53,3965,0.028,HUF,0.958386,780
22/06/2026 09:55:58,3972,0.028,HUF,0.956697,784
22/06/2026 09:56:03,3976,0.028,GOC,0.955734,781
22/06/2026 09:56:07,3981,0.028,GOC,0.954534,787
22/06/2026 09:56:12,3985,0.028,HUF,0.953576,777
22/06/2026 09:56:16,3990,0.028,HUF,0.952381,835
22/06/2026 09:56:21,3994,0.028,HUF,0.951427,1023
22/06/2026 09:56:26,4000,0.028,HUF,0.95,783
22/06/2026 09:56:31,4005,0.028,HUF,0.948814,791
22/06/2026 09:56:36,4010,0.028,HUF,0.947631,780
22/06/2026 09:56:40,4014,0.028,HUF,0.946687,791
22/06/2026 09:56:45,4018,0.028,HUF,0.945744,777
22/06/2026 09:56:50,4023,0.028,HUF,0.944569,791
22/06/2026 09:56:54,4028,0.028,HUF,0.943396,785
22/06/2026 09:56:59,4032,0.028,HUF,0.94246,784
22/06/2026 09:57:03,4036,0.028,GOC,0.941526,784
22/06/2026 09:57:07,4041,0.028,GOC,0.940361,793
22/06/2026 09:57:13,4047,0.028,HUF,0.938967,2205
22/06/2026 09:57:17,4051,0.028,GOC,0.93804,785
22/06/2026 09:57:23,4057,0.028,HUF,0.936653,788
22/06/2026 09:57:27,4061,0.028,GOC,0.93573,790
22/06/2026 09:57:32,4066,0.028,GOC,0.934579,933
22/06/2026 09:57:36,4070,0.028,HUF,0.933661,1256
22/06/2026 09:57:40,4074,0.028,HUF,0.932744,902
22/06/2026 09:57:45,4079,0.028,HUF,0.931601,828
22/06/2026 09:57:49,4083,0.028,HUF,0.930688,790
22/06/2026 09:57:53,4087,0.028,HUF,0.929777,776
22/06/2026 09:57:58,4092,0.028,HUF,0.928641,781
22/06/2026 09:58:04,4097,0.028,HUF,0.927508,878
22/06/2026 09:58:07,4101,0.028,GOC,0.926603,787
22/06/2026 09:58:12,4106,0.028,GOC,0.925475,775
22/06/2026 09:58:16,4110,0.028,HUF,0.924574,778
22/06/2026 09:58:20,4114,0.028,HUF,0.923675,2589
22/06/2026 09:58:24,4118,0.028,HUF,0.922778,781
22/06/2026 09:58:28,4122,0.028,HUF,0.921883,791
22/06/2026 09:58:32,4126,0.028,GOC,0.920989,782
22/06/2026 09:58:36,4129,0.028,HUF,0.92032,1056
22/06/2026 09:58:39,4133,0.028,HUF,0.919429,784
22/06/2026 09:58:44,4138,0.028,HUF,0.918318,2216
22/06/2026 09:58:48,4142,0.028,HUF,0.917431,782
22/06/2026 09:58:53,4147,0.028,HUF,0.916325,2257
22/06/2026 09:58:57,4151,0.028,GOC,0.915442,789
22/06/2026 09:59:01,4155,0.028,HUF,0.914561,788
22/06/2026 09:59:05,4159,0.028,HUF,0.913681,792
22/06/2026 09:59:09,4163,0.028,HUF,0.912803,777
22/06/2026 09:59:13,4167,0.028,HUF,0.911927,781
22/06/2026 09:59:16,4170,0.028,HUF,0.911271,775
22/06/2026 09:59:21,4175,0.028,HUF,0.91018,778
22/06/2026 09:59:25,4179,0.028,HUF,0.909308,852
22/06/2026 09:59:30,4184,0.028,HUF,0.908222,875
22/06/2026 09:59:35,4188,0.028,HUF,0.907354,789
22/06/2026 09:59:39,4192,0.028,HUF,0.906489,783
22/06/2026 09:59:43,4196,0.028,GOC,0.905624,781
22/06/2026 09:59:47,4201,0.028,GOC,0.904546,780
22/06/2026 09:59:51,4205,0.028,HUF,0.903686,787
22/06/2026 09:59:55,4209,0.028,HUF,0.902827,1281
22/06/2026 10:00:00,4213,0.028,HUF,0.90197,780
22/06/2026 10:00:04,4218,0.028,HUF,0.900901,1869
22/06/2026 10:00:08,4222,0.028,HUF,0.900047,784
22/06/2026 10:00:12,4226,0.028,GOC,0.899195,776
22/06/2026 10:00:17,4231,0.028,GOC,0.898133,779
22/06/2026 10:00:21,4234,0.028,HUF,0.897496,860
22/06/2026 10:00:26,4239,0.028,HUF,0.896438,1615
22/06/2026 10:00:30,4244,0.028,HUF,0.895382,1226
22/06/2026 10:00:35,4249,0.028,HUF,0.894328,944
22/06/2026 10:00:39,4253,0.028,HUF,0.893487,792
22/06/2026 10:00:44,4257,0.028,HUF,0.892647,917
22/06/2026 10:00:48,4262,0.028,HUF,0.8916,778
22/06/2026 10:00:52,4266,0.028,GOC,0.890764,845
22/06/2026 10:00:57,4270,0.028,HUF,0.88993,2864
22/06/2026 10:01:01,4275,0.028,HUF,0.888889,780
22/06/2026 10:01:05,4279,0.028,HUF,0.888058,784
22/06/2026 10:01:10,4284,0.028,HUF,0.887022,1161
22/06/2026 10:01:15,4288,0.028,HUF,0.886194,857
22/06/2026 10:01:19,4292,0.028,HUF,0.885368,778
22/06/2026 10:01:23,4296,0.028,GOC,0.884544,875
22/06/2026 10:01:27,4301,0.028,GOC,0.883515,1357
22/06/2026 10:01:32,4305,0.028,HUF,0.882694,2181
22/06/2026 10:01:35,4309,0.028,HUF,0.881875,1635
22/06/2026 10:01:40,4313,0.028,HUF,0.881057,999
22/06/2026 10:01:43,4317,0.028,HUF,0.880241,786
22/06/2026 10:01:47,4321,0.028,GOC,0.879426,790
22/06/2026 10:01:52,4326,0.028,GOC,0.87841,776
22/06/2026 10:01:56,4330,0.028,HUF,0.877598,810
22/06/2026 10:02:00,4334,0.028,HUF,0.876788,1758
22/06/2026 10:02:05,4338,0.028,HUF,0.87598,786
22/06/2026 10:02:09,4343,0.028,HUF,0.874971,787
22/06/2026 10:02:14,4348,0.028,HUF,0.873965,776
22/06/2026 10:02:19,4353,0.028,HUF,0.872961,913
22/06/2026 10:02:24,4358,0.028,HUF,0.87196,775
22/06/2026 10:02:30,4361,0.028,GOC,0.87136,790
22/06/2026 10:02:34,4368,0.028,HUF,0.869963,5873
22/06/2026 10:02:38,4372,0.028,HUF,0.869167,1193
22/06/2026 10:02:45,4376,0.028,GOC,0.868373,792
22/06/2026 10:02:49,4383,0.028,HUF,0.866986,775
22/06/2026 10:02:54,4387,0.028,HUF,0.866196,775
22/06/2026 10:02:58,4392,0.028,HUF,0.865209,805
22/06/2026 10:03:02,4396,0.028,GOC,0.864422,950
22/06/2026 10:03:05,4399,0.028,HUF,0.863833,1319
22/06/2026 10:03:09,4403,0.028,HUF,0.863048,787
22/06/2026 10:03:13,4407,0.028,HUF,0.862265,781
22/06/2026 10:03:18,4411,0.028,GOC,0.861483,774
22/06/2026 10:03:22,4416,0.028,GOC,0.860507,789
22/06/2026 10:03:26,4420,0.028,HUF,0.859729,791
22/06/2026 10:03:30,4424,0.028,HUF,0.858951,1504
22/06/2026 10:03:34,4428,0.028,HUF,0.858175,782
22/06/2026 10:03:39,4433,0.028,HUF,0.857207,784
22/06/2026 10:03:43,4437,0.028,HUF,0.856435,790
22/06/2026 10:03:47,4441,0.028,GOC,0.855663,836
22/06/2026 10:03:52,4446,0.028,GOC,0.854701,776
22/06/2026 10:03:56,4450,0.028,HUF,0.853933,2112
22/06/2026 10:04:08,4462,0.028,HUF,0.851636,786
22/06/2026 10:04:12,4466,0.028,GOC,0.850873,772
22/06/2026 10:04:16,4470,0.028,HUF,0.850112,781
22/06/2026 10:04:21,4475,0.028,HUF,0.849162,778
22/06/2026 10:04:25,4479,0.028,HUF,0.848404,783
22/06/2026 10:04:29,4483,0.028,HUF,0.847647,902
22/06/2026 10:04:34,4488,0.028,HUF,0.846702,775
22/06/2026 10:04:38,4492,0.028,HUF,0.845948,790
22/06/2026 10:04:43,4497,0.028,HUF,0.845008,1090
22/06/2026 10:04:47,4501,0.028,GOC,0.844257,793
22/06/2026 10:04:51,4505,0.028,HUF,0.843507,859
22/06/2026 10:04:56,4510,0.028,HUF,0.842572,5341
22/06/2026 10:05:00,4514,0.028,HUF,0.841825,790
22/06/2026 10:05:04,4518,0.028,HUF,0.84108,1027
22/06/2026 10:05:08,4521,0.028,GOC,0.840522,786
22/06/2026 10:05:13,4527,0.028,HUF,0.839408,791
22/06/2026 10:05:17,4531,0.028,GOC,0.838667,793
22/06/2026 10:05:21,4535,0.028,HUF,0.837927,793
22/06/2026 10:05:26,4540,0.028,HUF,0.837004,787
22/06/2026 10:05:30,4544,0.028,HUF,0.836268,778
22/06/2026 10:05:35,4549,0.028,HUF,0.835348,784
22/06/2026 10:05:39,4553,0.028,HUF,0.834615,1983
22/06/2026 10:05:47,4560,0.028,HUF,0.833333,783
22/06/2026 10:05:55,4566,0.028,GOC,0.832238,779
22/06/2026 10:06:00,4574,0.028,HUF,0.830783,2449
22/06/2026 10:06:04,4578,0.028,HUF,0.830057,787
22/06/2026 10:06:10,4584,0.028,HUF,0.82897,1296
22/06/2026 10:06:14,4588,0.028,HUF,0.828248,776
22/06/2026 10:06:18,4592,0.028,HUF,0.827526,1104
22/06/2026 10:06:23,4597,0.028,HUF,0.826626,4878
22/06/2026 10:06:28,4602,0.028,HUF,0.825728,785
22/06/2026 10:06:33,4607,0.028,HUF,0.824832,3062
22/06/2026 10:06:37,4611,0.028,GOC,0.824116,780
22/06/2026 10:06:42,4615,0.028,HUF,0.823402,1324
22/06/2026 10:06:46,4620,0.028,HUF,0.822511,786
22/06/2026 10:06:51,4625,0.028,HUF,0.821622,3036
22/06/2026 10:06:55,4629,0.028,HUF,0.820912,794
22/06/2026 10:06:59,4633,0.028,HUF,0.820203,778
22/06/2026 10:07:08,4642,0.028,HUF,0.818613,878
22/06/2026 10:07:14,4648,0.028,HUF,0.817556,777
22/06/2026 10:07:18,4652,0.028,HUF,0.816853,1510
22/06/2026 10:07:23,4657,0.028,HUF,0.815976,1814
22/06/2026 10:07:30,4661,0.028,GOC,0.815276,785
22/06/2026 10:07:34,4668,0.028,HUF,0.814053,799
22/06/2026 10:07:39,4673,0.028,HUF,0.813182,803
22/06/2026 10:07:43,4677,0.028,HUF,0.812487,789
22/06/2026 10:07:47,4681,0.028,GOC,0.811792,787
22/06/2026 10:07:52,4686,0.028,GOC,0.810926,3620
22/06/2026 10:07:57,4690,0.028,HUF,0.810235,788
22/06/2026 10:08:04,4695,0.028,HUF,0.809372,784
22/06/2026 10:08:08,4702,0.028,HUF,0.808167,822
22/06/2026 10:08:12,4706,0.028,GOC,0.80748,788
22/06/2026 10:08:16,4710,0.028,HUF,0.806794,775
22/06/2026 10:08:20,4714,0.028,HUF,0.806109,790
22/06/2026 10:08:25,4718,0.028,HUF,0.805426,782
22/06/2026 10:08:29,4722,0.028,HUF,0.804744,1327
22/06/2026 10:08:33,4727,0.028,HUF,0.803892,793
22/06/2026 10:08:38,4731,0.028,GOC,0.803213,785
22/06/2026 10:08:42,4735,0.028,HUF,0.802534,1876
22/06/2026 10:08:46,4740,0.028,HUF,0.801688,821
22/06/2026 10:08:51,4745,0.028,HUF,0.800843,780
22/06/2026 10:08:55,4749,0.028,HUF,0.800168,2262
22/06/2026 10:09:00,4754,0.028,HUF,0.799327,773
22/06/2026 10:09:07,4758,0.028,HUF,0.798655,810
22/06/2026 10:09:12,4766,0.028,GOC,0.797314,1472
22/06/2026 10:09:16,4770,0.028,HUF,0.796646,862
22/06/2026 10:09:22,4775,0.028,HUF,0.795812,786
22/06/2026 10:09:31,4784,0.028,HUF,0.794314,787
22/06/2026 10:09:35,4789,0.028,HUF,0.793485,783
22/06/2026 10:09:40,4794,0.028,HUF,0.792657,853
22/06/2026 10:09:45,4798,0.028,HUF,0.791997,789
22/06/2026 10:09:49,4803,0.028,HUF,0.791172,780
22/06/2026 10:09:54,4807,0.028,HUF,0.790514,789
22/06/2026 10:09:58,4812,0.028,HUF,0.789692,783
22/06/2026 10:10:03,4816,0.028,GOC,0.789037,776
22/06/2026 10:10:07,4821,0.028,GOC,0.788218,792
22/06/2026 10:10:11,4825,0.028,HUF,0.787565,786
22/06/2026 10:10:16,4830,0.028,HUF,0.786749,968
22/06/2026 10:10:20,4834,0.028,HUF,0.786098,792
22/06/2026 10:10:26,4840,0.028,HUF,0.785124,787
22/06/2026 10:10:35,4844,0.028,HUF,0.784476,929
22/06/2026 10:10:38,4853,0.028,HUF,0.783021,792
22/06/2026 10:10:43,4857,0.028,HUF,0.782376,789
22/06/2026 10:10:48,4862,0.028,HUF,0.781571,780
22/06/2026 10:10:51,4865,0.028,HUF,0.781089,843
22/06/2026 10:10:57,4870,0.028,HUF,0.780288,787
22/06/2026 10:11:00,4874,0.028,HUF,0.779647,1014
22/06/2026 10:11:08,4882,0.028,HUF,0.778369,790
22/06/2026 10:11:12,4886,0.028,GOC,0.777732,776
22/06/2026 10:11:18,4891,0.028,GOC,0.776937,6578
22/06/2026 10:11:25,4896,0.028,GOC,0.776144,1733
22/06/2026 10:11:30,4903,0.028,HUF,0.775036,9316
22/06/2026 10:11:34,4908,0.028,HUF,0.774246,3556
22/06/2026 10:11:39,4913,0.028,HUF,0.773458,781
22/06/2026 10:11:46,4919,0.028,HUF,0.772515,793
22/06/2026 10:11:49,4923,0.028,HUF,0.771887,774
22/06/2026 10:11:54,4928,0.028,HUF,0.771104,788
22/06/2026 10:11:58,4932,0.028,HUF,0.770478,788
22/06/2026 10:12:02,4936,0.028,GOC,0.769854,786
22/06/2026 10:12:07,4941,0.028,GOC,0.769075,779
22/06/2026 10:12:11,4945,0.028,HUF,0.768453,1217
22/06/2026 10:12:15,4949,0.028,HUF,0.767832,785
22/06/2026 10:12:20,4954,0.028,HUF,0.767057,775
22/06/2026 10:12:24,4958,0.028,HUF,0.766438,782
22/06/2026 10:12:28,4962,0.028,HUF,0.76582,778
22/06/2026 10:12:33,4967,0.028,HUF,0.765049,1175
22/06/2026 10:12:41,4974,0.028,HUF,0.763973,786
22/06/2026 10:12:45,4979,0.028,HUF,0.763205,785
22/06/2026 10:12:49,4983,0.028,HUF,0.762593,779
22/06/2026 10:12:54,4987,0.028,HUF,0.761981,777
22/06/2026 10:12:58,4991,0.028,GOC,0.76137,776
22/06/2026 10:13:02,4996,0.028,GOC,0.760608,2188
22/06/2026 10:13:07,5000,0.028,HUF,0.76,777
22/06/2026 10:13:11,5005,0.028,HUF,0.759241,820
22/06/2026 10:13:15,5009,0.028,HUF,0.758634,782
22/06/2026 10:13:19,5013,0.028,HUF,0.758029,801
22/06/2026 10:13:24,5018,0.028,HUF,0.757274,785
22/06/2026 10:13:28,5022,0.028,HUF,0.756671,1567
22/06/2026 10:13:33,5027,0.028,HUF,0.755918,1414
22/06/2026 10:13:39,5032,0.028,HUF,0.755167,780
22/06/2026 10:13:44,5036,0.028,GOC,0.754567,843
22/06/2026 10:13:49,5043,0.028,HUF,0.75352,3230
22/06/2026 10:13:53,5047,0.028,HUF,0.752923,785
22/06/2026 10:13:58,5051,0.028,GOC,0.752326,782
22/06/2026 10:14:06,5060,0.028,HUF,0.750988,788
22/06/2026 10:14:10,5064,0.028,HUF,0.750395,776
22/06/2026 10:14:14,5068,0.028,HUF,0.749803,788
22/06/2026 10:14:19,5072,0.028,HUF,0.749211,779
22/06/2026 10:14:23,5077,0.028,HUF,0.748474,811
22/06/2026 10:14:29,5082,0.028,HUF,0.747737,1971
22/06/2026 10:14:33,5087,0.028,HUF,0.747002,790
22/06/2026 10:14:37,5091,0.028,GOC,0.746415,792
22/06/2026 10:14:42,5096,0.028,GOC,0.745683,780
22/06/2026 10:14:46,5100,0.028,HUF,0.745098,779
22/06/2026 10:14:51,5105,0.028,HUF,0.744368,919
22/06/2026 10:14:57,5110,0.028,HUF,0.74364,1065
22/06/2026 10:15:00,5114,0.028,HUF,0.743058,1734
22/06/2026 10:15:04,5118,0.028,HUF,0.742478,1207
22/06/2026 10:15:10,5124,0.028,HUF,0.741608,784
22/06/2026 10:15:15,5129,0.028,HUF,0.740885,781
22/06/2026 10:15:21,5135,0.028,HUF,0.740019,779
22/06/2026 10:15:27,5141,0.028,GOC,0.739156,941
22/06/2026 10:15:31,5145,0.028,HUF,0.738581,788
22/06/2026 10:15:36,5150,0.028,HUF,0.737864,771
22/06/2026 10:15:41,5154,0.028,HUF,0.737291,1545
22/06/2026 10:15:45,5159,0.028,HUF,0.736577,2247
22/06/2026 10:15:50,5163,0.028,HUF,0.736006,786
22/06/2026 10:15:54,5168,0.028,HUF,0.735294,787
22/06/2026 10:15:58,5172,0.028,HUF,0.734725,1675
22/06/2026 10:16:03,5176,0.028,GOC,0.734158,779
22/06/2026 10:16:08,5182,0.028,HUF,0.733308,3986
22/06/2026 10:16:13,5187,0.028,HUF,0.732601,787
22/06/2026 10:16:18,5192,0.028,HUF,0.731895,781
22/06/2026 10:16:22,5196,0.028,GOC,0.731332,785
22/06/2026 10:16:26,5200,0.028,HUF,0.730769,801
22/06/2026 10:16:30,5204,0.028,HUF,0.730208,786
22/06/2026 10:16:35,5208,0.028,HUF,0.729647,781
22/06/2026 10:16:39,5213,0.028,HUF,0.728947,787
22/06/2026 10:16:44,5217,0.028,HUF,0.728388,790
22/06/2026 10:16:48,5222,0.028,HUF,0.727691,788
22/06/2026 10:16:52,5226,0.028,GOC,0.727134,785
22/06/2026 10:16:56,5230,0.028,HUF,0.726577,775
22/06/2026 10:17:01,5235,0.028,HUF,0.725883,3108
22/06/2026 10:17:05,5239,0.028,HUF,0.725329,790
22/06/2026 10:17:09,5243,0.028,HUF,0.724776,782
22/06/2026 10:17:15,5248,0.028,HUF,0.724085,1093
22/06/2026 10:17:20,5254,0.028,HUF,0.723258,785
22/06/2026 10:17:26,5259,0.028,HUF,0.722571,1201
22/06/2026 10:17:29,5263,0.028,HUF,0.722022,1756
22/06/2026 10:17:34,5268,0.028,HUF,0.721336,903
22/06/2026 10:17:39,5273,0.028,HUF,0.720652,778
22/06/2026 10:17:44,5278,0.028,HUF,0.71997,845
22/06/2026 10:17:50,5283,0.028,HUF,0.719288,781
22/06/2026 10:17:54,5288,0.028,HUF,0.718608,784
22/06/2026 10:17:58,5292,0.028,HUF,0.718065,831
22/06/2026 10:18:02,5296,0.028,GOC,0.717523,893
22/06/2026 10:18:12,5300,0.028,HUF,0.716981,788
22/06/2026 10:18:18,5309,0.028,HUF,0.715766,775
22/06/2026 10:18:23,5317,0.028,HUF,0.714689,868
22/06/2026 10:18:27,5321,0.028,GOC,0.714151,4242
22/06/2026 10:18:32,5325,0.028,HUF,0.713615,780
22/06/2026 10:18:37,5330,0.028,HUF,0.712946,781
22/06/2026 10:18:40,5334,0.028,HUF,0.712411,776
22/06/2026 10:18:46,5340,0.028,HUF,0.71161,15658
22/06/2026 10:18:50,5344,0.028,HUF,0.711078,1789
22/06/2026 10:18:55,5348,0.028,HUF,0.710546,1780
22/06/2026 10:18:59,5352,0.028,HUF,0.710015,777
22/06/2026 10:19:04,5358,0.028,HUF,0.70922,790
22/06/2026 10:19:09,5363,0.028,HUF,0.708559,774
22/06/2026 10:19:14,5368,0.028,HUF,0.707899,791
22/06/2026 10:19:17,5371,0.028,GOC,0.707503,1419
22/06/2026 10:19:22,5376,0.028,GOC,0.706845,2534
22/06/2026 10:19:27,5381,0.028,GOC,0.706188,842
22/06/2026 10:19:31,5385,0.028,HUF,0.705664,1011
22/06/2026 10:19:35,5389,0.028,HUF,0.70514,948
22/06/2026 10:19:39,5393,0.028,HUF,0.704617,3460
22/06/2026 10:19:43,5396,0.028,GOC,0.704225,783
22/06/2026 10:19:47,5400,0.028,HUF,0.703704,784
22/06/2026 10:19:54,5408,0.028,HUF,0.702663,3119
22/06/2026 10:19:58,5412,0.028,HUF,0.702143,777
22/06/2026 10:20:01,5415,0.028,HUF,0.701754,875
22/06/2026 10:20:05,5419,0.028,HUF,0.701236,2534
22/06/2026 10:20:09,5423,0.028,HUF,0.700719,1286
22/06/2026 10:20:15,5428,0.028,HUF,0.700074,777
22/06/2026 10:20:21,5434,0.028,HUF,0.699301,899
22/06/2026 10:20:26,5439,0.028,HUF,0.698658,783
22/06/2026 10:20:30,5444,0.028,HUF,0.698016,1616
22/06/2026 10:20:34,5448,0.028,HUF,0.697504,4625
22/06/2026 10:20:38,5452,0.028,HUF,0.696992,792
22/06/2026 10:20:44,5457,0.028,HUF,0.696353,779
22/06/2026 10:20:49,5463,0.028,HUF,0.695588,8287
22/06/2026 10:20:54,5467,0.028,HUF,0.69508,804
22/06/2026 10:21:00,5472,0.028,HUF,0.694444,778
22/06/2026 10:21:04,5477,0.028,HUF,0.693811,795
22/06/2026 10:21:08,5482,0.028,HUF,0.693178,3470
22/06/2026 10:21:12,5486,0.028,GOC,0.692672,1759
22/06/2026 10:21:16,5490,0.028,HUF,0.692168,7520
22/06/2026 10:21:20,5493,0.028,HUF,0.69179,1021
22/06/2026 10:21:28,5501,0.028,GOC,0.690784,775
22/06/2026 10:21:31,5505,0.028,HUF,0.690282,777
22/06/2026 10:21:35,5509,0.028,HUF,0.68978,888
22/06/2026 10:21:40,5514,0.028,HUF,0.689155,780
22/06/2026 10:21:47,5518,0.028,HUF,0.688655,1079
22/06/2026 10:21:53,5526,0.028,GOC,0.687658,791
22/06/2026 10:21:57,5531,0.028,GOC,0.687037,1175
22/06/2026 10:22:01,5535,0.028,HUF,0.68654,1448
22/06/2026 10:22:06,5539,0.028,HUF,0.686044,1654
22/06/2026 10:22:10,5544,0.028,HUF,0.685426,814
22/06/2026 10:22:15,5548,0.028,HUF,0.684932,912
22/06/2026 10:22:20,5553,0.028,HUF,0.684315,783
22/06/2026 10:22:24,5557,0.028,HUF,0.683822,1027
22/06/2026 10:22:28,5562,0.028,HUF,0.683208,6038
22/06/2026 10:22:33,5566,0.028,GOC,0.682716,787
22/06/2026 10:22:37,5571,0.028,GOC,0.682104,788
22/06/2026 10:22:42,5575,0.028,HUF,0.681614,789
22/06/2026 10:22:50,5582,0.028,HUF,0.68076,1607
22/06/2026 10:25:04,4,0.028,HUF,75,0
22/06/2026 10:25:20,5,0.028,HUF,60,755
22/06/2026 10:25:24,10,0.028,HUF,30,1954
22/06/2026 10:25:28,14,0.028,HUF,21.42857,772
22/06/2026 10:25:32,17,0.028,HUF,17.64706,2758
22/06/2026 10:25:35,21,0.028,GOC,14.28572,1142
22/06/2026 10:25:39,25,0.028,HUF,12,874
22/06/2026 10:25:57,26,0.028,GOC,11.53846,884
22/06/2026 10:26:02,31,0.028,GOC,9.677419,776
22/06/2026 10:26:07,37,0.028,HUF,8.108108,790
22/06/2026 10:26:11,41,0.028,GOC,7.317073,2238
22/06/2026 10:26:16,45,3.969,HUF,6.666667,27814
22/06/2026 10:26:23,51,3.964686,GOC,5.882353,1011
22/06/2026 10:26:29,58,3.963,HUF,5.172414,1227
22/06/2026 10:26:36,62,3.963,HUF,4.838709,1947
22/06/2026 10:26:40,69,3.961,HUF,4.347826,1903
22/06/2026 10:26:46,74,3.962,HUF,4.054054,986
22/06/2026 10:26:50,80,3.959,HUF,3.75,789
22/06/2026 10:26:54,84,3.959,HUF,3.571429,783
22/06/2026 10:26:59,88,3.957,HUF,3.409091,785
22/06/2026 10:27:02,92,3.959,HUF,3.26087,812
22/06/2026 10:27:06,96,3.956502,GOC,3.125,8742
22/06/2026 10:27:11,101,3.956577,GOC,2.970297,14913
22/06/2026 10:27:16,105,3.954,HUF,2.857143,792
22/06/2026 10:27:21,110,3.954,HUF,2.727273,779
22/06/2026 10:27:25,114,3.953,HUF,2.631579,783
22/06/2026 10:27:30,119,3.954,HUF,2.521008,782
22/06/2026 10:27:34,124,3.952,HUF,2.419355,791
22/06/2026 10:27:39,128,3.952,HUF,2.34375,1198
22/06/2026 10:27:44,133,3.949,HUF,2.255639,788
22/06/2026 10:27:48,137,3.95,HUF,2.189781,781
22/06/2026 10:27:51,141,3.948322,GOC,2.12766,776
22/06/2026 10:27:56,145,3.948,HUF,2.068965,779
22/06/2026 10:28:00,150,3.946,HUF,2,4600
22/06/2026 10:28:05,155,3.945,HUF,1.935484,819
22/06/2026 10:28:11,160,3.944,HUF,1.875,1043
22/06/2026 10:28:16,165,3.942,HUF,1.818182,1326
22/06/2026 10:28:20,170,3.941,HUF,1.764706,775
22/06/2026 10:28:25,175,3.94,HUF,1.714286,771
22/06/2026 10:28:29,179,3.942,HUF,1.675978,964
22/06/2026 10:28:34,184,3.938,HUF,1.630435,809
22/06/2026 10:28:39,188,3.939,HUF,1.595745,1816
22/06/2026 10:28:43,193,3.938,HUF,1.554404,826
22/06/2026 10:28:47,197,3.937,HUF,1.522843,1111
22/06/2026 10:28:51,201,3.937161,GOC,1.492537,776
22/06/2026 10:28:55,205,3.937,HUF,1.463415,798
22/06/2026 10:28:59,209,3.936,HUF,1.435407,1720
22/06/2026 10:29:04,213,3.935,HUF,1.408451,778
22/06/2026 10:29:07,217,3.935,HUF,1.382488,1067
22/06/2026 10:29:11,221,3.933607,GOC,1.357466,15364
22/06/2026 10:29:16,226,3.933309,GOC,1.327434,1379
22/06/2026 10:29:22,230,3.932,HUF,1.304348,821
22/06/2026 10:29:31,237,3.93,HUF,1.265823,3076
22/06/2026 10:29:37,246,3.93059,GOC,1.219512,909
22/06/2026 10:29:41,251,3.928962,GOC,1.195219,783
22/06/2026 10:29:45,255,3.926,HUF,1.176471,7111
22/06/2026 10:29:49,258,3.927,HUF,1.162791,1749
22/06/2026 10:29:53,262,3.927,HUF,1.145038,800
22/06/2026 10:29:58,267,3.926,HUF,1.123595,793
22/06/2026 10:30:02,271,3.922258,GOC,1.107011,781
22/06/2026 10:30:06,276,3.923495,GOC,1.086957,774
22/06/2026 10:30:10,280,3.923,HUF,1.071429,1116
22/06/2026 10:30:14,284,3.921,HUF,1.056338,3161
22/06/2026 10:30:19,288,3.922,HUF,1.041667,1016
22/06/2026 10:30:22,292,3.92,HUF,1.027397,1621
22/06/2026 10:30:27,296,3.919696,GOC,1.013513,785
22/06/2026 10:30:31,301,3.915639,GOC,0.996678,1600
22/06/2026 10:30:36,305,3.913,HUF,0.983607,793
22/06/2026 10:30:40,310,3.912,HUF,0.967742,1842
22/06/2026 10:30:44,314,3.912,HUF,0.955414,788
22/06/2026 10:30:48,317,3.911,HUF,0.946372,1232
22/06/2026 10:30:52,322,3.91,HUF,0.931677,1077
22/06/2026 10:30:57,326,3.910113,GOC,0.920245,943
22/06/2026 10:31:02,331,3.908962,GOC,0.906344,792
22/06/2026 10:31:06,336,3.907676,GOC,0.892857,13989
22/06/2026 10:31:10,339,3.908,HUF,0.884956,14420
22/06/2026 10:31:14,343,3.907,HUF,0.874636,783
22/06/2026 10:31:20,347,3.907,HUF,0.864553,778
22/06/2026 10:31:25,355,3.904,HUF,0.84507,776
22/06/2026 10:31:30,359,3.904,HUF,0.835655,796
22/06/2026 10:31:33,363,3.904,HUF,0.826446,845
22/06/2026 10:31:38,368,3.903,HUF,0.815217,780
22/06/2026 10:31:42,372,3.901,HUF,0.806452,1399
22/06/2026 10:31:46,376,3.899051,GOC,0.797872,818
22/06/2026 10:31:50,379,3.899,HUF,0.791557,1488
22/06/2026 10:31:53,383,3.9,HUF,0.78329,937
22/06/2026 10:31:58,387,3.897,HUF,0.775194,790
22/06/2026 10:32:01,391,3.895955,GOC,0.767263,5112
22/06/2026 10:32:06,396,3.894304,GOC,0.757576,11655
22/06/2026 10:32:10,399,3.893,HUF,0.75188,1150
22/06/2026 10:32:14,403,3.894,HUF,0.744417,784
22/06/2026 10:32:20,409,3.892,HUF,0.733496,17540
22/06/2026 10:32:24,414,3.892,HUF,0.724638,4754
22/06/2026 10:32:28,418,3.892,HUF,0.717703,895
22/06/2026 10:32:33,423,3.891,HUF,0.70922,14678
22/06/2026 10:32:37,427,3.889,HUF,0.702576,1776
22/06/2026 10:32:41,431,3.890052,GOC,0.696056,822
22/06/2026 10:32:45,434,3.889,HUF,0.691244,3346
22/06/2026 10:32:48,438,3.888,HUF,0.684932,951
22/06/2026 10:32:52,442,3.886,HUF,0.678733,1968
22/06/2026 10:32:56,446,3.884551,GOC,0.672646,5433
22/06/2026 10:33:00,449,3.885,HUF,0.668151,920
22/06/2026 10:33:04,453,3.882,HUF,0.662252,790
22/06/2026 10:33:08,458,3.881,HUF,0.655022,777
22/06/2026 10:33:12,462,3.88,HUF,0.649351,1044
22/06/2026 10:33:16,465,3.879,HUF,0.645161,779
22/06/2026 10:33:21,470,3.878,HUF,0.638298,771
22/06/2026 10:33:24,474,3.877,HUF,0.632911,12327
22/06/2026 10:33:29,479,3.876,HUF,0.626305,1246
22/06/2026 10:33:33,482,3.875,HUF,0.622407,1291
22/06/2026 10:33:39,488,3.875,HUF,0.614754,772
22/06/2026 10:33:45,494,3.875,HUF,0.607287,786
22/06/2026 10:33:49,499,3.875,HUF,0.601202,1024
22/06/2026 10:33:55,503,3.873,HUF,0.596421,775
22/06/2026 10:33:59,509,3.873,HUF,0.589391,783
22/06/2026 10:34:03,513,3.873,HUF,0.584795,776
22/06/2026 10:34:07,517,3.872,HUF,0.580271,2567
22/06/2026 10:34:11,521,3.869766,GOC,0.575816,770
22/06/2026 10:34:15,524,3.868,HUF,0.572519,17964
22/06/2026 10:34:19,529,3.868,HUF,0.567108,8707
22/06/2026 10:34:23,532,3.869,HUF,0.56391,12292
22/06/2026 10:34:27,537,3.867,HUF,0.558659,2025
22/06/2026 10:34:31,541,3.863156,GOC,0.554529,12613
22/06/2026 10:34:35,545,3.862,HUF,0.550459,1136
22/06/2026 10:34:39,549,3.861,HUF,0.546448,785
22/06/2026 10:34:43,553,3.857,HUF,0.542495,786
22/06/2026 10:34:46,556,3.855709,GOC,0.539568,1411
22/06/2026 10:34:50,560,3.855,HUF,0.535714,778
22/06/2026 10:34:55,564,3.854,HUF,0.531915,1405
22/06/2026 10:34:59,569,3.854,HUF,0.527241,1644
22/06/2026 10:35:02,572,3.853,HUF,0.524476,3270
22/06/2026 10:35:07,577,3.851,HUF,0.519931,13502
22/06/2026 10:35:11,581,3.851437,GOC,0.516351,59155
22/06/2026 10:35:15,585,3.85,HUF,0.512821,842
22/06/2026 10:35:19,589,3.851,HUF,0.509338,1594
22/06/2026 10:35:25,594,3.85,HUF,0.50505,1617
22/06/2026 10:35:29,599,3.849,HUF,0.500835,2842
22/06/2026 10:35:33,603,3.848,HUF,0.497512,1447
22/06/2026 10:35:38,607,3.848,HUF,0.494234,781
22/06/2026 10:35:41,611,3.845187,GOC,0.490998,1283
22/06/2026 10:35:45,615,3.846,HUF,0.487805,1323
22/06/2026 10:35:49,619,3.844,HUF,0.484653,771
22/06/2026 10:35:54,624,3.844,HUF,0.480769,1270
22/06/2026 10:35:58,628,3.844,HUF,0.477707,890
22/06/2026 10:36:02,631,3.844524,GOC,0.475436,4064
22/06/2026 10:36:11,641,3.842227,GOC,0.468019,809
22/06/2026 10:36:16,645,3.842,HUF,0.465116,47128
22/06/2026 10:36:20,649,3.842,HUF,0.46225,934
22/06/2026 10:36:29,658,3.841,HUF,0.455927,790
22/06/2026 10:36:34,663,3.841,HUF,0.452489,888
22/06/2026 10:36:38,668,3.838,HUF,0.449102,777
22/06/2026 10:36:42,672,3.837,HUF,0.446429,785
22/06/2026 10:36:46,676,3.836833,GOC,0.443787,3101
22/06/2026 10:36:51,681,3.832546,GOC,0.440529,838
22/06/2026 10:36:55,684,3.831,HUF,0.438596,790
22/06/2026 10:36:59,689,3.831,HUF,0.435414,815
22/06/2026 10:37:04,694,3.83,HUF,0.432277,786
22/06/2026 10:37:08,697,3.83,HUF,0.430416,1466
22/06/2026 10:37:12,701,3.827579,GOC,0.42796,785
22/06/2026 10:37:16,706,3.827141,GOC,0.424929,777
22/06/2026 10:37:20,710,3.827,HUF,0.422535,7069
22/06/2026 10:37:25,715,3.826,HUF,0.41958,786
22/06/2026 10:37:29,719,3.826,HUF,0.417246,780
22/06/2026 10:37:33,722,3.825,HUF,0.415512,787
22/06/2026 10:37:37,727,3.825,HUF,0.412655,771
22/06/2026 10:37:41,731,3.82504,GOC,0.410397,18548
22/06/2026 10:37:45,735,3.824,HUF,0.408163,1641
22/06/2026 10:37:50,739,3.823,HUF,0.405954,1055
22/06/2026 10:37:54,743,3.823,HUF,0.403769,778
22/06/2026 10:37:58,748,3.823,HUF,0.401069,778
22/06/2026 10:38:02,751,3.822483,GOC,0.399467,1400
22/06/2026 10:38:06,755,3.821,HUF,0.397351,790
22/06/2026 10:38:10,759,3.821,HUF,0.395257,789
22/06/2026 10:38:14,764,3.819,HUF,0.39267,785
22/06/2026 10:38:18,768,3.819,HUF,0.390625,914
22/06/2026 10:38:23,772,3.817,HUF,0.388601,829
22/06/2026 10:38:27,776,3.818039,GOC,0.386598,1695
22/06/2026 10:38:31,781,3.816434,GOC,0.384123,789
22/06/2026 10:38:36,785,3.816,HUF,0.382166,1082
22/06/2026 10:38:40,789,3.816,HUF,0.380228,789
22/06/2026 10:38:44,794,3.814,HUF,0.377834,9212
22/06/2026 10:38:49,798,3.816,HUF,0.37594,787
22/06/2026 10:38:53,803,3.815,HUF,0.373599,780
22/06/2026 10:38:58,808,3.814,HUF,0.371287,775
22/06/2026 10:39:03,813,3.813,HUF,0.369004,809
22/06/2026 10:39:07,817,3.812,HUF,0.367197,1305
22/06/2026 10:39:12,821,3.811389,GOC,0.365408,5419
22/06/2026 10:39:16,826,3.810743,GOC,0.363196,776
22/06/2026 10:39:22,832,3.811,HUF,0.360577,1491
22/06/2026 10:39:27,836,3.810678,GOC,0.358852,2091
22/06/2026 10:39:31,840,3.809,HUF,0.357143,1519
22/06/2026 10:39:35,844,3.81,HUF,0.35545,775
22/06/2026 10:39:40,849,3.807,HUF,0.353357,1165
22/06/2026 10:39:45,854,3.807,HUF,0.351288,6322
22/06/2026 10:39:49,859,3.802,HUF,0.349243,1267
22/06/2026 10:39:53,863,3.802,HUF,0.347625,788
22/06/2026 10:39:58,867,3.801,HUF,0.346021,785
22/06/2026 10:40:06,876,3.799048,GOC,0.342466,786
22/06/2026 10:40:15,885,3.797,HUF,0.338983,1300
22/06/2026 10:40:20,889,3.797,HUF,0.337458,12306
22/06/2026 10:40:23,893,3.797,HUF,0.335946,772
22/06/2026 10:40:28,898,3.795,HUF,0.334076,1094
22/06/2026 10:40:32,902,3.795,HUF,0.332594,1949
22/06/2026 10:40:37,906,3.794712,GOC,0.331126,780
22/06/2026 10:40:42,911,3.792865,GOC,0.329308,3441
22/06/2026 10:40:46,916,3.791391,GOC,0.327511,1431
22/06/2026 10:40:50,920,3.79,HUF,0.326087,777
22/06/2026 10:40:56,926,3.790318,GOC,0.323974,1743
22/06/2026 10:41:00,930,3.79,HUF,0.322581,1084
22/06/2026 10:41:05,935,3.79,HUF,0.320856,775
22/06/2026 10:41:11,939,3.789,HUF,0.319489,809
22/06/2026 10:41:16,946,3.789104,GOC,0.317125,780
22/06/2026 10:41:20,950,3.788,HUF,0.315789,814
22/06/2026 10:41:25,955,3.788,HUF,0.314136,786
22/06/2026 10:41:30,959,3.787,HUF,0.312826,43628
22/06/2026 10:41:34,964,3.787,HUF,0.311203,1451
22/06/2026 10:41:39,968,3.785,HUF,0.309917,22664
22/06/2026 10:41:44,974,3.785,HUF,0.308008,4031
22/06/2026 10:41:49,978,3.785,HUF,0.306748,907
22/06/2026 10:41:54,984,3.783,HUF,0.304878,774
22/06/2026 10:41:58,988,3.782,HUF,0.303644,866
22/06/2026 10:42:03,993,3.782,HUF,0.302115,787
22/06/2026 10:42:08,998,3.781,HUF,0.300601,776
22/06/2026 10:42:13,1002,3.78,HUF,0.299401,789
22/06/2026 10:42:18,1007,3.78,HUF,0.297915,1467
22/06/2026 10:42:22,1012,3.778,HUF,0.296443,770
22/06/2026 10:42:27,1016,3.77755,GOC,0.295276,788
22/06/2026 10:42:32,1021,3.772706,GOC,0.29383,1552
22/06/2026 10:42:35,1025,3.772,HUF,0.292683,802
22/06/2026 10:42:40,1029,3.771,HUF,0.291545,788
22/06/2026 10:42:43,1033,3.77,HUF,0.290416,2080
22/06/2026 10:42:47,1037,3.769,HUF,0.289296,4932
22/06/2026 10:42:51,1041,3.769187,GOC,0.288184,4404
22/06/2026 10:42:55,1045,3.769,HUF,0.287081,1109
22/06/2026 10:42:59,1049,3.767,HUF,0.285987,784
22/06/2026 10:43:04,1054,3.766,HUF,0.28463,786
22/06/2026 10:43:08,1057,3.764,HUF,0.283822,1380
22/06/2026 10:43:12,1062,3.764,HUF,0.282486,2793
22/06/2026 10:43:16,1065,3.763,HUF,0.28169,789
22/06/2026 10:43:21,1071,3.763001,GOC,0.280112,891
22/06/2026 10:43:25,1075,3.763,HUF,0.27907,773
22/06/2026 10:43:30,1079,3.761,HUF,0.278035,1393
22/06/2026 10:43:34,1084,3.76,HUF,0.276753,786
22/06/2026 10:43:39,1088,3.76,HUF,0.275735,776
22/06/2026 10:43:43,1092,3.759,HUF,0.274725,1135
22/06/2026 10:43:47,1096,3.759608,GOC,0.273723,789
22/06/2026 10:43:51,1101,3.757798,GOC,0.27248,3159
22/06/2026 10:43:55,1105,3.758,HUF,0.271493,1555
22/06/2026 10:43:59,1109,3.757,HUF,0.270514,773
22/06/2026 10:44:04,1113,3.757,HUF,0.269542,824
22/06/2026 10:44:09,1118,3.756,HUF,0.268336,773
22/06/2026 10:44:14,1124,3.756,HUF,0.266904,1246
22/06/2026 10:44:19,1128,3.754,HUF,0.265957,774
22/06/2026 10:44:23,1133,3.754,HUF,0.264784,1174
22/06/2026 10:44:28,1137,3.752,HUF,0.263852,777
22/06/2026 10:44:33,1142,3.752,HUF,0.262697,788
22/06/2026 10:44:37,1147,3.746,HUF,0.261552,795
22/06/2026 10:44:42,1152,3.747,HUF,0.260417,2994
22/06/2026 10:44:47,1156,3.742062,GOC,0.259516,1892
22/06/2026 10:44:51,1161,3.742447,GOC,0.258398,1415
22/06/2026 10:44:55,1164,3.741,HUF,0.257732,2119
22/06/2026 10:44:59,1169,3.741,HUF,0.25663,789
22/06/2026 10:45:04,1173,3.74,HUF,0.255754,1200
22/06/2026 10:45:08,1177,3.741,HUF,0.254885,786
22/06/2026 10:45:12,1182,3.739,HUF,0.253807,784
22/06/2026 10:45:16,1186,3.739052,GOC,0.252951,2203
22/06/2026 10:45:20,1190,3.739,HUF,0.252101,786
22/06/2026 10:45:24,1194,3.739,HUF,0.251256,790
22/06/2026 10:45:29,1199,3.738,HUF,0.250209,772
22/06/2026 10:45:34,1203,3.737,HUF,0.249377,792
22/06/2026 10:45:38,1207,3.737,HUF,0.24855,774
22/06/2026 10:45:42,1212,3.736,HUF,0.247525,793
22/06/2026 10:45:46,1216,3.734756,GOC,0.246711,782
22/06/2026 10:45:50,1220,3.734,HUF,0.245902,4560
22/06/2026 10:45:54,1224,3.734,HUF,0.245098,782
22/06/2026 10:45:58,1228,3.734,HUF,0.2443,4997
22/06/2026 10:46:02,1232,3.733,HUF,0.243506,913
22/06/2026 10:46:07,1236,3.732953,GOC,0.242718,895
22/06/2026 10:46:11,1240,3.733,HUF,0.241935,1355
22/06/2026 10:46:16,1245,3.733,HUF,0.240964,786
22/06/2026 10:46:20,1249,3.732,HUF,0.240192,775
22/06/2026 10:46:24,1254,3.73,HUF,0.239234,1333
22/06/2026 10:46:29,1258,3.729,HUF,0.238474,778
22/06/2026 10:46:33,1263,3.728,HUF,0.23753,1162
22/06/2026 10:46:38,1267,3.727,HUF,0.23678,5841
22/06/2026 10:46:43,1273,3.727,HUF,0.235664,983
22/06/2026 10:46:47,1277,3.726,HUF,0.234926,916
22/06/2026 10:46:52,1282,3.726,HUF,0.234009,819
22/06/2026 10:46:58,1286,3.724144,GOC,0.233281,781
22/06/2026 10:47:04,1293,3.723,HUF,0.232019,4053
22/06/2026 10:47:08,1298,3.721,HUF,0.231125,781
22/06/2026 10:47:12,1302,3.721,HUF,0.230415,995
22/06/2026 10:47:18,1307,3.72,HUF,0.229533,773
22/06/2026 10:47:23,1313,3.716,HUF,0.228484,775
22/06/2026 10:47:28,1317,3.716,HUF,0.22779,1288
22/06/2026 10:47:33,1322,3.716,HUF,0.226929,779
22/06/2026 10:47:38,1327,3.714,HUF,0.226074,781
22/06/2026 10:47:42,1331,3.712989,GOC,0.225394,786
22/06/2026 10:47:46,1336,3.713335,GOC,0.224551,2556
22/06/2026 10:47:51,1340,3.712,HUF,0.223881,822
22/06/2026 10:47:55,1344,3.712,HUF,0.223214,3922
22/06/2026 10:47:59,1349,3.71,HUF,0.222387,878
22/06/2026 10:48:04,1353,3.71,HUF,0.221729,16810
22/06/2026 10:48:08,1357,3.71,HUF,0.221076,796
22/06/2026 10:48:12,1361,3.709266,GOC,0.220426,788
22/06/2026 10:48:16,1366,3.709129,GOC,0.219619,1537
22/06/2026 10:48:21,1371,3.708807,GOC,0.218818,31635
22/06/2026 10:48:26,1376,3.70822,GOC,0.218023,787
22/06/2026 10:48:31,1381,3.708,GOC,0.217234,797
22/06/2026 10:48:36,1385,3.708,HUF,0.216606,781
22/06/2026 10:48:40,1390,3.706,HUF,0.215827,2580
22/06/2026 10:48:44,1394,3.707,HUF,0.215208,782
22/06/2026 10:48:49,1398,3.706,HUF,0.214592,778
22/06/2026 10:48:54,1403,3.706,HUF,0.213828,2790
22/06/2026 10:48:58,1407,3.705,HUF,0.21322,911
22/06/2026 10:49:02,1412,3.704,HUF,0.212465,63226
22/06/2026 10:49:06,1416,3.7029,GOC,0.211864,1561
22/06/2026 10:49:10,1420,3.703,HUF,0.211268,798
22/06/2026 10:49:15,1424,3.703,HUF,0.210674,1044
22/06/2026 10:49:19,1429,3.702,HUF,0.209937,780
22/06/2026 10:49:24,1433,3.702,HUF,0.209351,1322
22/06/2026 10:49:28,1438,3.7,HUF,0.208623,896
22/06/2026 10:49:32,1442,3.698,HUF,0.208044,776
22/06/2026 10:49:37,1446,3.698325,GOC,0.207469,872
22/06/2026 10:49:41,1451,3.695031,GOC,0.206754,3101
22/06/2026 10:49:46,1455,3.694,HUF,0.206186,9183
22/06/2026 10:49:49,1459,3.694,HUF,0.20562,833
22/06/2026 10:49:54,1463,3.693,HUF,0.205058,2877
22/06/2026 10:49:58,1468,3.693,HUF,0.20436,783
22/06/2026 10:50:02,1471,3.690951,GOC,0.203943,779
22/06/2026 10:50:06,1476,3.689726,GOC,0.203252,777
22/06/2026 10:50:10,1480,3.689,HUF,0.202703,10112
22/06/2026 10:50:14,1484,3.689,HUF,0.202156,862
22/06/2026 10:50:18,1488,3.688,HUF,0.201613,1544
22/06/2026 10:50:24,1493,3.685,HUF,0.200938,782
22/06/2026 10:50:28,1497,3.685,HUF,0.200401,1660
22/06/2026 10:50:33,1502,3.685,HUF,0.199734,818
22/06/2026 10:50:38,1507,3.683,HUF,0.199071,19373
22/06/2026 10:50:42,1511,3.683298,GOC,0.198544,1058
22/06/2026 10:50:46,1515,3.681,HUF,0.19802,1142
22/06/2026 10:50:51,1520,3.682,HUF,0.197368,24127
22/06/2026 10:50:55,1524,3.68,HUF,0.19685,788
22/06/2026 10:50:59,1529,3.679,HUF,0.196207,6850
22/06/2026 10:51:04,1533,3.679,HUF,0.195695,26319
22/06/2026 10:51:08,1538,3.678,HUF,0.195059,774
22/06/2026 10:51:13,1542,3.677,HUF,0.194553,2387
22/06/2026 10:51:17,1546,3.675933,GOC,0.194049,6546
22/06/2026 10:51:21,1551,3.675904,GOC,0.193424,775
22/06/2026 10:51:26,1555,3.675,HUF,0.192926,1120
22/06/2026 10:51:31,1560,3.675,HUF,0.192308,1457
22/06/2026 10:51:35,1565,3.674,HUF,0.191693,2100
22/06/2026 10:51:39,1569,3.673,HUF,0.191205,775
22/06/2026 10:51:46,1573,3.673,HUF,0.190718,782
22/06/2026 10:51:50,1579,3.672,HUF,0.189994,775
22/06/2026 10:51:54,1584,3.673,HUF,0.189394,1450
22/06/2026 10:51:58,1588,3.672,HUF,0.188917,776
22/06/2026 10:52:03,1593,3.672,HUF,0.188324,778
22/06/2026 10:52:07,1597,3.671,HUF,0.187852,774
22/06/2026 10:52:11,1601,3.670346,GOC,0.187383,1152
22/06/2026 10:52:15,1605,3.67,HUF,0.186916,814
22/06/2026 10:52:19,1609,3.671,HUF,0.186451,1511
22/06/2026 10:52:23,1613,3.669,HUF,0.185989,21916
22/06/2026 10:52:28,1617,3.669,HUF,0.185529,780
22/06/2026 10:52:33,1621,3.668491,GOC,0.185071,1545
22/06/2026 10:52:37,1627,3.667,HUF,0.184388,1558
22/06/2026 10:52:43,1632,3.665,HUF,0.183824,1277
22/06/2026 10:52:47,1637,3.665,HUF,0.183262,804
22/06/2026 10:52:51,1640,3.665,HUF,0.182927,784
22/06/2026 10:52:55,1644,3.664,HUF,0.182482,1378
22/06/2026 10:53:02,1650,3.664,HUF,0.181818,941
22/06/2026 10:53:07,1656,3.663383,GOC,0.181159,1475
22/06/2026 10:53:11,1661,3.661457,GOC,0.180614,779
22/06/2026 10:53:15,1665,3.66,HUF,0.18018,1888
22/06/2026 10:53:20,1669,3.657,HUF,0.179748,785
22/06/2026 10:53:25,1675,3.661,HUF,0.179104,873
22/06/2026 10:53:29,1679,3.657,HUF,0.178678,786
22/06/2026 10:53:33,1683,3.655,HUF,0.178253,785
22/06/2026 10:53:39,1688,3.655,HUF,0.177725,9685
22/06/2026 10:53:43,1693,3.653,HUF,0.1772,881
22/06/2026 10:53:47,1697,3.653,HUF,0.176783,774
22/06/2026 10:53:51,1701,3.652296,GOC,0.176367,6661
22/06/2026 10:53:55,1705,3.652,HUF,0.175953,788
22/06/2026 10:54:00,1710,3.651,HUF,0.175439,772
22/06/2026 10:54:04,1714,3.651,HUF,0.175029,777
22/06/2026 10:54:09,1719,3.65,HUF,0.17452,1087
22/06/2026 10:54:13,1723,3.649,HUF,0.174115,4142
22/06/2026 10:54:19,1728,3.649,HUF,0.173611,791
22/06/2026 10:54:23,1733,3.648,HUF,0.17311,778
22/06/2026 10:54:28,1738,3.647,HUF,0.172612,819
22/06/2026 10:54:33,1742,3.646,HUF,0.172216,945
22/06/2026 10:54:37,1747,3.642,HUF,0.171723,787
22/06/2026 10:54:41,1750,3.646,HUF,0.171429,1475
22/06/2026 10:54:45,1754,3.644,HUF,0.171038,1349
22/06/2026 10:54:49,1758,3.639,HUF,0.170648,780
22/06/2026 10:54:54,1763,3.64,HUF,0.170164,1141
22/06/2026 10:54:58,1768,3.631,HUF,0.169683,784
22/06/2026 10:55:03,1773,3.629,HUF,0.169205,772
22/06/2026 10:55:07,1776,3.629272,GOC,0.168919,782
22/06/2026 10:55:11,1781,3.62647,GOC,0.168445,777
22/06/2026 10:55:15,1785,3.627,HUF,0.168067,1208
22/06/2026 10:55:19,1789,3.626,HUF,0.167691,780
22/06/2026 10:55:24,1794,3.626,HUF,0.167224,787
22/06/2026 10:55:28,1798,3.625,HUF,0.166852,776
22/06/2026 10:55:32,1802,3.624,HUF,0.166482,789
22/06/2026 10:55:36,1806,3.624834,GOC,0.166113,841
22/06/2026 10:55:40,1810,3.625,HUF,0.165746,2529
22/06/2026 10:55:45,1815,3.623,HUF,0.165289,776
22/06/2026 10:55:50,1819,3.623,HUF,0.164926,1316
22/06/2026 10:55:54,1823,3.623,HUF,0.164564,788
22/06/2026 10:55:58,1828,3.622,HUF,0.164114,781
22/06/2026 10:56:02,1832,3.622,HUF,0.163755,776
22/06/2026 10:56:06,1836,3.621422,GOC,0.163399,774
22/06/2026 10:56:10,1840,3.621,HUF,0.163043,784
22/06/2026 10:56:16,1845,3.621,HUF,0.162602,781
22/06/2026 10:56:25,1854,3.619,HUF,0.161812,786
22/06/2026 10:56:29,1858,3.616,HUF,0.161464,1809
22/06/2026 10:56:33,1863,3.616,HUF,0.161031,1078
22/06/2026 10:56:38,1868,3.616,HUF,0.1606,1102
22/06/2026 10:56:42,1872,3.616,HUF,0.160256,797
22/06/2026 10:56:46,1876,3.615769,GOC,0.159915,780
22/06/2026 10:56:51,1880,3.616,HUF,0.159574,786
22/06/2026 10:56:55,1885,3.615,HUF,0.159151,779
22/06/2026 10:57:03,1890,3.614,HUF,0.15873,1044
22/06/2026 10:57:07,1897,3.611,HUF,0.158144,788
22/06/2026 10:57:12,1901,3.609396,GOC,0.157812,776
22/06/2026 10:57:16,1906,3.609347,GOC,0.157398,1290
22/06/2026 10:57:21,1911,3.60917,GOC,0.156986,1982
22/06/2026 10:57:25,1915,3.608,HUF,0.156658,961
22/06/2026 10:57:30,1920,3.608,HUF,0.15625,781
22/06/2026 10:57:34,1924,3.607,HUF,0.155925,5116
22/06/2026 10:57:39,1928,3.606,HUF,0.155602,1715
22/06/2026 10:57:44,1934,3.604,HUF,0.155119,1595
22/06/2026 10:57:48,1938,3.605,HUF,0.154799,776
22/06/2026 10:57:53,1943,3.604,HUF,0.1544,27257
22/06/2026 10:57:58,1947,3.603,HUF,0.154083,1535
22/06/2026 10:58:02,1951,3.602962,GOC,0.153767,819
22/06/2026 10:58:06,1955,3.603,HUF,0.153453,1165
22/06/2026 10:58:10,1960,3.603,HUF,0.153061,784
22/06/2026 10:58:15,1965,3.6,HUF,0.152672,776
22/06/2026 10:58:20,1969,3.6,HUF,0.152362,1081
22/06/2026 10:58:24,1974,3.599,HUF,0.151976,774
22/06/2026 10:58:28,1977,3.599,HUF,0.151745,808
22/06/2026 10:58:33,1982,3.597,HUF,0.151362,1802
22/06/2026 10:58:38,1987,3.597,HUF,0.150981,810
22/06/2026 10:58:42,1992,3.595,HUF,0.150602,782
22/06/2026 10:58:46,1996,3.593771,GOC,0.150301,1868
22/06/2026 10:58:51,2000,3.593,HUF,0.15,1694
22/06/2026 10:58:55,2005,3.592,HUF,0.149626,855
22/06/2026 10:59:00,2009,3.592,HUF,0.149328,780
22/06/2026 10:59:04,2014,3.59,HUF,0.148957,787
22/06/2026 10:59:10,2020,3.59,HUF,0.148515,1423
22/06/2026 10:59:15,2025,3.59,HUF,0.148148,786
22/06/2026 10:59:19,2029,3.59,HUF,0.147856,780
22/06/2026 10:59:24,2033,3.59,HUF,0.147565,2545
22/06/2026 10:59:28,2037,3.59,HUF,0.147275,3458
22/06/2026 10:59:32,2042,3.589,HUF,0.146915,4484
22/06/2026 10:59:37,2046,3.58944,GOC,0.146628,1437
22/06/2026 10:59:41,2051,3.587637,GOC,0.14627,4390
22/06/2026 10:59:45,2055,3.586,HUF,0.145985,1333
22/06/2026 10:59:50,2059,3.587,HUF,0.145702,789
22/06/2026 10:59:54,2063,3.585,HUF,0.145419,1006
22/06/2026 10:59:59,2068,3.585,HUF,0.145068,785
22/06/2026 11:00:04,2074,3.584,HUF,0.144648,775
22/06/2026 11:00:09,2078,3.582,HUF,0.14437,775
22/06/2026 11:00:13,2083,3.581,HUF,0.144023,2179
22/06/2026 11:00:17,2087,3.58,HUF,0.143747,2578
22/06/2026 11:00:22,2092,3.58,HUF,0.143403,3413
22/06/2026 11:00:28,2096,3.576857,GOC,0.14313,810
22/06/2026 11:00:32,2102,3.576,HUF,0.142721,777
22/06/2026 11:00:36,2106,3.575231,GOC,0.14245,774
22/06/2026 11:00:41,2110,3.574,HUF,0.14218,976
22/06/2026 11:00:45,2115,3.574,HUF,0.141844,786
22/06/2026 11:00:50,2120,3.575,HUF,0.141509,788
22/06/2026 11:00:54,2124,3.574,HUF,0.141243,776
22/06/2026 11:00:58,2128,3.574,HUF,0.140977,1096
22/06/2026 11:01:03,2133,3.574,HUF,0.140647,2482
22/06/2026 11:01:08,2137,3.574,HUF,0.140384,966
22/06/2026 11:01:12,2142,3.573,HUF,0.140056,783
22/06/2026 11:01:17,2146,3.572398,GOC,0.139795,780
22/06/2026 11:01:21,2151,3.572316,GOC,0.13947,815
22/06/2026 11:01:25,2155,3.571,HUF,0.139211,779
22/06/2026 11:01:30,2159,3.57,HUF,0.138953,780
22/06/2026 11:01:34,2164,3.57,HUF,0.138632,833
22/06/2026 11:01:39,2169,3.568,HUF,0.138313,784
22/06/2026 11:01:43,2173,3.568,HUF,0.138058,962
22/06/2026 11:01:48,2177,3.566,HUF,0.137804,777
22/06/2026 11:01:52,2182,3.564,HUF,0.137489,779
22/06/2026 11:01:56,2186,3.56494,GOC,0.137237,783
22/06/2026 11:02:00,2190,3.564,HUF,0.136986,3487
22/06/2026 11:02:05,2195,3.563,HUF,0.136674,784
22/06/2026 11:02:10,2200,3.562,HUF,0.136364,787
22/06/2026 11:02:14,2204,3.563,HUF,0.136116,790
22/06/2026 11:02:19,2208,3.562,HUF,0.13587,901
22/06/2026 11:02:23,2212,3.561,HUF,0.135624,1115
22/06/2026 11:02:28,2218,3.558,HUF,0.135257,4544
22/06/2026 11:02:33,2222,3.56,HUF,0.135013,3535
22/06/2026 11:02:37,2226,3.558768,GOC,0.134771,779
22/06/2026 11:02:41,2231,3.556126,GOC,0.134469,2063
22/06/2026 11:02:46,2234,3.557,HUF,0.134288,3243
22/06/2026 11:02:50,2240,3.556,HUF,0.133929,833
22/06/2026 11:02:55,2245,3.556,HUF,0.13363,6471
22/06/2026 11:03:00,2249,3.556,HUF,0.133393,3052
22/06/2026 11:03:04,2253,3.556,HUF,0.133156,1763
22/06/2026 11:03:08,2257,3.552,HUF,0.13292,956
22/06/2026 11:03:12,2261,3.554165,GOC,0.132685,1501
22/06/2026 11:03:16,2265,3.554,HUF,0.13245,775
22/06/2026 11:03:20,2269,3.551,HUF,0.132217,786
22/06/2026 11:03:24,2273,3.551,HUF,0.131984,1573
22/06/2026 11:03:28,2278,3.55,HUF,0.131694,1098
22/06/2026 11:03:32,2282,3.548,HUF,0.131464,790
22/06/2026 11:03:37,2286,3.547931,GOC,0.131234,2181
22/06/2026 11:03:42,2291,3.546076,GOC,0.130947,792
22/06/2026 11:03:46,2296,3.54492,GOC,0.130662,3835
22/06/2026 11:03:50,2300,3.546,HUF,0.130435,3179
22/06/2026 11:03:54,2304,3.545,HUF,0.130208,2655
22/06/2026 11:03:59,2309,3.545,HUF,0.129926,1010
22/06/2026 11:04:04,2313,3.545,HUF,0.129702,775
22/06/2026 11:04:09,2319,3.544,HUF,0.129366,777
22/06/2026 11:04:14,2323,3.543,HUF,0.129143,5638
22/06/2026 11:04:18,2328,3.542,HUF,0.128866,831
22/06/2026 11:04:23,2333,3.542,HUF,0.12859,1699
22/06/2026 11:04:28,2337,3.541,HUF,0.12837,958
22/06/2026 11:04:32,2342,3.54,HUF,0.128096,773
22/06/2026 11:04:37,2346,3.539779,GOC,0.127877,872
22/06/2026 11:04:41,2351,3.539271,GOC,0.127605,867
22/06/2026 11:04:45,2355,3.539,HUF,0.127389,832
22/06/2026 11:04:49,2359,3.539,HUF,0.127173,1250
22/06/2026 11:04:54,2364,3.537,HUF,0.126904,801
22/06/2026 11:04:58,2368,3.537,HUF,0.126689,14150
22/06/2026 11:05:03,2372,3.537,HUF,0.126476,1302
22/06/2026 11:05:06,2376,3.534966,GOC,0.126263,790
22/06/2026 11:05:17,2380,3.535,HUF,0.12605,772
22/06/2026 11:05:19,2389,3.532,HUF,0.125576,777
22/06/2026 11:05:26,2396,3.531663,GOC,0.125209,1012
22/06/2026 11:05:31,2401,3.528305,GOC,0.124948,1151
22/06/2026 11:05:35,2405,3.528,HUF,0.12474,1775
22/06/2026 11:05:39,2409,3.528,HUF,0.124533,1210
22/06/2026 11:05:44,2413,3.89,HUF,0.124327,848
22/06/2026 11:05:48,2418,4.043,HUF,0.124069,1956
22/06/2026 11:05:52,2422,3.79,HUF,0.123865,1160
22/06/2026 11:05:57,2426,3.95548,GOC,0.12366,6289
22/06/2026 11:06:02,2432,4.17,HUF,0.123355,2181
22/06/2026 11:06:10,2439,4.286,HUF,0.123001,783
22/06/2026 11:06:18,2448,4.404,HUF,0.122549,3816
22/06/2026 11:06:24,2453,4.46,HUF,0.122299,2637
22/06/2026 11:06:29,2459,4.531,HUF,0.122001,3174
22/06/2026 11:06:34,2464,4.582,HUF,0.121753,774
22/06/2026 11:06:38,2468,4.633,HUF,0.121556,779
22/06/2026 11:06:42,2472,4.657,HUF,0.121359,781
22/06/2026 11:06:47,2477,4.7,HUF,0.121114,772
22/06/2026 11:06:54,2484,4.774,HUF,0.120773,917
22/06/2026 11:06:58,2488,4.801,HUF,0.120579,779
22/06/2026 11:07:02,2491,4.831051,GOC,0.120434,1220
22/06/2026 11:07:06,2496,4.872066,GOC,0.120192,772
22/06/2026 11:07:10,2500,4.904,HUF,0.12,1328
22/06/2026 11:07:14,2504,4.905,HUF,0.119808,782
22/06/2026 11:07:18,2508,4.907,HUF,0.119617,1263
22/06/2026 11:07:23,2512,4.907,HUF,0.119427,786
22/06/2026 11:07:28,2517,4.91,HUF,0.11919,777
22/06/2026 11:07:32,2522,4.914,HUF,0.118953,787
22/06/2026 11:07:37,2527,4.914,HUF,0.118718,779
22/06/2026 11:07:42,2532,4.917,HUF,0.118483,928
22/06/2026 11:07:46,2536,4.920416,GOC,0.118297,781
22/06/2026 11:07:50,2540,4.92,HUF,0.11811,796
22/06/2026 11:07:54,2544,4.921,HUF,0.117925,784
22/06/2026 11:07:59,2549,4.924,HUF,0.117693,2728
22/06/2026 11:08:03,2553,4.921,HUF,0.117509,1267
22/06/2026 11:08:09,2558,4.921,HUF,0.117279,784
22/06/2026 11:08:12,2562,4.923,HUF,0.117096,774
22/06/2026 11:08:18,2566,4.921098,GOC,0.116913,772
22/06/2026 11:08:22,2572,4.925,HUF,0.116641,1369
22/06/2026 11:08:27,2576,4.925628,GOC,0.11646,773
22/06/2026 11:08:32,2581,4.927137,GOC,0.116234,1351
22/06/2026 11:08:36,2586,4.928532,GOC,0.116009,1076
22/06/2026 11:08:40,2590,4.925,HUF,0.11583,2997
22/06/2026 11:08:45,2594,4.928,HUF,0.115652,952
22/06/2026 11:08:49,2599,4.927,HUF,0.115429,7488
22/06/2026 11:08:54,2604,4.93,HUF,0.115207,916
22/06/2026 11:08:58,2607,4.928,HUF,0.115075,1182
22/06/2026 11:09:02,2612,4.927,HUF,0.114855,785
22/06/2026 11:09:06,2616,4.928822,GOC,0.114679,960
22/06/2026 11:09:10,2620,4.93,HUF,0.114504,776
22/06/2026 11:09:14,2624,4.926,HUF,0.114329,1846
22/06/2026 11:09:18,2628,4.933,HUF,0.114155,4512
22/06/2026 11:09:23,2633,4.931,HUF,0.113938,806
22/06/2026 11:09:28,2637,4.928,HUF,0.113766,780
22/06/2026 11:09:32,2642,4.93,HUF,0.11355,788
22/06/2026 11:09:36,2646,4.92485,GOC,0.113379,1196
22/06/2026 11:09:40,2650,4.931,HUF,0.113208,781
22/06/2026 11:09:46,2656,4.928537,GOC,0.112952,798
22/06/2026 11:09:51,2661,4.92604,GOC,0.11274,1120
22/06/2026 11:09:59,2666,4.931671,GOC,0.112528,822
22/06/2026 11:10:03,2672,4.927,HUF,0.112275,4886
22/06/2026 11:10:07,2677,4.932,HUF,0.112066,1081
22/06/2026 11:10:11,2681,4.932392,GOC,0.111899,784
22/06/2026 11:10:16,2686,4.929994,GOC,0.11169,985
22/06/2026 11:10:22,2692,4.93,HUF,0.111441,785
22/06/2026 11:10:28,2697,4.933,HUF,0.111235,885
22/06/2026 11:10:32,2702,4.932,HUF,0.111029,850
22/06/2026 11:10:36,2706,4.929889,GOC,0.110865,1123
22/06/2026 11:10:42,2711,4.929263,GOC,0.11066,780
22/06/2026 11:10:46,2715,4.931,HUF,0.110497,776
22/06/2026 11:10:49,2719,4.93,HUF,0.110335,1139
22/06/2026 11:10:54,2724,4.931,HUF,0.110132,777
22/06/2026 11:10:58,2728,4.932,HUF,0.109971,3351
22/06/2026 11:11:02,2732,4.931,HUF,0.10981,789
22/06/2026 11:11:07,2737,4.931,HUF,0.109609,979
22/06/2026 11:11:12,2742,4.928,HUF,0.109409,790
22/06/2026 11:11:17,2746,4.930301,GOC,0.10925,1477
22/06/2026 11:11:21,2751,4.931896,GOC,0.109051,1891
22/06/2026 11:11:27,2756,4.930872,GOC,0.108853,1147
22/06/2026 11:11:31,2760,4.932,HUF,0.108696,776
22/06/2026 11:11:35,2765,4.932,HUF,0.108499,6288
22/06/2026 11:11:40,2769,4.934,HUF,0.108342,2794
22/06/2026 11:11:44,2774,4.929,HUF,0.108147,774
22/06/2026 11:11:49,2778,4.932,HUF,0.107991,856
22/06/2026 11:11:53,2783,4.931,HUF,0.107797,787
22/06/2026 11:11:58,2787,4.934,HUF,0.107643,785
22/06/2026 11:12:02,2792,4.933,HUF,0.10745,1316
22/06/2026 11:12:06,2796,4.928502,GOC,0.107296,784
22/06/2026 11:12:10,2800,4.931,HUF,0.107143,2088
22/06/2026 11:12:13,2803,4.932,HUF,0.107028,2038
22/06/2026 11:12:17,2807,4.93,HUF,0.106876,1664
22/06/2026 11:12:22,2811,4.930166,GOC,0.106724,1106
22/06/2026 11:12:25,2815,4.93,HUF,0.106572,778
22/06/2026 11:12:29,2819,4.932,HUF,0.106421,913
22/06/2026 11:12:34,2824,4.929,HUF,0.106232,783
22/06/2026 11:12:39,2829,4.93,HUF,0.106045,2366
22/06/2026 11:12:43,2833,4.933,HUF,0.105895,4339
22/06/2026 11:12:48,2838,4.931,HUF,0.105708,4709
22/06/2026 11:12:52,2842,4.933,HUF,0.105559,779
22/06/2026 11:12:57,2847,4.934,HUF,0.105374,823
22/06/2026 11:13:01,2851,4.932766,GOC,0.105226,924
22/06/2026 11:13:05,2855,4.931,HUF,0.105079,835
22/06/2026 11:13:09,2859,4.932,HUF,0.104932,7768
22/06/2026 11:13:13,2862,4.932,HUF,0.104822,2916
22/06/2026 11:13:17,2867,4.933,HUF,0.104639,3021
22/06/2026 11:13:21,2871,4.934525,GOC,0.104493,1074
22/06/2026 11:13:25,2875,4.936,HUF,0.104348,793
22/06/2026 11:13:29,2879,4.935,HUF,0.104203,774
22/06/2026 11:13:33,2883,4.93,HUF,0.104058,786
22/06/2026 11:13:37,2887,4.934,HUF,0.103914,1154
22/06/2026 11:13:42,2892,4.935,HUF,0.103734,787
22/06/2026 11:13:46,2896,4.930724,GOC,0.103591,771
22/06/2026 11:13:51,2900,4.933,HUF,0.103448,772
22/06/2026 11:13:55,2904,4.933,HUF,0.103306,1060
22/06/2026 11:13:59,2908,4.934,HUF,0.103164,1723
22/06/2026 11:14:03,2913,4.933,HUF,0.102987,1158
22/06/2026 11:14:08,2917,4.934,HUF,0.102845,776
22/06/2026 11:14:12,2922,4.933,HUF,0.102669,785
22/06/2026 11:14:16,2926,4.93403,GOC,0.102529,1971
22/06/2026 11:14:20,2930,4.935,HUF,0.102389,2983
22/06/2026 11:14:24,2934,4.933,HUF,0.102249,784
22/06/2026 11:14:28,2938,4.932,HUF,0.10211,4555
22/06/2026 11:14:33,2942,4.932,HUF,0.101971,1003
22/06/2026 11:14:38,2947,4.933,HUF,0.101798,784
22/06/2026 11:14:43,2952,4.934,HUF,0.101626,833
22/06/2026 11:14:48,2956,4.934859,GOC,0.101489,1523
22/06/2026 11:14:51,2961,4.932747,GOC,0.101317,787
22/06/2026 11:14:55,2965,4.929,HUF,0.10118,775
22/06/2026 11:14:59,2969,4.933,HUF,0.101044,777
22/06/2026 11:15:03,2973,4.935,HUF,0.100908,858
22/06/2026 11:15:08,2977,4.932,HUF,0.100773,810
22/06/2026 11:15:13,2983,4.934,HUF,0.10057,5746
22/06/2026 11:15:21,2986,4.93424,GOC,0.100469,785
22/06/2026 11:15:26,2996,4.935216,GOC,0.100134,779
22/06/2026 11:15:31,3001,4.931958,GOC,0.099967,1145
22/06/2026 11:15:35,3005,4.933,HUF,0.099834,783
22/06/2026 11:15:40,3009,4.935,HUF,0.099701,1524
22/06/2026 11:15:44,3014,4.934,HUF,0.099535,2251
22/06/2026 11:15:49,3019,4.936,HUF,0.099371,781
22/06/2026 11:15:54,3024,4.934,HUF,0.099206,812
22/06/2026 11:15:58,3028,4.936,HUF,0.099075,1979
22/06/2026 11:16:02,3032,4.93,HUF,0.098945,938
22/06/2026 11:16:07,3037,4.934,HUF,0.098782,1613
22/06/2026 11:16:12,3041,4.934054,GOC,0.098652,847
22/06/2026 11:16:17,3046,4.927301,GOC,0.09849,11234